customer_id,churn_probability,top_1_name,top_1_value,top_1_impact,top_2_name,top_2_value,top_2_impact
15565701,0.2778,age,40.0,-0.7514,active_member,0.0,0.372
15565714,0.1258,products_number,2.0,-1.2303,age,49.0,0.9815
15565779,0.2993,age,32.0,-1.2425,products_number,1.0,0.3901
15565796,0.7525,tenure,10.0,-0.5981,age,49.0,1.196
15565878,0.0076,products_number,2.0,-1.3855,credit_utilization,,0.013
15565879,0.0286,products_number,2.0,-1.1946,gender_Female,1.0,0.2413
15565891,0.0251,products_number,2.0,-1.5188,active_member,0.0,0.3398
15565996,0.0329,products_number,2.0,-1.6759,age,46.0,0.3513
15566091,0.4368,age,34.0,-1.1079,products_number,1.0,0.5789
15566111,0.3358,age,40.0,-0.6839,products_number,1.0,0.5063
15566139,0.283,age,39.0,-0.8359,balance,53573.18,0.3216
15566156,0.3786,products_number,2.0,-1.2444,age,46.0,0.5511
15566269,0.0119,age,27.0,-1.3687,active_member,0.0,0.2719
15566292,0.014,products_number,2.0,-1.3734,credit_score,574.0,0.0633
15566295,0.0819,age,35.0,-1.1666,active_member,0.0,0.259
15566380,0.0479,age,35.0,-1.2295,gender_Female,1.0,0.2026
15566467,0.0812,age,34.0,-1.2591,limite_credito,207026.1,0.206
15566543,0.0607,products_number,2.0,-1.6438,active_member,0.0,0.3805
15566594,0.0345,age,24.0,-1.2553,active_member,0.0,0.3346
15566633,0.2056,products_number,2.0,-1.1737,age,56.0,1.437
15566660,0.5541,age,42.0,-0.5607,products_number,3.0,2.3069
15566689,0.0169,active_member,1.0,-1.4494,age,67.0,0.3756
15566735,0.133,products_number,2.0,-1.1713,limite_credito,138492.84,0.2297
15566790,0.0342,age,30.0,-1.0008,limite_credito,114699.26,0.2369
15566843,0.1501,age,21.0,-1.377,country_germany,1.0,0.3676
15566891,0.523,balance,88594.93,-0.3876,products_number,1.0,0.3312
15566894,0.1512,gender_Female,0.0,-0.4792,active_member,0.0,0.2866
15566958,0.0723,gender_Female,0.0,-0.4014,products_number,1.0,0.1255
15567013,0.0292,products_number,2.0,-1.3483,active_member,0.0,0.3262
15567078,0.1103,age,28.0,-1.2864,gender_Female,1.0,0.2501
15567114,0.043,age,36.0,-1.4518,active_member,0.0,0.3233
15567147,0.0143,products_number,2.0,-1.5685,balance,0.0,0.0295
15567246,0.0679,products_number,2.0,-1.0505,limite_credito,229098.39,0.2937
15567328,0.074,age,39.0,-0.5836,credit_utilization,0.5990882937735023,0.0637
15567333,0.053,products_number,2.0,-1.3725,active_member,0.0,0.272
15567335,0.1611,products_number,2.0,-1.5565,cidade_marseille,1.0,0.2666
15567339,0.1075,active_member,1.0,-1.0318,products_number,1.0,0.3825
15567367,0.5232,active_member,1.0,-0.4278,country_germany,1.0,0.3509
15567383,0.3611,products_number,2.0,-1.1576,age,46.0,0.732
15567399,0.6283,active_member,1.0,-0.42,age,44.0,0.4649
15567422,0.0481,products_number,2.0,-1.7257,active_member,0.0,0.3369
15567431,0.1839,active_member,1.0,-1.1708,age,66.0,0.7432
15567437,0.2791,age,31.0,-1.1518,products_number,1.0,0.3133
15567442,0.0271,products_number,2.0,-1.0127,gender_Female,1.0,0.2124
15567446,0.3899,active_member,1.0,-0.4653,country_germany,1.0,0.542
15567486,0.0536,products_number,2.0,-1.3111,gender_Female,1.0,0.2954
15567557,0.0257,age,28.0,-1.4929,products_number,1.0,0.1142
15567725,0.3543,products_number,2.0,-1.0167,age,47.0,0.7133
15567802,0.0453,products_number,2.0,-1.4208,active_member,0.0,0.2694
15567832,0.2309,cidade_lyon,1.0,-0.4497,active_member,0.0,0.3148
15567834,0.4062,active_member,1.0,-0.533,age,51.0,1.3935
15567839,0.1547,active_member,1.0,-0.5095,age,44.0,0.4289
15567855,0.0205,age,30.0,-1.6873,active_member,0.0,0.2969
15567893,0.1978,age,34.0,-1.1706,active_member,0.0,0.3591
15567897,0.0668,age,25.0,-1.4596,products_number,1.0,0.2323
15567919,0.0538,products_number,2.0,-1.2053,limite_credito,145972.32,0.3498
15567923,0.2437,age,32.0,-1.2547,products_number,1.0,0.5505
15567991,0.0403,age,33.0,-1.2257,limite_credito,299468.62,0.3373
15567993,0.0602,age,30.0,-1.3409,active_member,0.0,0.338
15568025,0.345,active_member,1.0,-0.495,age,52.0,1.3033
15568032,0.5989,age,33.0,-1.5033,products_number,3.0,2.6696
15568044,0.0191,products_number,2.0,-1.2476,gender_Female,1.0,0.2715
15568088,0.2517,balance,163714.52,-0.4022,active_member,0.0,0.3101
15568104,0.0277,products_number,2.0,-1.1626,gender_Female,1.0,0.1847
15568106,0.088,products_number,2.0,-0.8278,limite_credito,323304.97,0.2922
15568120,0.123,age,39.0,-0.5823,gender_Female,1.0,0.2062
15568162,0.4837,active_member,1.0,-0.9382,age,54.0,1.5221
15568164,0.0804,age,36.0,-1.0221,limite_credito,213354.16,0.1919
15568238,0.0162,products_number,2.0,-1.2027,cidade_zaragoza,1.0,0.0624
15568240,0.0274,age,32.0,-1.2293,gender_Female,1.0,0.1635
15568326,0.1666,products_number,2.0,-1.5395,age,46.0,0.4011
15568328,0.0411,products_number,2.0,-1.1643,gender_Female,1.0,0.1594
15568360,0.2877,active_member,1.0,-0.5218,age,43.0,0.1547
15568429,0.2385,products_number,2.0,-1.5598,age,47.0,0.4613
15568469,0.0512,products_number,2.0,-1.7398,active_member,0.0,0.2531
15568487,0.0476,age,36.0,-1.1074,products_number,1.0,0.0947
15568506,0.0333,age,33.0,-1.3471,gender_Female,1.0,0.2113
15568519,0.0261,products_number,2.0,-1.5007,active_member,0.0,0.3549
15568562,0.1343,age,42.0,-0.4387,active_member,0.0,0.3579
15568595,0.084,active_member,1.0,-1.2909,age,66.0,0.5647
15568742,0.684,tenure,9.0,-0.1455,products_number,1.0,0.5166
15568834,0.0778,age,29.0,-1.2149,active_member,0.0,0.3378
15568876,0.0379,age,35.0,-1.554,active_member,0.0,0.2744
15568878,0.0235,products_number,2.0,-1.3471,active_member,0.0,0.3068
15568885,0.5509,age,35.0,-1.0144,products_number,1.0,0.477
15568915,0.2073,age,39.0,-0.8012,active_member,0.0,0.2987
15568953,0.0456,age,29.0,-1.4636,credit_score,477.0,0.1429
15568982,0.0263,products_number,2.0,-1.18,gender_Female,1.0,0.1715
15569120,0.0146,products_number,2.0,-1.261,credit_score,615.0,0.0379
15569178,0.2009,age,19.0,-1.4179,active_member,0.0,0.3519
15569187,0.0266,products_number,2.0,-1.3648,active_member,0.0,0.3412
15569209,0.1378,age,35.0,-1.0027,estimated_salary,158668.87,0.2592
15569222,0.0555,age,34.0,-1.2542,products_number,1.0,0.118
15569247,0.2902,active_member,1.0,-0.6533,age,58.0,1.4026
15569264,0.0491,age,34.0,-1.12,limite_credito,537374.19,0.1027
15569266,0.0646,age,29.0,-1.5051,active_member,0.0,0.3479
15569364,0.0303,products_number,2.0,-1.3987,active_member,0.0,0.3006
15569394,0.0564,age,25.0,-1.2851,active_member,0.0,0.3232
15569410,0.0823,age,34.0,-1.1502,gender_Female,1.0,0.2394
15569423,0.0482,products_number,2.0,-1.592,active_member,0.0,0.3374
15569430,0.1874,age,38.0,-0.8135,active_member,0.0,0.286
15569438,0.0319,products_number,2.0,-1.1468,active_member,0.0,0.2886
15569446,0.0891,age,36.0,-1.1225,active_member,0.0,0.2631
15569451,0.061,age,37.0,-0.7815,products_number,1.0,0.1524
15569452,0.2572,products_number,2.0,-1.0832,age,59.0,1.2877
15569503,0.0214,products_number,2.0,-1.7457,age,45.0,0.2932
15569526,0.097,products_number,2.0,-0.9263,active_member,0.0,0.3605
15569595,0.7928,estimated_salary,8199.5,-0.3107,age,52.0,1.3668
15569624,0.1313,age,32.0,-1.2617,active_member,0.0,0.2904
15569626,0.046,age,36.0,-0.9096,limite_credito,239262.85,0.0712
15569654,0.3297,age,32.0,-1.1865,active_member,0.0,0.4302
15569670,0.2376,age,31.0,-1.1665,country_germany,1.0,0.3582
15569678,0.2903,age,33.0,-1.2556,active_member,0.0,0.4089
15569759,0.3955,age,28.0,-1.6711,products_number,3.0,2.2662
15569764,0.6202,age,42.0,-0.3526,products_number,1.0,0.3788
15569867,0.0288,age,31.0,-1.3478,active_member,0.0,0.2004
15569878,0.0511,age,38.0,-0.6285,products_number,1.0,0.1059
15569892,0.0396,age,36.0,-1.139,products_number,1.0,0.1344
15569945,0.0289,age,30.0,-1.3003,active_member,0.0,0.3201
15570004,0.0173,age,32.0,-1.2575,active_member,0.0,0.2832
15570051,0.1669,products_number,2.0,-1.1909,limite_credito,110443.58,0.2985
15570073,0.3767,active_member,1.0,-1.0265,age,59.0,1.2231
15570086,0.0695,age,19.0,-1.3636,products_number,1.0,0.3125
15570134,0.0605,age,36.0,-1.0303,limite_credito,420373.8,0.1923
15570141,0.2193,age,36.0,-1.1292,active_member,0.0,0.3472
15570145,0.0369,age,24.0,-1.4107,active_member,0.0,0.2669
15570192,0.7447,age,41.0,-0.2975,country_germany,1.0,0.4506
15570194,0.0174,age,30.0,-1.2602,active_member,0.0,0.2994
15570205,0.0182,products_number,2.0,-1.4211,balance,0.0,0.0167
15570271,0.101,age,32.0,-1.047,products_number,1.0,0.4765
15570299,0.376,age,33.0,-1.3737,active_member,0.0,0.3999
15570360,0.0976,products_number,2.0,-1.2647,active_member,0.0,0.2962
15570414,0.321,gender_Female,0.0,-0.3628,active_member,0.0,0.4369
15570417,0.0272,products_number,2.0,-1.2778,active_member,0.0,0.3114
15570485,0.2399,age,42.0,-0.5386,active_member,0.0,0.3473
15570508,0.6823,tenure,7.0,-0.4951,age,51.0,1.611
15570629,0.0445,active_member,1.0,-1.032,gender_Female,1.0,0.2146
15570681,0.0392,age,26.0,-1.782,active_member,0.0,0.2531
15570769,0.0496,active_member,1.0,-1.1609,products_number,1.0,0.1414
15570855,0.0129,products_number,2.0,-1.3799,balance,0.0,0.0117
15570857,0.2211,products_number,2.0,-1.071,limite_credito,285878.21,0.3556
15570859,0.0317,products_number,2.0,-1.2425,limite_credito,163008.16,0.2408
15570895,0.3972,tenure,10.0,-0.643,active_member,0.0,0.374
15570908,0.1941,age,31.0,-0.9886,gender_Female,1.0,0.2642
15570912,0.0578,age,33.0,-1.1565,limite_credito,296827.45,0.2957
15570943,0.2697,age,36.0,-0.9053,country_germany,1.0,0.3634
15570947,0.0688,age,30.0,-1.133,gender_Female,1.0,0.2154
15570970,0.0907,products_number,2.0,-1.3749,gender_Female,1.0,0.3322
15570990,0.1634,age,31.0,-1.1882,limite_credito,220243.93,0.2956
15571002,0.4349,cidade_bordeaux,1.0,-0.4111,age,46.0,0.4537
15571081,0.291,active_member,1.0,-0.4389,products_number,1.0,0.1482
15571121,0.3821,active_member,1.0,-0.4986,age,52.0,1.314
15571144,0.0142,products_number,2.0,-1.1944,balance,0.0,0.1359
15571148,0.0451,age,23.0,-1.3206,active_member,0.0,0.3146
15571244,0.0567,products_number,2.0,-1.2294,gender_Female,1.0,0.2986
15571261,0.1342,products_number,2.0,-1.118,gender_Female,1.0,0.1535
15571281,0.0295,age,29.0,-1.3219,credit_utilization,0.6027039151410127,0.0743
15571284,0.0328,age,33.0,-1.2848,limite_credito,80655.54,0.1479
15571302,0.0508,active_member,1.0,-1.028,products_number,1.0,0.2291
15571476,0.1869,age,39.0,-0.9408,active_member,0.0,0.3484
15571550,0.1712,age,40.0,-0.7316,products_number,1.0,0.5311
15571571,0.9272,age,32.0,-1.0089,products_number,3.0,3.7308
15571689,0.0697,products_number,2.0,-1.268,gender_Female,1.0,0.2832
15571752,0.0791,age,34.0,-1.3214,products_number,1.0,0.2433
15571756,0.2353,age,29.0,-1.4261,products_number,1.0,0.5314
15571816,0.1104,active_member,1.0,-1.0174,products_number,1.0,0.3494
15571843,0.1737,age,25.0,-1.4888,products_number,1.0,0.4867
15571873,0.0359,age,25.0,-1.3158,products_number,1.0,0.0901
15571917,0.1847,products_number,2.0,-1.2243,limite_credito,263295.77,0.3128
15571958,0.1778,age,42.0,-0.5369,active_member,0.0,0.2934
15571973,0.2737,age,39.0,-0.8264,gender_Female,1.0,0.2545
15571995,0.0706,age,35.0,-1.1453,gender_Female,1.0,0.1898
15572021,0.0785,age,31.0,-1.2819,active_member,0.0,0.3313
15572022,0.182,age,38.0,-0.6217,products_number,1.0,0.4667
15572051,0.3334,active_member,1.0,-0.4097,products_number,1.0,0.5848
15572073,0.0182,products_number,2.0,-1.2888,balance,0.0,0.0365
15572093,0.1885,age,25.0,-1.4389,active_member,0.0,0.3308
15572114,0.0982,active_member,1.0,-0.442,products_number,1.0,0.1243
15572145,0.0291,products_number,2.0,-1.2761,active_member,0.0,0.2758
15572158,0.2163,age,42.0,-0.6063,products_number,1.0,0.4576
15572174,0.0516,age,31.0,-1.012,limite_credito,227683.32,0.3071
15572265,0.1442,products_number,2.0,-1.5534,age,48.0,0.5874
15572291,0.265,gender_Female,0.0,-0.3704,active_member,0.0,0.346
15572294,0.1,age,29.0,-1.5726,products_number,1.0,0.4683
15572356,0.1279,active_member,1.0,-0.9508,products_number,1.0,0.1176
15572360,0.0685,age,31.0,-1.4536,active_member,0.0,0.3375
15572361,0.2498,age,36.0,-0.9071,products_number,1.0,0.4546
15572374,0.01,products_number,2.0,-1.3942,balance,0.0,0.0208
15572390,0.0803,products_number,2.0,-1.3699,gender_Female,1.0,0.3334
15572408,0.1242,products_number,2.0,-1.3306,active_member,0.0,0.3472
15572428,0.219,age,34.0,-1.254,country_germany,1.0,0.3184
15572461,0.1425,age,30.0,-1.348,active_member,0.0,0.3429
15572467,0.0199,products_number,2.0,-1.3421,balance,0.0,0.0737
15572626,0.0204,products_number,2.0,-1.6297,age,45.0,0.3181
15572631,0.0515,age,27.0,-1.453,products_number,1.0,0.4037
15572657,0.0581,age,30.0,-1.1752,cidade_paris,1.0,0.1571
15572706,0.1875,age,39.0,-0.9614,products_number,1.0,0.5031
15572728,0.1439,age,37.0,-0.9599,active_member,0.0,0.3932
15572735,0.0156,products_number,2.0,-1.2853,country_spain,1.0,0.03
15572767,0.0332,products_number,2.0,-1.2492,active_member,0.0,0.3442
15572777,0.2694,active_member,1.0,-0.6276,age,49.0,1.0334
15572792,0.1099,age,37.0,-0.6873,products_number,1.0,0.1424
15572801,0.0789,age,36.0,-1.1387,limite_credito,179176.73,0.3358
15573045,0.1071,active_member,1.0,-1.3093,age,64.0,0.9266
15573086,0.1554,active_member,1.0,-0.5964,age,44.0,0.3826
15573112,0.1676,age,31.0,-1.2774,active_member,0.0,0.3879
15573152,0.0819,products_number,2.0,-1.3566,active_member,0.0,0.3043
15573242,0.2628,active_member,1.0,-0.6864,age,51.0,1.308
15573278,0.0308,products_number,2.0,-1.4288,active_member,0.0,0.3059
15573280,0.1333,products_number,2.0,-1.4695,age,52.0,1.0775
15573284,0.0734,products_number,2.0,-1.5315,active_member,0.0,0.3907
15573309,0.0985,products_number,2.0,-1.341,age,50.0,0.9559
15573318,0.0353,age,27.0,-1.2451,active_member,0.0,0.2956
15573319,0.1977,age,36.0,-0.7541,products_number,1.0,0.4325
15573348,0.0517,age,37.0,-0.7658,products_number,1.0,0.1032
15573452,0.6839,tenure,7.0,-0.3401,country_germany,1.0,0.3951
15573730,0.1993,products_number,2.0,-1.4202,limite_credito,181017.43,0.3068
15573741,0.0604,tenure,10.0,-0.5408,limite_credito,252104.35,0.0449
15573769,0.0397,age,25.0,-1.3592,active_member,0.0,0.2844
15573798,0.1262,products_number,2.0,-0.8939,limite_credito,224725.85,0.2876
15573854,0.0459,products_number,2.0,-1.2966,age,64.0,0.926
15573876,0.2574,products_number,2.0,-1.4549,age,50.0,1.3425
15573893,0.0277,products_number,2.0,-1.1038,limite_credito,104921.82,0.17
15573926,0.0612,age,39.0,-0.8638,limite_credito,192089.57,0.3213
15573971,0.0573,products_number,2.0,-1.7049,active_member,0.0,0.4432
15574004,0.0588,age,29.0,-1.2057,limite_credito,314017.32,0.229
15574071,0.0292,age,25.0,-1.1495,limite_credito,193057.84,0.1188
15574072,0.3437,active_member,1.0,-1.1069,age,64.0,0.5869
15574115,0.0878,products_number,2.0,-0.9343,gender_Female,1.0,0.1952
15574119,0.2861,active_member,1.0,-1.061,age,66.0,0.6077
15574122,0.0578,age,35.0,-1.3687,active_member,0.0,0.3268
15574137,0.0132,products_number,2.0,-1.4384,balance,0.0,0.017
15574142,0.0301,age,30.0,-1.1059,gender_Female,1.0,0.1166
15574167,0.0534,age,35.0,-1.2401,products_number,1.0,0.1745
15574169,0.3169,age,33.0,-1.3835,active_member,0.0,0.4482
15574206,0.054,products_number,2.0,-1.3134,gender_Female,1.0,0.3545
15574237,0.0265,products_number,2.0,-1.1981,gender_Female,1.0,0.2039
15574283,0.0206,products_number,2.0,-1.1856,credit_score,580.0,0.0977
15574296,0.0615,age,25.0,-1.4662,active_member,0.0,0.3087
15574305,0.096,age,37.0,-0.7367,products_number,1.0,0.1993
15574324,0.04,age,31.0,-1.2,gender_Female,1.0,0.1638
15574369,0.3198,active_member,1.0,-0.9782,age,55.0,1.5283
15574372,0.0796,age,36.0,-1.1355,active_member,0.0,0.3425
15574480,0.1205,age,33.0,-1.3923,active_member,0.0,0.3739
15574523,0.0224,products_number,2.0,-1.4473,balance,0.0,0.1031
15574554,0.093,active_member,1.0,-1.4081,age,67.0,0.3322
15574558,0.0144,products_number,2.0,-1.2819,cidade_bilbao,1.0,0.0703
15574584,0.0319,age,35.0,-1.2388,products_number,1.0,0.1365
15574608,0.0572,age,37.0,-0.74,products_number,1.0,0.1153
15574743,0.153,age,30.0,-1.1849,products_number,1.0,0.4698
15574795,0.2829,age,40.0,-0.3855,products_number,1.0,0.1956
15574842,0.2137,age,27.0,-1.6354,products_number,3.0,2.663
15574858,0.0131,products_number,2.0,-1.294,credit_score,530.0,0.0496
15574868,0.0747,products_number,2.0,-1.3472,active_member,0.0,0.3605
15574879,0.0777,products_number,2.0,-1.194,country_germany,1.0,0.1416
15574886,0.045,age,33.0,-1.2766,products_number,1.0,0.0943
15574910,0.7628,gender_Female,0.0,-0.2428,age,52.0,1.3343
15574947,0.0321,products_number,2.0,-0.8724,limite_credito,81096.14,0.2073
15575002,0.0767,age,30.0,-1.4622,active_member,0.0,0.3781
15575024,0.0139,products_number,2.0,-1.2394,estimated_salary,143954.99,0.0231
15575060,0.0253,age,26.0,-1.3221,active_member,0.0,0.2824
15575146,0.2271,products_number,2.0,-1.2662,age,52.0,1.2043
15575185,0.1368,age,34.0,-1.0316,products_number,1.0,0.2097
15575214,0.1659,age,38.0,-0.9866,products_number,1.0,0.5178
15575243,0.1313,products_number,2.0,-0.8211,limite_credito,231393.41,0.2166
15575247,0.0223,age,32.0,-1.377,active_member,0.0,0.2932
15575391,0.0951,products_number,2.0,-1.2729,gender_Female,1.0,0.2837
15575399,0.1593,products_number,2.0,-1.0603,limite_credito,319298.61,0.2409
15575409,0.4266,age,32.0,-1.1415,country_germany,1.0,0.4558
15575410,0.1883,products_number,2.0,-1.1772,active_member,0.0,0.3355
15575430,0.0589,age,34.0,-1.364,products_number,1.0,0.1571
15575438,0.1703,active_member,1.0,-0.4475,age,43.0,0.2552
15575445,0.1745,age,42.0,-0.5451,active_member,0.0,0.4011
15575486,0.0321,age,29.0,-1.3274,gender_Female,1.0,0.1651
15575492,0.0859,products_number,2.0,-1.3847,active_member,0.0,0.3232
15575498,0.2705,products_number,2.0,-0.9263,limite_credito,186002.4,0.3474
15575510,0.1592,age,33.0,-1.1966,products_number,1.0,0.1753
15575581,0.1083,age,31.0,-1.2666,active_member,0.0,0.3209
15575605,0.0213,products_number,2.0,-1.5683,credit_score,725.0,0.0651
15575619,0.086,age,33.0,-1.085,products_number,1.0,0.1869
15575623,0.195,age,32.0,-1.2611,active_member,0.0,0.367
15575676,0.0092,products_number,2.0,-1.2375,credit_utilization,,0.0154
15575679,0.0649,age,25.0,-1.5595,active_member,0.0,0.348
15575691,0.104,products_number,2.0,-1.3829,age,59.0,1.1317
15575694,0.2745,products_number,2.0,-1.0804,age,47.0,0.3911
15575748,0.0547,products_number,2.0,-0.8495,limite_credito,108712.66,0.3198
15575883,0.0275,age,36.0,-1.3001,active_member,0.0,0.295
15575955,0.0296,age,25.0,-1.4875,active_member,0.0,0.2854
15576000,0.0989,active_member,1.0,-0.5003,products_number,1.0,0.1311
15576022,0.0131,products_number,2.0,-1.4115,balance,0.0,0.0335
15576044,0.2298,age,29.0,-1.4102,active_member,0.0,0.434
15576077,0.0764,age,28.0,-1.2604,products_number,1.0,0.1593
15576085,0.034,products_number,2.0,-1.6763,active_member,0.0,0.3169
15576094,0.0258,products_number,2.0,-1.137,age,72.0,0.0797
15576111,0.2883,age,34.0,-1.4406,active_member,0.0,0.4449
15576124,0.4683,age,42.0,-0.336,balance,40488.76,0.2997
15576126,0.1573,active_member,1.0,-0.4105,products_number,1.0,0.1467
15576131,0.0204,products_number,2.0,-1.5698,active_member,0.0,0.2429
15576156,0.3811,age,29.0,-1.2972,products_number,1.0,0.5569
15576162,0.0277,age,34.0,-1.2448,products_number,1.0,0.0714
15576185,0.0137,products_number,2.0,-1.246,credit_utilization,,0.0222
15576219,0.0121,products_number,2.0,-1.2158,balance,0.0,0.0658
15576256,0.0175,products_number,2.0,-1.5477,balance,0.0,0.0408
15576263,0.1945,age,24.0,-1.5003,products_number,1.0,0.5323
15576269,0.0215,products_number,2.0,-1.345,active_member,0.0,0.33
15576313,0.431,balance,71340.09,-0.4011,products_number,1.0,0.3495
15576352,0.1441,products_number,2.0,-1.3126,age,59.0,1.1814
15576360,0.071,active_member,1.0,-0.505,products_number,1.0,0.1584
15576368,0.6184,products_number,2.0,-1.1513,age,49.0,1.0117
15576517,0.0514,age,36.0,-1.0126,gender_Female,1.0,0.3011
15576526,0.019,products_number,2.0,-1.3951,estimated_salary,41291.05,0.0637
15576602,0.0117,products_number,2.0,-1.4636,balance,0.0,0.0372
15576615,0.0908,age,38.0,-1.0326,active_member,0.0,0.3356
15576623,0.0192,age,33.0,-1.2845,active_member,0.0,0.3572
15576641,0.0776,products_number,2.0,-1.1275,limite_credito,271798.38,0.4189
15576676,0.0774,age,30.0,-1.2063,limite_credito,288678.75,0.1697
15576680,0.022,age,31.0,-1.3867,active_member,0.0,0.307
15576706,0.3805,age,39.0,-0.5595,country_germany,1.0,0.5004
15576714,0.0329,products_number,2.0,-1.2689,gender_Female,1.0,0.2151
15576723,0.052,products_number,2.0,-1.3961,gender_Female,1.0,0.2892
15576745,0.0722,products_number,2.0,-1.3091,age,50.0,1.0197
15576760,0.0551,products_number,2.0,-1.1496,active_member,0.0,0.3094
15576774,0.0552,products_number,2.0,-1.387,gender_Female,1.0,0.2436
15576928,0.2576,age,24.0,-1.4733,products_number,1.0,0.534
15576945,0.1033,age,30.0,-1.6733,products_number,1.0,0.4764
15576990,0.3158,age,26.0,-1.3753,products_number,1.0,0.4119
15577018,0.3436,age,28.0,-1.5668,active_member,0.0,0.4018
15577064,0.2219,products_number,2.0,-1.138,limite_credito,177168.26,0.3707
15577170,0.06,active_member,1.0,-1.2619,age,62.0,0.7079
15577398,0.0413,age,31.0,-1.1717,products_number,1.0,0.0775
15577402,0.017,products_number,2.0,-1.2294,credit_score,593.0,0.045
15577478,0.1533,active_member,1.0,-0.9496,products_number,1.0,0.3562
15577514,0.4778,age,38.0,-0.6664,country_germany,1.0,0.4446
15577598,0.1292,age,25.0,-1.2573,active_member,0.0,0.3485
15577657,0.0172,products_number,2.0,-1.6871,estimated_salary,170886.17,0.0597
15577683,0.0338,products_number,2.0,-1.1762,gender_Female,1.0,0.1715
15577695,0.1816,gender_Female,0.0,-0.3997,active_member,0.0,0.3296
15577700,0.0509,products_number,2.0,-0.8446,limite_credito,215366.22,0.3508
15577751,0.3616,age,32.0,-1.241,products_number,1.0,0.4397
15577806,0.544,active_member,1.0,-0.8121,age,55.0,1.5073
15577831,0.4859,age,42.0,-0.4004,country_germany,1.0,0.4511
15577905,0.0233,age,35.0,-1.0828,estimated_salary,182262.66,0.1137
15577913,0.0919,age,33.0,-1.2548,gender_Female,1.0,0.2538
15577970,0.1404,age,35.0,-1.3063,products_number,1.0,0.4747
15577985,0.0572,age,36.0,-0.967,gender_Female,1.0,0.1953
15577988,0.0366,products_number,2.0,-1.227,gender_Female,1.0,0.2399
15578006,0.0248,products_number,2.0,-0.9985,gender_Female,1.0,0.212
15578073,0.0336,products_number,2.0,-1.2909,active_member,0.0,0.3397
15578096,0.0591,age,27.0,-1.6636,active_member,0.0,0.1338
15578098,0.0122,products_number,2.0,-1.2281,credit_score,600.0,0.0509
15578156,0.0425,age,34.0,-1.0903,credit_utilization,1.0947793576910354,0.0873
15578186,0.0776,products_number,2.0,-1.0247,limite_credito,238373.95,0.3232
15578211,0.0172,products_number,2.0,-1.2398,balance,0.0,0.076
15578238,0.0643,products_number,2.0,-1.6719,age,48.0,0.4828
15578251,0.1006,products_number,2.0,-0.8486,active_member,0.0,0.3004
15578307,0.0733,age,35.0,-1.0082,limite_credito,139421.07,0.2404
15578369,0.4943,age,38.0,-0.8741,products_number,1.0,0.3889
15578374,0.1077,age,37.0,-0.9405,active_member,0.0,0.3231
15578375,0.0337,products_number,2.0,-1.6374,active_member,0.0,0.3276
15578462,0.0483,active_member,1.0,-0.8473,gender_Female,1.0,0.212
15578515,0.0653,products_number,2.0,-1.3574,active_member,0.0,0.3155
15578546,0.0858,age,27.0,-1.499,country_germany,1.0,0.3258
15578648,0.8659,gender_Female,0.0,-0.2229,age,50.0,1.2949
15578722,0.0197,products_number,2.0,-1.6056,active_member,0.0,0.2211
15578738,0.0535,age,33.0,-1.3138,products_number,1.0,0.1086
15578747,0.0688,age,28.0,-1.0275,products_number,1.0,0.2091
15578783,0.1373,age,37.0,-0.6899,country_germany,1.0,0.377
15578788,0.0251,products_number,2.0,-1.4478,active_member,0.0,0.3357
15578825,0.159,age,31.0,-1.2791,active_member,0.0,0.3807
15578835,0.393,active_member,1.0,-0.7162,age,52.0,1.1869
15578866,0.4307,active_member,1.0,-0.4743,age,45.0,0.5609
15578878,0.1666,age,32.0,-0.9053,products_number,1.0,0.1674
15578908,0.0254,products_number,2.0,-1.2326,gender_Female,1.0,0.2124
15578977,0.0196,products_number,2.0,-1.2699,active_member,0.0,0.3027
15578980,0.0305,products_number,2.0,-1.2039,gender_Female,1.0,0.1851
15579040,0.2435,products_number,2.0,-1.4698,age,48.0,0.707
15579062,0.0147,age,33.0,-1.3286,active_member,0.0,0.3047
15579074,0.1589,tenure,10.0,-0.5985,country_germany,1.0,0.3279
15579109,0.1539,age,37.0,-0.6976,products_number,1.0,0.4338
15579112,0.0485,products_number,2.0,-1.6981,age,49.0,0.8883
15579131,0.0081,products_number,2.0,-1.1862,balance,0.0,0.0337
15579166,0.1285,age,31.0,-1.1589,gender_Female,1.0,0.2489
15579183,0.0812,products_number,2.0,-1.2871,age,65.0,1.0906
15579189,0.0909,products_number,2.0,-1.4122,gender_Female,1.0,0.3062
15579207,0.1335,age,38.0,-1.0649,active_member,0.0,0.2944
15579208,0.0753,products_number,2.0,-1.5387,age,49.0,0.8691
15579223,0.254,age,31.0,-1.3271,active_member,0.0,0.4226
15579287,0.0188,products_number,2.0,-1.2673,credit_score,581.0,0.047
15579345,0.1536,active_member,1.0,-0.8056,products_number,1.0,0.2107
15579387,0.3701,products_number,2.0,-1.095,age,46.0,0.6826
15579433,0.066,age,31.0,-1.2886,limite_credito,135949.07,0.3045
15579548,0.0189,products_number,2.0,-1.3883,active_member,0.0,0.3141
15579559,0.0517,age,31.0,-0.9958,country_france,0.0,0.0617
15579583,0.1314,cidade_madrid,1.0,-0.5049,gender_Female,1.0,0.1596
15579616,0.0652,products_number,2.0,-1.5489,gender_Female,1.0,0.3307
15579647,0.4112,active_member,1.0,-0.4542,products_number,1.0,0.5036
15579714,0.0268,products_number,2.0,-1.3052,gender_Female,1.0,0.2221
15579777,0.0329,products_number,2.0,-1.7514,active_member,0.0,0.3152
15579781,0.1383,age,33.0,-1.4594,active_member,0.0,0.3762
15579787,0.0243,products_number,2.0,-1.568,active_member,0.0,0.3078
15579808,0.6024,active_member,1.0,-0.4361,country_germany,1.0,0.4795
15579820,0.1929,age,40.0,-0.7899,active_member,0.0,0.2823
15579826,0.6735,credit_score,439.0,-0.4649,active_member,0.0,0.9176
15579891,0.3656,active_member,1.0,-0.9408,age,54.0,1.5964
15579892,0.098,age,21.0,-0.7406,country_france,0.0,0.0959
15579914,0.0551,products_number,2.0,-1.0749,limite_credito,163582.63,0.2504
15579915,0.0321,age,30.0,-1.2802,active_member,0.0,0.3272
15579969,0.0212,products_number,2.0,-1.1783,gender_Female,1.0,0.1364
15579994,0.0575,age,25.0,-1.3047,products_number,1.0,0.1147
15579996,0.2014,age,26.0,-1.4013,products_number,1.0,0.3948
15580043,0.1084,age,23.0,-0.9924,gender_Female,1.0,0.216
15580068,0.0191,products_number,2.0,-1.2992,credit_score,526.0,0.0824
15580134,0.0467,age,28.0,-1.2775,cidade_bilbao,1.0,0.0797
15580146,0.1351,age,33.0,-1.3558,active_member,0.0,0.3578
15580149,0.0331,products_number,2.0,-1.6312,active_member,0.0,0.3472
15580203,0.1773,age,41.0,-0.5855,active_member,0.0,0.3828
15580227,0.0187,products_number,2.0,-1.35,active_member,0.0,0.2794
15580249,0.7453,gender_Female,0.0,-0.2602,age,47.0,0.9412
15580252,0.2003,active_member,1.0,-0.5486,age,46.0,0.5567
15580366,0.2705,products_number,2.0,-1.2725,age,56.0,1.5111
15580462,0.1233,active_member,1.0,-0.4463,products_number,1.0,0.1274
15580487,0.0336,products_number,2.0,-1.3076,limite_credito,319628.55,0.3437
15580493,0.0513,age,34.0,-1.5259,active_member,0.0,0.2983
15580560,0.1801,active_member,1.0,-0.9434,products_number,1.0,0.3537
15580629,0.0933,age,32.0,-1.3151,active_member,0.0,0.2737
15580682,0.1648,products_number,2.0,-0.8841,gender_Female,1.0,0.2351
15580684,0.1884,age,31.0,-1.1964,active_member,0.0,0.3792
15580719,0.023,age,25.0,-1.2658,gender_Female,1.0,0.26
15580805,0.0179,age,29.0,-1.3965,active_member,0.0,0.3503
15580845,0.63,active_member,1.0,-0.8079,age,58.0,1.535
15580872,0.2553,products_number,2.0,-1.1065,active_member,0.0,0.2814
15580935,0.0898,age,34.0,-1.2639,active_member,0.0,0.3831
15580953,0.0743,age,31.0,-1.1347,products_number,1.0,0.0859
15580988,0.0089,products_number,2.0,-1.2005,balance,0.0,0.0333
15581089,0.0196,products_number,2.0,-1.3533,estimated_salary,43036.6,0.046
15581102,0.0206,age,24.0,-1.1953,gender_Female,1.0,0.1042
15581115,0.2892,age,40.0,-0.5991,active_member,0.0,0.3395
15581197,0.5231,active_member,1.0,-0.6504,age,53.0,1.411
15581229,0.1022,age,34.0,-1.2898,products_number,1.0,0.263
15581237,0.0721,age,35.0,-0.929,products_number,1.0,0.1248
15581252,0.152,age,30.0,-1.2448,active_member,0.0,0.4331
15581280,0.1169,age,31.0,-1.1602,products_number,1.0,0.2798
15581282,0.3416,age,40.0,-0.7429,products_number,1.0,0.5457
15581286,0.183,active_member,1.0,-0.4327,products_number,1.0,0.1667
15581295,0.7123,tenure,1.0,-0.2934,age,46.0,0.4964
15581323,0.0668,age,30.0,-1.3383,active_member,0.0,0.3067
15581332,0.051,age,31.0,-1.2892,gender_Female,1.0,0.1699
15581370,0.1186,products_number,2.0,-0.8013,limite_credito,143806.28,0.409
15581388,0.0961,age,34.0,-1.2676,active_member,0.0,0.3834
15581479,0.0195,age,32.0,-1.4812,products_number,1.0,0.2357
15581505,0.0299,products_number,2.0,-1.3206,active_member,0.0,0.3231
15581525,0.0473,age,34.0,-1.3133,active_member,0.0,0.3581
15581526,0.0425,products_number,2.0,-1.6403,active_member,0.0,0.2483
15581539,0.0406,products_number,2.0,-1.3461,active_member,0.0,0.2939
15581548,0.2109,age,24.0,-1.1631,active_member,0.0,0.3748
15581551,0.1449,active_member,1.0,-0.4616,products_number,1.0,0.1552
15581620,0.133,age,29.0,-1.7198,products_number,3.0,2.4945
15581654,0.0085,products_number,2.0,-1.2451,balance,0.0,0.0845
15581700,0.4585,active_member,1.0,-0.5091,age,45.0,0.6957
15581733,0.0479,age,29.0,-1.3146,active_member,0.0,0.3286
15581736,0.0688,products_number,2.0,-1.4583,age,48.0,0.745
15581811,0.057,age,31.0,-1.1276,gender_Female,1.0,0.1707
15581840,0.0262,products_number,2.0,-1.28,active_member,0.0,0.3346
15581871,0.074,products_number,2.0,-1.2345,limite_credito,382018.65,0.3066
15581968,0.0195,products_number,2.0,-1.2416,gender_Female,1.0,0.187
15582016,0.1829,products_number,2.0,-0.8929,limite_credito,109971.76,0.3854
15582066,0.0903,age,22.0,-1.4737,products_number,1.0,0.4818
15582149,0.0802,products_number,2.0,-1.1268,gender_Female,1.0,0.2819
15582154,0.5355,active_member,1.0,-0.4456,age,46.0,0.5725
15582168,0.7972,products_number,2.0,-0.9772,age,62.0,2.0146
15582180,0.067,age,31.0,-1.1206,estimated_salary,173870.39,0.1438
15582246,0.123,products_number,2.0,-1.4586,age,46.0,0.4143
15582259,0.0417,products_number,2.0,-1.2899,gender_Female,1.0,0.2594
15582276,0.0608,age,36.0,-1.0425,products_number,1.0,0.0983
15582335,0.315,cidade_lyon,1.0,-0.4526,active_member,0.0,0.3195
15582404,0.0428,age,27.0,-1.3791,active_member,0.0,0.3088
15582492,0.1866,age,31.0,-1.3437,active_member,0.0,0.3203
15582591,0.2022,active_member,1.0,-1.2253,age,61.0,0.8784
15582616,0.0507,products_number,2.0,-1.3435,active_member,0.0,0.2752
15582762,0.0559,age,78.0,-0.973,products_number,1.0,0.3779
15582797,0.174,age,37.0,-0.9671,active_member,0.0,0.3175
15582841,0.0085,products_number,2.0,-1.2506,credit_score,600.0,0.0388
15582847,0.0132,age,28.0,-1.2668,balance,0.0,0.0198
15582903,0.0123,products_number,2.0,-1.649,estimated_salary,170392.59,0.0569
15582944,0.0633,products_number,2.0,-1.3227,gender_Female,1.0,0.2732
15582960,0.1205,age,35.0,-1.0351,gender_Female,1.0,0.2101
15583026,0.1772,age,39.0,-0.9014,active_member,0.0,0.318
15583033,0.0263,products_number,2.0,-1.1686,gender_Female,1.0,0.1857
15583049,0.2054,age,35.0,-0.9357,products_number,1.0,0.3726
15583067,0.1572,age,38.0,-0.5852,products_number,1.0,0.1738
15583076,0.0721,products_number,2.0,-1.2794,active_member,0.0,0.309
15583090,0.0317,age,30.0,-1.4036,active_member,0.0,0.3328
15583138,0.1578,products_number,2.0,-1.2067,active_member,0.0,0.3124
15583212,0.3771,estimated_salary,194764.83,-0.3198,active_member,0.0,0.2659
15583221,0.0628,active_member,1.0,-1.215,limite_credito,182998.41,0.2016
15583278,0.1306,age,38.0,-0.6393,gender_Female,1.0,0.2287
15583303,0.1848,age,31.0,-1.2235,active_member,0.0,0.3707
15583364,0.2015,age,34.0,-1.2364,active_member,0.0,0.388
15583394,0.0454,products_number,2.0,-1.2785,limite_credito,162933.86,0.2653
15583480,0.038,products_number,2.0,-1.2622,gender_Female,1.0,0.3012
15583499,0.0332,age,34.0,-1.4017,products_number,1.0,0.1156
15583552,0.6261,balance,88902.21,-0.3913,age,46.0,0.6429
15583576,0.1381,age,32.0,-1.1834,products_number,1.0,0.4579
15583595,0.1096,age,30.0,-1.274,products_number,1.0,0.4816
15583668,0.4503,active_member,1.0,-0.4428,age,43.0,0.2318
15583680,0.3809,active_member,1.0,-0.4602,products_number,1.0,0.5037
15583681,0.0258,age,33.0,-1.2273,limite_credito,104522.57,0.2253
15583692,0.0974,products_number,2.0,-1.1421,active_member,0.0,0.3439
15583718,0.3948,active_member,1.0,-0.4081,country_germany,1.0,0.5088
15583724,0.0522,products_number,2.0,-1.249,gender_Female,1.0,0.252
15583725,0.3603,active_member,1.0,-0.7089,age,50.0,1.3823
15583736,0.0823,products_number,2.0,-1.1437,active_member,0.0,0.3288
15583748,0.0285,products_number,2.0,-1.4013,active_member,0.0,0.3106
15583755,0.1594,age,35.0,-0.9277,products_number,1.0,0.3811
15583764,0.2987,age,33.0,-1.4236,country_germany,1.0,0.4687
15583849,0.0264,products_number,2.0,-1.5009,active_member,0.0,0.3687
15583850,0.1719,active_member,1.0,-1.164,cidade_cologne,1.0,0.3269
15583857,0.381,products_number,2.0,-0.8428,limite_credito,214661.98,0.2894
15584114,0.1307,products_number,2.0,-1.1685,gender_Female,1.0,0.2309
15584190,0.0286,products_number,2.0,-0.9311,limite_credito,88639.71,0.1483
15584229,0.2483,age,25.0,-1.3495,products_number,1.0,0.3022
15584271,0.2494,active_member,1.0,-1.0826,age,60.0,1.0168
15584288,0.0298,products_number,2.0,-1.2187,gender_Female,1.0,0.1845
15584320,0.3673,age,41.0,-0.4001,active_member,0.0,0.3173
15584338,0.1095,products_number,2.0,-1.4062,active_member,0.0,0.298
15584363,0.0175,age,31.0,-1.247,products_number,1.0,0.0911
15584452,0.0356,products_number,2.0,-1.7748,active_member,0.0,0.3138
15584453,0.0085,products_number,2.0,-1.2989,credit_score,555.0,0.0566
15584462,0.123,age,36.0,-1.237,products_number,1.0,0.4956
15584477,0.101,age,37.0,-0.7213,products_number,1.0,0.1574
15584505,0.0621,age,25.0,-1.5805,active_member,0.0,0.2388
15584518,0.484,products_number,2.0,-1.0217,age,52.0,1.2703
15584545,0.0678,products_number,2.0,-1.438,estimated_salary,177099.71,0.2935
15584580,0.0868,age,37.0,-1.0585,active_member,0.0,0.2143
15584704,0.4072,tenure,10.0,-0.6609,age,50.0,1.2248
15584749,0.4318,age,40.0,-0.6555,country_germany,1.0,0.4228
15584766,0.0539,age,35.0,-1.0835,balance,54503.55,0.2798
15584776,0.2508,age,39.0,-0.8955,active_member,0.0,0.3255
15584785,0.0867,age,38.0,-0.9727,active_member,0.0,0.2237
15584812,0.0385,products_number,2.0,-1.3477,active_member,0.0,0.2729
15584897,0.1881,age,33.0,-1.2972,active_member,0.0,0.4042
15584899,0.0481,products_number,2.0,-1.2597,gender_Female,1.0,0.3086
15584928,0.0862,age,33.0,-1.2154,gender_Female,1.0,0.1911
15584930,0.0963,age,31.0,-1.163,active_member,0.0,0.3526
15584967,0.0366,products_number,2.0,-1.443,age,59.0,1.0739
15585036,0.0485,products_number,2.0,-1.315,gender_Female,1.0,0.2385
15585041,0.0131,products_number,2.0,-1.2519,estimated_salary,158313.87,0.0447
15585047,0.0344,age,29.0,-1.379,active_member,0.0,0.2806
15585106,0.0948,products_number,2.0,-1.2644,active_member,0.0,0.2634
15585133,0.0345,age,28.0,-1.4807,active_member,0.0,0.332
15585192,0.0996,tenure,10.0,-0.5872,active_member,0.0,0.4252
15585215,0.0459,products_number,2.0,-1.2766,active_member,0.0,0.2901
15585222,0.0217,products_number,2.0,-1.5952,credit_score,515.0,0.1209
15585241,0.1028,age,31.0,-1.1354,active_member,0.0,0.3329
15585255,0.4934,gender_Female,0.0,-0.3752,products_number,1.0,0.5377
15585256,0.0141,products_number,2.0,-1.2476,cidade_bilbao,1.0,0.0865
15585280,0.0409,products_number,2.0,-1.3258,gender_Female,1.0,0.251
15585282,0.1062,active_member,1.0,-1.221,age,64.0,0.9691
15585284,0.151,age,37.0,-0.642,products_number,1.0,0.1542
15585379,0.1071,age,40.0,-0.6611,active_member,0.0,0.2855
15585388,0.0667,age,33.0,-1.0565,limite_credito,324023.15,0.2479
15585427,0.0609,age,28.0,-1.5581,active_member,0.0,0.2721
15585451,0.1523,age,33.0,-1.4967,products_number,1.0,0.3238
15585455,0.014,age,30.0,-1.5126,active_member,0.0,0.3256
15585466,0.0278,age,30.0,-1.2726,active_member,0.0,0.3769
15585490,0.202,age,35.0,-1.0272,products_number,1.0,0.4887
15585595,0.0273,age,30.0,-1.3623,gender_Female,1.0,0.1387
15585599,0.0417,products_number,2.0,-1.2309,gender_Female,1.0,0.2198
15585748,0.0873,age,30.0,-1.1548,limite_credito,140569.27,0.2395
15585768,0.0767,products_number,2.0,-1.2708,limite_credito,112585.99,0.3109
15585777,0.0741,age,39.0,-0.5903,products_number,1.0,0.0902
15585823,0.0727,age,32.0,-1.311,active_member,0.0,0.3424
15585839,0.0337,products_number,2.0,-1.4462,active_member,0.0,0.3085
15585855,0.2523,active_member,1.0,-0.3933,products_number,1.0,0.5581
15585867,0.0243,products_number,2.0,-1.3799,credit_score,596.0,0.0639
15585892,0.3871,age,36.0,-1.1072,products_number,1.0,0.477
15585907,0.0852,products_number,2.0,-1.3299,active_member,0.0,0.2902
15585928,0.12,age,32.0,-1.1625,products_number,1.0,0.3682
15585961,0.0505,products_number,2.0,-1.4933,age,45.0,0.4138
15586029,0.069,age,35.0,-1.1882,active_member,0.0,0.3494
15586039,0.0505,products_number,2.0,-1.0806,gender_Female,1.0,0.1958
15586069,0.1221,age,31.0,-1.3815,active_member,0.0,0.3133
15586135,0.2073,age,30.0,-1.1288,products_number,1.0,0.4786
15586174,0.2413,age,31.0,-1.2665,country_germany,1.0,0.2688
15586183,0.0379,products_number,2.0,-1.2791,active_member,0.0,0.2708
15586300,0.0187,active_member,1.0,-1.4255,age,68.0,0.2922
15586310,0.093,age,31.0,-1.2822,active_member,0.0,0.3295
15586425,0.0242,products_number,2.0,-1.2208,balance,999999.99,0.0963
15586504,0.0237,products_number,2.0,-1.5202,active_member,0.0,0.2439
15586517,0.0299,age,34.0,-1.2813,products_number,1.0,0.0694
15586522,0.1567,age,39.0,-0.9105,active_member,0.0,0.2984
15586557,0.2387,active_member,1.0,-0.5017,products_number,1.0,0.5666
15586585,0.8783,tenure,2.0,-0.3639,age,53.0,1.4544
15586629,0.0273,products_number,2.0,-1.2901,active_member,0.0,0.3035
15586680,0.0878,age,28.0,-1.4112,active_member,0.0,0.3395
15586699,0.0226,age,33.0,-1.3377,active_member,0.0,0.3685
15586752,0.1443,age,35.0,-0.9779,country_germany,1.0,0.4381
15586821,0.0167,products_number,2.0,-1.1534,credit_utilization,,0.0208
15586848,0.0234,products_number,2.0,-1.4274,active_member,0.0,0.3565
15586870,0.0708,age,29.0,-1.2179,balance,193125.85,0.1741
15586880,0.1218,products_number,2.0,-1.2744,limite_credito,330252.66,0.3103
15586914,0.1335,age,38.0,-0.898,limite_credito,234751.37,0.3145
15586959,0.0863,products_number,2.0,-1.5852,active_member,0.0,0.3128
15586970,0.715,active_member,1.0,-0.773,age,54.0,1.6034
15586974,0.0208,products_number,2.0,-1.3652,balance,0.0,0.0915
15586993,0.1183,products_number,2.0,-1.365,age,57.0,1.4771
15586996,0.0331,products_number,2.0,-1.091,gender_Female,1.0,0.2168
15587013,0.0329,age,33.0,-1.5247,products_number,1.0,0.1947
15587133,0.1119,products_number,2.0,-1.328,active_member,0.0,0.3596
15587177,0.1468,age,37.0,-1.0913,active_member,0.0,0.2897
15587210,0.6582,tenure,10.0,-0.4969,country_germany,1.0,0.3516
15587240,0.0259,products_number,2.0,-1.6553,balance,0.0,0.1025
15587266,0.2044,age,29.0,-1.205,products_number,1.0,0.2988
15587297,0.0133,products_number,2.0,-1.2066,credit_utilization,,0.0507
15587299,0.8022,cidade_nice,1.0,-0.3342,age,49.0,1.1706
15587311,0.0171,products_number,2.0,-1.2882,credit_score,582.0,0.0316
15587394,0.1681,products_number,2.0,-0.8566,limite_credito,272584.1,0.5075
15587421,0.1293,products_number,2.0,-1.2303,active_member,0.0,0.2782
15587443,0.0388,active_member,1.0,-1.1545,gender_Female,1.0,0.2125
15587451,0.5114,tenure,7.0,-0.4103,country_germany,1.0,0.5216
15587535,0.2261,cidade_madrid,1.0,-0.7947,age,47.0,0.4953
15587562,0.2151,age,30.0,-1.3429,active_member,0.0,0.3761
15587573,0.0639,age,29.0,-1.1852,limite_credito,232042.7,0.2529
15587581,0.0778,products_number,2.0,-1.2475,gender_Female,1.0,0.1914
15587584,0.0173,products_number,2.0,-1.2848,balance,0.0,0.0146
15587596,0.3773,age,40.0,-0.6914,active_member,0.0,0.3275
15587676,0.0866,age,31.0,-1.1198,products_number,1.0,0.4626
15587690,0.0792,age,30.0,-1.5224,active_member,0.0,0.3673
15587712,0.0861,age,37.0,-0.9853,active_member,0.0,0.3135
15587735,0.1159,age,40.0,-0.3914,products_number,1.0,0.168
15587835,0.1103,active_member,1.0,-0.5332,age,43.0,0.2311
15587913,0.0886,products_number,2.0,-1.3253,active_member,0.0,0.2887
15587978,0.2263,age,39.0,-0.538,products_number,1.0,0.3664
15588019,0.0656,age,30.0,-1.5217,active_member,0.0,0.4119
15588123,0.0209,age,28.0,-1.385,gender_Female,1.0,0.1837
15588186,0.4599,tenure,7.0,-0.4815,age,47.0,0.6312
15588197,0.0209,products_number,2.0,-1.3263,active_member,0.0,0.1742
15588219,0.1509,products_number,2.0,-0.833,active_member,0.0,0.294
15588235,0.1963,age,26.0,-1.1363,gender_Female,1.0,0.1965
15588341,0.1203,active_member,1.0,-0.7828,age,49.0,1.0503
15588350,0.2764,cidade_nice,1.0,-0.4267,age,45.0,0.5665
15588406,0.081,products_number,2.0,-1.2967,gender_Female,1.0,0.3084
15588450,0.1295,active_member,1.0,-1.1999,age,62.0,0.7779
15588456,0.2383,active_member,1.0,-0.38,estimated_salary,189607.71,0.1801
15588461,0.0916,age,36.0,-1.2297,products_number,1.0,0.4907
15588517,0.0115,products_number,2.0,-1.5322,estimated_salary,158580.05,0.0542
15588535,0.074,products_number,2.0,-1.3538,active_member,0.0,0.2784
15588537,0.1787,estimated_salary,196499.96,-0.7106,active_member,0.0,0.2937
15588560,0.2354,age,34.0,-1.2323,country_germany,1.0,0.251
15588566,0.045,age,34.0,-1.0082,limite_credito,168087.52,0.3284
15588580,0.4645,age,38.0,-0.7109,country_germany,1.0,0.4397
15588587,0.1047,age,38.0,-0.6975,gender_Female,1.0,0.2038
15588622,0.1871,age,26.0,-1.3177,country_germany,1.0,0.3824
15588701,0.0705,products_number,2.0,-1.3228,active_member,0.0,0.3243
15588839,0.0473,age,31.0,-0.8986,limite_credito,222404.93,0.3155
15588854,0.1104,age,32.0,-1.0981,products_number,1.0,0.1623
15588918,0.0491,products_number,2.0,-1.5746,active_member,0.0,0.2733
15588923,0.1393,age,35.0,-1.4141,active_member,0.0,0.3426
15588928,0.056,products_number,2.0,-1.7192,age,49.0,0.9879
15588933,0.1772,age,38.0,-0.6784,gender_Female,1.0,0.2679
15588986,0.1739,age,30.0,-1.3424,products_number,1.0,0.3172
15589018,0.0509,age,30.0,-1.0961,limite_credito,220340.29,0.1755
15589019,0.1356,age,35.0,-0.941,gender_Female,1.0,0.1793
15589030,0.0456,products_number,2.0,-1.7122,age,49.0,1.0382
15589147,0.1774,active_member,1.0,-1.275,age,62.0,0.7491
15589195,0.3703,age,39.0,-0.5028,country_germany,1.0,0.4297
15589204,0.0597,age,34.0,-1.6644,active_member,0.0,0.3747
15589210,0.245,age,25.0,-1.6095,products_number,1.0,0.5615
15589221,0.0272,age,32.0,-1.1063,limite_credito,121712.97,0.1938
15589230,0.3161,active_member,1.0,-1.0613,age,64.0,0.6993
15589257,0.0744,products_number,2.0,-0.8827,limite_credito,229662.79,0.2223
15589296,0.2138,active_member,1.0,-0.3248,gender_Female,1.0,0.156
15589312,0.0786,age,31.0,-1.3855,active_member,0.0,0.2331
15589320,0.1366,age,36.0,-0.9357,products_number,1.0,0.5062
15589323,0.0308,age,26.0,-1.2239,gender_Female,1.0,0.1968
15589329,0.0242,products_number,2.0,-1.2258,active_member,0.0,0.2176
15589348,0.0768,age,38.0,-0.7546,products_number,1.0,0.0971
15589358,0.0392,age,33.0,-1.2723,active_member,0.0,0.2986
15589361,0.1457,age,35.0,-0.9113,products_number,1.0,0.4934
15589380,0.0948,products_number,2.0,-1.2521,limite_credito,313331.91,0.3468
15589401,0.0525,products_number,2.0,-1.2823,active_member,0.0,0.2892
15589420,0.2282,active_member,1.0,-0.4004,gender_Female,1.0,0.2093
15589428,0.2031,products_number,2.0,-1.4942,active_member,0.0,0.3117
15589431,0.4818,active_member,1.0,-0.4409,age,48.0,0.9038
15589435,0.0116,products_number,2.0,-1.2541,salary_missing_flag,0.0,0.0056
15589437,0.032,age,27.0,-1.3287,products_number,1.0,0.0771
15589488,0.7293,active_member,1.0,-0.7179,age,57.0,1.3643
15589493,0.1127,age,29.0,-1.4349,active_member,0.0,0.3543
15589496,0.044,age,36.0,-1.1708,active_member,0.0,0.2915
15589541,0.0147,age,28.0,-1.262,gender_Female,1.0,0.1984
15589544,0.176,products_number,2.0,-1.3561,age,58.0,1.3791
15589563,0.0919,age,33.0,-1.2454,active_member,0.0,0.3219
15589589,0.0857,age,36.0,-1.4664,active_member,0.0,0.3336
15589643,0.3372,active_member,1.0,-0.3645,products_number,1.0,0.4636
15589660,0.1796,age,33.0,-1.3749,products_number,1.0,0.3149
15589666,0.1902,cidade_nantes,1.0,-0.4377,gender_Female,1.0,0.1932
15589725,0.1707,products_number,2.0,-1.4686,age,53.0,1.3116
15589739,0.1498,active_member,1.0,-0.4974,age,43.0,0.251
15589754,0.5405,active_member,1.0,-0.4813,age,47.0,0.8912
15589805,0.1387,age,35.0,-0.9358,gender_Female,1.0,0.2035
15589869,0.1056,products_number,2.0,-1.1626,age,51.0,1.2099
15589881,0.0549,products_number,2.0,-1.3899,gender_Female,1.0,0.3334
15589924,0.0551,products_number,2.0,-1.3336,gender_Female,1.0,0.2288
15589948,0.0558,age,30.0,-1.1316,limite_credito,135300.85,0.3105
15589949,0.1339,age,36.0,-1.1256,active_member,0.0,0.4169
15589969,0.0788,age,35.0,-1.0745,products_number,1.0,0.4696
15589975,0.0875,active_member,1.0,-1.0902,gender_Female,1.0,0.1523
15590011,0.1143,age,39.0,-0.5575,products_number,1.0,0.0948
15590078,0.0726,age,29.0,-1.133,products_number,1.0,0.1655
15590094,0.1671,products_number,2.0,-1.2135,active_member,0.0,0.3268
15590097,0.2135,age,34.0,-1.112,active_member,0.0,0.3767
15590177,0.2838,active_member,1.0,-0.441,age,46.0,0.6772
15590199,0.0492,age,30.0,-1.0539,products_number,1.0,0.096
15590213,0.0763,age,36.0,-0.9498,credit_score,479.0,0.0999
15590228,0.0503,age,22.0,-1.3133,estimated_salary,173511.72,0.1707
15590268,0.0422,age,36.0,-1.0619,products_number,1.0,0.0849
15590286,0.3433,cidade_bordeaux,1.0,-0.297,active_member,0.0,0.3471
15590320,0.0164,active_member,1.0,-1.3265,age,67.0,0.3348
15590327,0.5013,balance,166031.45,-0.4411,products_number,1.0,0.3547
15590344,0.029,age,33.0,-1.202,limite_credito,104971.63,0.2057
15590434,0.2373,active_member,1.0,-0.4904,age,43.0,0.1989
15590476,0.072,products_number,2.0,-1.1612,active_member,0.0,0.3489
15590606,0.0437,products_number,2.0,-1.6088,active_member,0.0,0.3842
15590623,0.0772,age,35.0,-0.9184,limite_credito,61184.27,0.193
15590637,0.0311,products_number,2.0,-1.6904,age,43.0,0.1338
15590676,0.0629,age,36.0,-1.333,active_member,0.0,0.317
15590683,0.0841,age,33.0,-1.1872,gender_Female,1.0,0.1705
15590730,0.0302,products_number,2.0,-1.3046,active_member,0.0,0.3779
15590820,0.1292,age,27.0,-1.2648,active_member,0.0,0.3547
15590828,0.6186,tenure,7.0,-0.3653,products_number,1.0,0.4349
15590876,0.1025,age,25.0,-1.4572,active_member,0.0,0.3225
15590888,0.0537,age,36.0,-1.2575,active_member,0.0,0.3125
15590993,0.0852,age,38.0,-0.9718,limite_credito,109542.47,0.3293
15591035,0.409,active_member,1.0,-0.9052,age,55.0,1.465
15591100,0.096,age,38.0,-0.6481,limite_credito,267632.14,0.0849
15591123,0.1731,active_member,1.0,-1.3338,products_number,1.0,0.2806
15591130,0.0261,products_number,2.0,-1.2024,gender_Female,1.0,0.1816
15591135,0.0686,age,38.0,-0.9303,limite_credito,301622.72,0.3569
15591150,0.0082,products_number,2.0,-1.3149,credit_card,0.0,0.0173
15591179,0.0136,products_number,2.0,-1.344,estimated_salary,145537.32,0.0103
15591248,0.0843,age,30.0,-1.3401,products_number,1.0,0.2282
15591257,0.0094,age,25.0,-1.6633,active_member,0.0,0.2925
15591279,0.0802,age,39.0,-0.609,products_number,1.0,0.1023
15591344,0.0202,products_number,2.0,-1.6341,age,44.0,0.0861
15591357,0.4372,active_member,1.0,-0.6887,age,52.0,1.3039
15591360,0.0517,age,34.0,-1.2049,limite_credito,202715.97,0.1635
15591386,0.0626,products_number,2.0,-1.214,gender_Female,1.0,0.3095
15591428,0.0196,age,30.0,-1.3487,active_member,0.0,0.3153
15591433,0.0955,products_number,2.0,-1.4066,active_member,0.0,0.2607
15591489,0.0464,age,28.0,-1.6135,active_member,0.0,0.3131
15591509,0.0766,age,38.0,-0.857,limite_credito,227733.38,0.3326
15591550,0.2021,age,37.0,-0.9548,active_member,0.0,0.3396
15591552,0.1101,age,33.0,-1.4923,gender_Female,1.0,0.2598
15591577,0.0605,age,36.0,-1.0977,products_number,1.0,0.1072
15591607,0.0788,age,26.0,-1.5864,active_member,0.0,0.3219
15591628,0.5017,age,42.0,-0.3594,products_number,1.0,0.3992
15591711,0.1786,age,39.0,-0.91,active_member,0.0,0.3128
15591724,0.5453,tenure,5.0,-0.4323,age,46.0,0.4915
15591747,0.0264,age,34.0,-1.2625,active_member,0.0,0.3044
15591766,0.1066,age,27.0,-1.1052,gender_Female,1.0,0.1835
15591822,0.1205,age,28.0,-1.4654,active_member,0.0,0.3787
15591932,0.0763,age,33.0,-1.4687,active_member,0.0,0.3803
15591942,0.0394,products_number,2.0,-1.2497,gender_Female,1.0,0.241
15591969,0.0348,age,29.0,-1.2568,products_number,1.0,0.1388
15591980,0.0333,age,35.0,-0.8843,limite_credito,313433.49,0.2426
15591995,0.0558,age,27.0,-1.1246,limite_credito,356961.88,0.1977
15592025,0.0358,products_number,2.0,-1.65,age,55.0,1.4534
15592028,0.5379,active_member,1.0,-0.4957,age,48.0,0.969
15592078,0.0963,age,28.0,-1.3965,active_member,0.0,0.3227
15592089,0.1095,products_number,2.0,-1.3964,gender_Female,1.0,0.3617
15592091,0.0609,age,32.0,-0.9734,limite_credito,179343.79,0.3329
15592116,0.0473,products_number,2.0,-1.326,active_member,0.0,0.3135
15592123,0.0127,products_number,2.0,-1.3051,credit_utilization,,0.0177
15592194,0.0165,age,29.0,-1.4772,active_member,0.0,0.1958
15592197,0.0206,products_number,2.0,-1.3262,active_member,0.0,0.3035
15592222,0.6726,tenure,7.0,-0.5125,age,50.0,1.5507
15592230,0.0169,products_number,2.0,-1.6665,balance,0.0,0.0247
15592300,0.1895,age,37.0,-0.984,active_member,0.0,0.384
15592379,0.3587,products_number,2.0,-0.9548,limite_credito,154440.56,0.2753
15592389,0.0285,age,29.0,-1.3677,products_number,1.0,0.0638
15592451,0.0108,age,34.0,-1.3482,active_member,0.0,0.2194
15592461,0.1732,age,28.0,-1.5215,country_germany,1.0,0.357
15592531,0.0798,products_number,2.0,-1.6422,age,52.0,1.2633
15592578,0.2326,products_number,2.0,-0.8619,limite_credito,193994.25,0.3359
15592645,0.0333,products_number,2.0,-1.3424,active_member,0.0,0.3647
15592707,0.1033,active_member,1.0,-0.9227,age,65.0,0.8735
15592761,0.0447,products_number,2.0,-1.6437,active_member,0.0,0.327
15592765,0.1305,active_member,1.0,-0.5662,estimated_salary,174536.17,0.1217
15592846,0.0609,products_number,2.0,-1.1694,active_member,0.0,0.3849
15592854,0.0374,age,26.0,-1.3077,products_number,1.0,0.0972
15592877,0.2903,gender_Female,0.0,-0.3925,active_member,0.0,0.4837
15592914,0.0246,products_number,2.0,-1.2016,gender_Female,1.0,0.2098
15592937,0.3623,active_member,1.0,-0.4109,country_germany,1.0,0.3283
15592979,0.1455,products_number,2.0,-1.107,active_member,0.0,0.284
15592994,0.0808,products_number,2.0,-1.254,age,66.0,0.7999
15592999,0.2367,active_member,1.0,-0.3636,products_number,1.0,0.1595
15593014,0.0271,age,35.0,-1.2265,products_number,1.0,0.1451
15593241,0.0346,products_number,2.0,-1.7386,age,45.0,0.4073
15593250,0.0352,age,31.0,-1.4284,active_member,0.0,0.2904
15593280,0.5821,active_member,1.0,-0.3574,age,45.0,0.6544
15593295,0.4457,active_member,1.0,-0.6966,age,58.0,1.5692
15593331,0.1005,age,27.0,-1.3462,products_number,1.0,0.312
15593345,0.0726,age,34.0,-1.1155,gender_Female,1.0,0.1884
15593365,0.1178,gender_Female,0.0,-0.4727,balance,-81273.13,0.2275
15593454,0.3581,age,42.0,-0.4869,active_member,0.0,0.4374
15593468,0.0277,products_number,2.0,-1.2224,gender_Female,1.0,0.2187
15593470,0.2696,age,37.0,-0.6104,products_number,1.0,0.3736
15593496,0.2226,age,37.0,-0.8478,active_member,0.0,0.3963
15593501,0.0554,products_number,2.0,-0.9333,active_member,0.0,0.2576
15593555,0.013,products_number,2.0,-1.4233,salary_missing_flag,0.0,0.0032
15593601,0.0396,age,35.0,-1.0126,products_number,1.0,0.082
15593622,0.0791,products_number,2.0,-1.0382,age,45.0,0.3666
15593636,0.2924,age,40.0,-0.7946,active_member,0.0,0.3162
15593683,0.0514,products_number,2.0,-1.3493,active_member,0.0,0.2884
15593694,0.2837,products_number,2.0,-1.521,age,51.0,1.5864
15593715,0.3762,age,29.0,-1.4131,country_germany,1.0,0.4349
15593773,0.0241,products_number,2.0,-1.4274,active_member,0.0,0.2891
15593897,0.0793,age,27.0,-1.0426,limite_credito,237724.18,0.4501
15593900,0.0674,age,40.0,-0.586,products_number,1.0,0.1561
15593943,0.3671,active_member,1.0,-0.479,age,45.0,0.6039
15593954,0.6511,tenure,6.0,-0.3129,age,49.0,1.0139
15593959,0.0343,age,29.0,-1.4875,products_number,1.0,0.1069
15594039,0.0571,products_number,2.0,-1.605,active_member,0.0,0.3508
15594041,0.413,cidade_valencia,1.0,-0.2396,active_member,0.0,0.3924
15594084,0.0145,age,24.0,-1.5551,active_member,0.0,0.3243
15594270,0.0448,products_number,2.0,-0.9687,limite_credito,513885.13,0.4241
15594305,0.0344,age,33.0,-1.4348,active_member,0.0,0.3113
15594349,0.3238,active_member,1.0,-0.631,age,50.0,1.2455
15594404,0.5668,products_number,2.0,-0.9684,age,51.0,1.4578
15594409,0.0285,products_number,2.0,-1.7417,age,47.0,0.6282
15594436,0.0235,products_number,2.0,-1.291,country_france,0.0,0.0837
15594450,0.4965,cidade_bordeaux,1.0,-0.6339,age,50.0,1.222
15594502,0.1902,products_number,2.0,-0.8165,limite_credito,105389.64,0.349
15594556,0.0433,products_number,2.0,-1.5471,age,54.0,1.4016
15594576,0.1019,age,33.0,-1.5085,active_member,0.0,0.3536
15594577,0.0111,products_number,2.0,-1.3475,balance,0.0,0.0378
15594594,0.085,active_member,1.0,-0.5584,age,44.0,0.2303
15594651,0.0902,age,40.0,-0.4799,limite_credito,274605.03,0.0777
15594685,0.4087,products_number,2.0,-1.4212,age,50.0,1.2908
15594720,0.0857,products_number,2.0,-1.216,limite_credito,283917.35,0.3006
15594762,0.1917,cidade_madrid,1.0,-0.4452,age,48.0,0.905
15594786,0.244,age,36.0,-1.0033,country_germany,1.0,0.5006
15594812,0.112,products_number,2.0,-0.6854,gender_Female,1.0,0.2525
15594815,0.0463,age,37.0,-0.8528,products_number,1.0,0.1644
15594827,0.0364,age,35.0,-1.0125,limite_credito,214293.63,0.3214
15594862,0.0277,products_number,2.0,-1.3139,active_member,0.0,0.3046
15594864,0.1048,age,31.0,-1.3078,products_number,1.0,0.2461
15594902,0.1247,age,39.0,-0.5511,products_number,1.0,0.1655
15594915,0.0504,products_number,2.0,-1.2819,gender_Female,1.0,0.2909
15594917,0.1512,age,36.0,-1.0603,products_number,1.0,0.2642
15594928,0.6155,age,40.0,-0.5865,country_germany,1.0,0.4481
15595010,0.1288,products_number,2.0,-1.3279,gender_Female,1.0,0.3397
15595036,0.1621,age,32.0,-1.4445,active_member,0.0,0.37
15595037,0.4966,active_member,1.0,-0.4003,age,48.0,1.1418
15595047,0.0331,products_number,2.0,-1.5627,active_member,0.0,0.2955
15595067,0.0675,products_number,2.0,-1.3145,gender_Female,1.0,0.2816
15595071,0.04,age,23.0,-1.2863,products_number,1.0,0.0994
15595135,0.3365,age,31.0,-1.233,products_number,1.0,0.403
15595153,0.4277,products_number,2.0,-1.2394,limite_credito,205828.55,0.228
15595158,0.0207,products_number,2.0,-1.2096,limite_credito,95990.73,0.1171
15595160,0.025,products_number,2.0,-1.3072,credit_score,413.0,0.1012
15595162,0.1246,age,36.0,-1.0496,active_member,0.0,0.3336
15595221,0.3643,age,34.0,-1.309,active_member,0.0,0.3876
15595282,0.0716,products_number,2.0,-1.2731,active_member,0.0,0.3005
15595350,0.1169,age,33.0,-1.304,active_member,0.0,0.3324
15595388,0.0224,products_number,2.0,-1.1996,gender_Female,1.0,0.2337
15595391,0.0092,age,33.0,-1.532,active_member,0.0,0.3042
15595440,0.1908,products_number,2.0,-1.0561,age,50.0,1.1131
15595447,0.1019,age,40.0,-0.8284,active_member,0.0,0.3132
15595537,0.2749,products_number,2.0,-1.1499,age,50.0,1.2491
15595557,0.0102,age,23.0,-1.466,active_member,0.0,0.1924
15595588,0.0539,products_number,2.0,-1.3123,gender_Female,1.0,0.2562
15595609,0.7981,products_number,2.0,-1.0417,age,53.0,1.8872
15595640,0.0277,products_number,2.0,-1.3244,active_member,0.0,0.3022
15595657,0.3702,active_member,1.0,-0.4896,country_germany,1.0,0.4624
15595713,0.1063,age,34.0,-1.123,products_number,1.0,0.4618
15595766,0.0808,products_number,2.0,-0.7097,limite_credito,274118.93,0.3606
15595831,0.4349,active_member,1.0,-1.0444,age,65.0,0.6067
15595874,0.0628,products_number,2.0,-1.3691,active_member,0.0,0.273
15595883,0.4428,active_member,1.0,-0.4924,country_germany,1.0,0.5326
15595917,0.1114,age,36.0,-1.0245,products_number,1.0,0.1801
15595937,0.1304,products_number,2.0,-1.1436,limite_credito,212377.56,0.4286
15595991,0.2322,active_member,1.0,-0.9217,age,55.0,1.5795
15596011,0.1152,age,35.0,-0.9291,products_number,1.0,0.479
15596060,0.0435,age,30.0,-1.0092,products_number,1.0,0.079
15596074,0.1234,age,39.0,-0.5,products_number,1.0,0.4664
15596088,0.3492,products_number,2.0,-0.9377,age,51.0,1.2796
15596136,0.1362,age,37.0,-0.7063,gender_Female,1.0,0.2439
15596165,0.0442,age,27.0,-1.2445,limite_credito,143081.69,0.2752
15596212,0.0256,products_number,2.0,-1.329,active_member,0.0,0.3445
15596228,0.0312,products_number,2.0,-1.1963,active_member,0.0,0.2892
15596339,0.2341,active_member,1.0,-0.933,age,55.0,1.5114
15596379,0.3382,active_member,1.0,-0.51,country_germany,1.0,0.5441
15596397,0.1168,products_number,2.0,-1.5189,age,50.0,1.2403
15596405,0.0351,age,26.0,-0.9808,limite_credito,334638.95,0.2635
15596493,0.2658,products_number,2.0,-1.5733,age,48.0,0.8421
15596522,0.1042,products_number,2.0,-1.5361,gender_Female,1.0,0.2774
15596575,0.1182,products_number,2.0,-1.3045,limite_credito,238221.26,0.396
15596624,0.02,products_number,2.0,-1.1706,gender_Female,1.0,0.2024
15596647,0.4559,active_member,1.0,-0.8526,age,55.0,1.6006
15596649,0.5078,age,41.0,-0.3528,products_number,1.0,0.5064
15596713,0.0539,products_number,2.0,-0.8834,limite_credito,194157.98,0.3603
15596797,0.0196,products_number,2.0,-1.6358,age,44.0,0.1533
15596808,0.1098,age,34.0,-1.2466,active_member,0.0,0.4775
15596811,0.2019,age,37.0,-1.0007,active_member,0.0,0.3782
15596863,0.277,age,39.0,-0.545,products_number,1.0,0.3502
15596914,0.0796,age,32.0,-1.1499,limite_credito,263375.72,0.218
15596939,0.1242,products_number,2.0,-1.09,active_member,0.0,0.3386
15596962,0.0362,age,25.0,-1.4326,gender_Female,1.0,0.132
15596972,0.2853,age,39.0,-0.8577,products_number,1.0,0.5684
15596979,0.202,products_number,2.0,-1.4461,age,49.0,0.9212
15597033,0.1545,age,38.0,-0.6925,products_number,1.0,0.3635
15597109,0.0826,active_member,1.0,-0.9852,products_number,1.0,0.2171
15597131,0.0337,age,34.0,-1.0736,products_number,1.0,0.1356
15597239,0.1377,age,40.0,-0.7645,active_member,0.0,0.3416
15597265,0.0122,products_number,2.0,-1.5215,estimated_salary,146585.53,0.08
15597309,0.029,products_number,2.0,-1.3573,active_member,0.0,0.3072
15597487,0.1574,age,37.0,-0.6996,products_number,1.0,0.4778
15597536,0.4057,tenure,5.0,-0.357,active_member,0.0,0.4356
15597591,0.0471,age,30.0,-1.2658,products_number,1.0,0.1798
15597610,0.0536,active_member,1.0,-0.5706,products_number,1.0,0.0396
15597739,0.3082,age,38.0,-0.8598,products_number,1.0,0.5173
15597885,0.0178,products_number,2.0,-1.7001,age,44.0,0.0935
15597901,0.0924,age,36.0,-1.1062,products_number,1.0,0.4265
15597909,0.2816,age,35.0,-1.1302,country_germany,1.0,0.4874
15597945,0.0385,products_number,2.0,-1.3499,active_member,0.0,0.298
15597951,0.4072,active_member,1.0,-0.8847,age,59.0,1.2895
15597957,0.0259,active_member,1.0,-1.345,age,67.0,0.4572
15597983,0.0268,active_member,1.0,-1.1344,products_number,1.0,0.1028
15598044,0.2432,age,36.0,-0.9943,products_number,1.0,0.4589
15598046,0.0635,products_number,2.0,-0.9603,active_member,0.0,0.2598
15598070,0.1578,age,34.0,-1.3525,active_member,0.0,0.2887
15598088,0.0233,products_number,2.0,-1.2623,estimated_salary,163221.22,0.2011
15598097,0.0682,products_number,2.0,-1.6714,active_member,0.0,0.3346
15598157,0.0933,age,36.0,-1.3075,active_member,0.0,0.3683
15598161,0.1941,products_number,2.0,-1.5577,age,49.0,1.1915
15598162,0.3849,active_member,1.0,-0.4071,products_number,1.0,0.3496
15598175,0.0616,age,27.0,-1.2868,active_member,0.0,0.3108
15598259,0.6913,tenure,9.0,-0.2375,products_number,1.0,0.3685
15598266,0.2585,active_member,1.0,-0.3998,products_number,1.0,0.5328
15598275,0.0144,products_number,2.0,-1.305,gender_Female,1.0,0.2128
15598331,0.447,age,42.0,-0.3441,active_member,0.0,0.3946
15598338,0.0892,products_number,2.0,-1.2491,active_member,0.0,0.3164
15598485,0.2002,active_member,1.0,-0.4832,balance,28649.64,0.323
15598493,0.0448,products_number,2.0,-1.6876,age,51.0,1.1172
15598510,0.0572,age,29.0,-0.9831,limite_credito,150213.93,0.264
15598521,0.1552,age,34.0,-1.2674,limite_credito,200933.75,0.3086
15598536,0.1004,age,27.0,-1.4414,products_number,1.0,0.3043
15598574,0.0269,products_number,2.0,-1.1759,gender_Female,1.0,0.2154
15598586,0.0239,age,32.0,-1.2323,products_number,1.0,0.064
15598614,0.0183,age,21.0,-1.3225,active_member,0.0,0.3361
15598695,0.1236,active_member,1.0,-1.2705,gender_Female,1.0,0.2561
15598700,0.0334,products_number,2.0,-1.3156,gender_Female,1.0,0.2183
15598782,0.0996,products_number,2.0,-1.1048,limite_credito,203199.44,0.2083
15598802,0.0158,products_number,2.0,-1.2704,cidade_zaragoza,1.0,0.062
15598838,0.1569,age,39.0,-0.5706,products_number,1.0,0.1797
15598840,0.0513,age,34.0,-1.6251,active_member,0.0,0.2631
15598846,0.4742,cidade_nice,1.0,-0.4961,age,46.0,0.4082
15598883,0.0518,products_number,2.0,-1.3078,gender_Female,1.0,0.2602
15598884,0.3038,age,24.0,-1.0533,products_number,1.0,0.4877
15598892,0.0507,age,32.0,-1.3212,active_member,0.0,0.2868
15598894,0.0956,age,40.0,-0.7262,active_member,0.0,0.3153
15598940,0.1011,products_number,2.0,-1.1536,limite_credito,279454.91,0.4032
15598948,0.1221,age,26.0,-1.1374,gender_Female,1.0,0.1812
15599004,0.1321,age,39.0,-0.6453,products_number,1.0,0.4999
15599024,0.0126,products_number,2.0,-1.3533,estimated_salary,182692.8,0.0709
15599074,0.0866,estimated_salary,193408.43,-0.3869,gender_Female,1.0,0.2253
15599078,0.4287,balance,92467.58,-0.4178,products_number,1.0,0.3661
15599081,0.5949,active_member,1.0,-0.5014,age,48.0,0.8207
15599084,0.104,age,35.0,-0.793,balance,191523.09,0.3457
15599090,0.1963,active_member,1.0,-0.4902,products_number,1.0,0.3655
15599124,0.0693,age,30.0,-1.3358,active_member,0.0,0.2885
15599131,0.0664,age,28.0,-1.2936,active_member,0.0,0.3439
15599152,0.0702,age,32.0,-1.4207,active_member,0.0,0.3452
15599182,0.0506,products_number,2.0,-1.2624,gender_Female,1.0,0.2224
15599195,0.0761,age,33.0,-1.4038,products_number,1.0,0.3018
15599251,0.059,age,33.0,-1.2214,active_member,0.0,0.3171
15599268,0.0214,products_number,2.0,-1.3013,active_member,0.0,0.3296
15599272,0.1184,age,37.0,-0.7599,gender_Female,1.0,0.2407
15599289,0.1488,age,38.0,-0.9946,active_member,0.0,0.2962
15599301,0.2286,age,29.0,-1.1639,products_number,1.0,0.3004
15599386,0.077,age,30.0,-1.3418,products_number,1.0,0.2622
15599403,0.0961,active_member,1.0,-1.3712,age,62.0,0.896
15599410,0.0546,products_number,2.0,-1.7789,active_member,0.0,0.334
15599433,0.1008,age,36.0,-0.9509,products_number,1.0,0.4054
15599440,0.0369,age,35.0,-1.2991,active_member,0.0,0.2907
15599452,0.3594,products_number,2.0,-1.2602,limite_credito,231970.6,0.232
15599533,0.0698,products_number,2.0,-1.5184,gender_Female,1.0,0.2919
15599535,0.0416,age,29.0,-1.1588,products_number,1.0,0.0559
15599552,0.1469,products_number,2.0,-1.3117,age,56.0,1.3077
15599591,0.2532,products_number,2.0,-1.0784,active_member,0.0,0.2763
15599660,0.0883,products_number,2.0,-0.8327,limite_credito,229639.66,0.2962
15599792,0.0114,products_number,2.0,-1.2435,gender_Female,1.0,0.1385
15599829,0.0431,products_number,2.0,-1.2219,gender_Female,1.0,0.177
15599869,0.0965,age,30.0,-1.2186,products_number,1.0,0.4276
15599956,0.0237,age,28.0,-1.428,active_member,0.0,0.3047
15599976,0.0279,age,28.0,-1.4193,active_member,0.0,0.2587
15600027,0.0151,products_number,2.0,-1.2553,credit_score,579.0,0.0312
15600086,0.4102,active_member,1.0,-0.6264,age,50.0,1.3476
15600103,0.318,age,31.0,-1.1413,products_number,1.0,0.3037
15600106,0.0279,products_number,2.0,-1.3919,active_member,0.0,0.2757
15600110,0.3665,age,42.0,-0.404,products_number,1.0,0.3302
15600173,0.0353,products_number,2.0,-1.1606,gender_Female,1.0,0.2312
15600174,0.0422,age,36.0,-1.107,products_number,1.0,0.0962
15600258,0.0267,products_number,2.0,-1.7838,age,45.0,0.4026
15600280,0.073,age,34.0,-1.2838,active_member,0.0,0.3138
15600357,0.19,products_number,2.0,-1.0751,limite_credito,87376.29,0.2256
15600379,0.0909,age,36.0,-0.8761,products_number,1.0,0.1561
15600462,0.2151,active_member,1.0,-0.4564,age,44.0,0.4402
15600478,0.3643,gender_Female,0.0,-0.4239,products_number,1.0,0.5592
15600510,0.1019,products_number,2.0,-1.014,active_member,0.0,0.3133
15600575,0.0393,products_number,2.0,-1.6302,active_member,0.0,0.3339
15600583,0.0823,age,33.0,-1.6828,products_number,1.0,0.4705
15600626,0.0161,products_number,2.0,-1.1931,credit_score,710.0,0.0384
15600651,0.063,age,26.0,-1.9234,products_number,3.0,2.3166
15600688,0.0427,products_number,2.0,-1.3749,gender_Female,1.0,0.2636
15600692,0.0186,products_number,2.0,-1.4312,active_member,0.0,0.2587
15600700,0.4361,active_member,1.0,-1.1234,age,64.0,0.6251
15600708,0.1307,age,35.0,-0.8739,products_number,1.0,0.2329
15600710,0.0773,age,24.0,-1.6279,products_number,1.0,0.4418
15600720,0.1737,cidade_madrid,1.0,-0.6232,active_member,0.0,0.2963
15600724,0.239,age,30.0,-1.4496,active_member,0.0,0.4249
15600734,0.2815,active_member,1.0,-0.9014,age,53.0,1.2858
15600739,0.0504,products_number,2.0,-1.2492,active_member,0.0,0.2791
15600781,0.0574,products_number,2.0,-1.0865,active_member,0.0,0.3374
15600792,0.0192,products_number,2.0,-1.2928,credit_score,613.0,0.0441
15600813,0.4034,active_member,1.0,-0.66,age,52.0,1.2708
15600821,0.0715,active_member,1.0,-1.2613,limite_credito,272597.43,0.1534
15600832,0.5171,tenure,9.0,-0.4019,products_number,1.0,0.4823
15600879,0.1033,products_number,2.0,-1.2699,active_member,0.0,0.3017
15600882,0.0756,products_number,2.0,-1.2159,gender_Female,1.0,0.3413
15600911,0.0722,age,35.0,-1.1285,active_member,0.0,0.3376
15600912,0.0401,age,34.0,-1.121,limite_credito,78996.98,0.1488
15600992,0.0144,products_number,2.0,-1.4285,estimated_salary,151314.98,0.1013
15600997,0.0485,age,34.0,-1.2123,limite_credito,159205.32,0.1484
15601008,0.0157,age,34.0,-1.2972,active_member,0.0,0.2915
15601026,0.1757,age,20.0,-1.5414,products_number,1.0,0.304
15601030,0.2666,age,36.0,-0.9587,products_number,1.0,0.315
15601045,0.1791,products_number,2.0,-0.8057,active_member,0.0,0.3202
15601116,0.0205,products_number,2.0,-1.3098,estimated_salary,179093.26,0.0599
15601172,0.0871,age,32.0,-1.5306,active_member,0.0,0.349
15601184,0.0355,age,28.0,-1.3988,active_member,0.0,0.2731
15601263,0.2147,products_number,2.0,-1.4146,age,49.0,1.0094
15601274,0.3552,age,41.0,-0.4469,active_member,0.0,0.3796
15601324,0.0861,products_number,2.0,-1.4628,age,50.0,1.0377
15601351,0.2799,active_member,1.0,-0.4442,age,45.0,0.7203
15601383,0.2124,cidade_madrid,1.0,-0.7088,active_member,0.0,0.3239
15601387,0.011,age,36.0,-1.2799,active_member,0.0,0.2181
15601417,0.0437,age,33.0,-1.0504,limite_credito,234546.17,0.329
15601503,0.0397,age,29.0,-1.2843,active_member,0.0,0.4314
15601550,0.1087,age,38.0,-0.6279,products_number,1.0,0.1917
15601589,0.1027,products_number,2.0,-1.3724,age,59.0,1.2564
15601627,0.0738,age,35.0,-1.3104,active_member,0.0,0.3556
15601688,0.0926,age,29.0,-1.5723,products_number,1.0,0.4513
15601719,0.2203,age,25.0,-1.4183,products_number,1.0,0.3719
15601796,0.0518,age,32.0,-1.2927,products_number,1.0,0.2334
15601848,0.0329,products_number,2.0,-1.4081,active_member,0.0,0.2975
15601873,0.411,age,37.0,-0.8226,products_number,1.0,0.5213
15601892,0.0131,products_number,2.0,-1.2787,credit_score,563.0,0.0565
15601977,0.1736,active_member,1.0,-0.5091,age,45.0,0.5668
15602030,0.053,age,30.0,-1.2668,limite_credito,238294.71,0.0756
15602034,0.1536,age,35.0,-1.2146,active_member,0.0,0.3428
15602043,0.3801,products_number,2.0,-1.352,age,47.0,0.5153
15602084,0.3245,active_member,1.0,-0.4599,age,43.0,0.3346
15602124,0.0436,products_number,2.0,-1.3113,cidade_marseille,1.0,0.282
15602312,0.0961,age,34.0,-1.1832,active_member,0.0,0.3601
15602354,0.3552,age,35.0,-0.9172,products_number,1.0,0.4776
15602373,0.2182,products_number,2.0,-1.157,active_member,0.0,0.2823
15602405,0.4861,age,39.0,-0.7226,products_number,1.0,0.3855
15602456,0.5342,products_number,2.0,-1.103,age,48.0,1.0709
15602479,0.0815,age,38.0,-0.6383,limite_credito,257143.27,0.078
15602497,0.0921,active_member,1.0,-0.4844,products_number,1.0,0.1512
15602500,0.0766,age,40.0,-0.4467,limite_credito,284086.19,0.145
15602551,0.032,products_number,2.0,-1.3366,active_member,0.0,0.3603
15602554,0.0597,age,32.0,-1.0874,limite_credito,160100.86,0.2455
15602572,0.018,products_number,2.0,-1.3127,credit_score,720.0,0.0763
15602811,0.1812,products_number,2.0,-1.1033,active_member,0.0,0.3753
15602812,0.1695,products_number,2.0,-1.2029,age,46.0,0.6208
15602844,0.0954,age,39.0,-0.9387,active_member,0.0,0.2697
15602845,0.0684,products_number,2.0,-1.395,active_member,0.0,0.3511
15602851,0.3486,gender_Female,0.0,-0.3648,products_number,1.0,0.5579
15602909,0.1224,products_number,2.0,-1.2496,gender_Female,1.0,0.3448
15602929,0.4665,age,38.0,-0.885,products_number,1.0,0.5012
15602934,0.0892,age,34.0,-1.2912,active_member,0.0,0.2529
15602979,0.0711,age,31.0,-1.4062,active_member,0.0,0.3199
15602994,0.3172,active_member,1.0,-0.6547,age,54.0,1.5086
15603035,0.0205,products_number,2.0,-1.2415,credit_utilization,,0.0194
15603065,0.0316,products_number,2.0,-1.2799,active_member,0.0,0.2015
15603082,0.4864,products_number,2.0,-1.2718,age,53.0,2.0224
15603088,0.021,age,25.0,-1.2123,gender_Female,1.0,0.1922
15603134,0.1588,tenure,10.0,-0.5379,gender_Female,1.0,0.1898
15603156,0.0307,age,34.0,-1.4441,active_member,0.0,0.2972
15603203,0.0159,age,28.0,-1.4751,active_member,0.0,0.1939
15603216,0.0171,age,27.0,-1.3539,active_member,0.0,0.0879
15603221,0.1097,age,34.0,-1.2979,products_number,1.0,0.2927
15603246,0.0486,active_member,1.0,-0.9124,limite_credito,410940.8,0.2625
15603247,0.4688,age,37.0,-0.8846,products_number,1.0,0.4789
15603319,0.0563,age,31.0,-1.3037,active_member,0.0,0.3341
15603323,0.0494,age,34.0,-1.3011,active_member,0.0,0.3888
15603328,0.019,age,28.0,-1.5695,products_number,1.0,0.0604
15603378,0.1079,age,38.0,-0.7316,products_number,1.0,0.1818
15603454,0.0317,age,30.0,-1.0724,limite_credito,123793.35,0.2633
15603481,0.1789,products_number,2.0,-1.3563,age,56.0,1.3817
15603550,0.1218,products_number,2.0,-1.0802,active_member,0.0,0.3122
15603582,0.421,age,35.0,-1.0181,products_number,1.0,0.5736
15603594,0.0197,products_number,2.0,-1.2676,estimated_salary,70668.77,0.0141
15603665,0.1624,products_number,2.0,-1.0577,limite_credito,134183.81,0.2705
15603674,0.011,products_number,2.0,-1.3933,balance,0.0,0.0286
15603683,0.0781,age,25.0,-1.468,active_member,0.0,0.259
15603741,0.1445,active_member,1.0,-0.4654,products_number,1.0,0.1462
15603743,0.0338,age,29.0,-1.4375,credit_score,526.0,0.0986
15603794,0.4862,active_member,1.0,-0.4801,age,49.0,1.2215
15603830,0.0247,products_number,2.0,-1.3695,active_member,0.0,0.2887
15603883,0.0177,products_number,2.0,-1.3155,balance,0.0,0.026
15603925,0.0799,age,28.0,-1.2201,limite_credito,477975.26,0.3425
15604020,0.4489,age,37.0,-0.675,country_germany,1.0,0.4396
15604044,0.0551,age,39.0,-0.9302,active_member,0.0,0.2785
15604073,0.1241,age,26.0,-1.475,products_number,1.0,0.3488
15604119,0.0968,age,36.0,-1.2193,active_member,0.0,0.3281
15604130,0.6804,cidade_valencia,1.0,-0.288,age,49.0,0.9526
15604146,0.142,products_number,2.0,-1.1496,gender_Female,1.0,0.2072
15604158,0.0808,products_number,2.0,-1.3381,gender_Female,1.0,0.2921
15604196,0.1223,age,34.0,-1.2204,balance,185714.28,0.4059
15604217,0.0199,products_number,2.0,-1.2715,active_member,0.0,0.2184
15604295,0.0286,products_number,2.0,-1.4512,active_member,0.0,0.2942
15604304,0.2294,age,36.0,-0.9618,products_number,1.0,0.3023
15604314,0.2728,age,28.0,-1.6295,active_member,0.0,0.4342
15604345,0.1457,age,23.0,-1.1618,products_number,1.0,0.2265
15604348,0.0218,age,23.0,-1.2736,active_member,0.0,0.3664
15604355,0.2187,age,40.0,-0.378,credit_score,519.0,0.3035
15604482,0.0529,age,32.0,-1.0183,products_number,1.0,0.111
15604497,0.504,tenure,7.0,-0.5032,age,46.0,0.6626
15604515,0.0939,age,23.0,-1.4584,active_member,0.0,0.301
15604536,0.1288,age,33.0,-1.2422,products_number,1.0,0.2732
15604544,0.0965,products_number,2.0,-1.2619,limite_credito,236130.27,0.4233
15604551,0.0876,products_number,2.0,-1.1925,active_member,0.0,0.3124
15604576,0.1086,age,23.0,-1.1048,products_number,1.0,0.4611
15604588,0.0374,products_number,2.0,-1.3789,gender_Female,1.0,0.2594
15604732,0.0557,products_number,2.0,-1.271,active_member,0.0,0.2967
15604782,0.1304,age,34.0,-1.1082,products_number,1.0,0.2999
15604792,0.1104,products_number,2.0,-1.3678,limite_credito,205713.03,0.3968
15604804,0.0587,age,34.0,-1.2315,products_number,1.0,0.1557
15604813,0.014,products_number,2.0,-1.6663,credit_utilization,,0.0289
15604818,0.0787,age,36.0,-1.3356,active_member,0.0,0.3266
15604832,0.0926,age,30.0,-1.3581,products_number,1.0,0.459
15604891,0.0459,products_number,2.0,-1.3341,active_member,0.0,0.2708
15604963,0.0383,products_number,2.0,-1.6493,active_member,0.0,0.327
15605036,0.2444,age,39.0,-0.5436,gender_Female,1.0,0.1841
15605067,0.0085,age,20.0,-1.456,active_member,0.0,0.3167
15605113,0.0565,age,28.0,-1.5494,products_number,1.0,0.1462
15605130,0.089,age,34.0,-1.0898,products_number,1.0,0.1653
15605134,0.075,age,35.0,-1.2669,active_member,0.0,0.275
15605215,0.0438,products_number,2.0,-1.689,age,50.0,1.1014
15605263,0.038,age,34.0,-1.1781,products_number,1.0,0.1135
15605264,0.4625,products_number,2.0,-1.0962,age,48.0,0.9815
15605276,0.0366,products_number,2.0,-1.2666,gender_Female,1.0,0.1783
15605284,0.0107,age,28.0,-1.2151,balance,0.0,0.0661
15605293,0.0959,products_number,2.0,-1.5696,age,44.0,0.2534
15605327,0.0227,products_number,2.0,-1.2924,credit_score,607.0,0.045
15605333,0.2366,age,33.0,-1.3187,products_number,1.0,0.5304
15605339,0.0524,products_number,2.0,-1.2433,gender_Female,1.0,0.2108
15605341,0.3502,active_member,1.0,-0.9949,age,60.0,0.9797
15605375,0.0865,age,36.0,-1.2742,active_member,0.0,0.2314
15605424,0.1366,age,39.0,-0.8969,active_member,0.0,0.3286
15605425,0.8258,tenure,2.0,-0.2654,age,46.0,0.6043
15605447,0.3583,cidade_toulouse,1.0,-0.5701,age,50.0,1.2492
15605455,0.0234,products_number,2.0,-1.5557,active_member,0.0,0.2184
15605461,0.4946,age,30.0,-1.3794,active_member,0.0,0.4177
15605531,0.0534,products_number,2.0,-1.4249,active_member,0.0,0.2577
15605622,0.0104,products_number,2.0,-1.3161,estimated_salary,179436.6,0.0147
15605665,0.0789,active_member,1.0,-1.1873,gender_Female,1.0,0.2103
15605666,0.0788,age,36.0,-0.9975,gender_Female,1.0,0.2482
15605672,0.1057,age,40.0,-0.6283,products_number,1.0,0.1365
15605673,0.0521,products_number,2.0,-1.3529,active_member,0.0,0.2976
15605684,0.0907,age,33.0,-1.5008,active_member,0.0,0.349
15605737,0.0219,products_number,2.0,-1.2899,active_member,0.0,0.3481
15605791,0.0681,age,30.0,-1.2905,active_member,0.0,0.3696
15605804,0.0535,products_number,2.0,-1.7059,active_member,0.0,0.3804
15605827,0.0186,products_number,2.0,-1.5352,active_member,0.0,0.2277
15605835,0.0915,products_number,2.0,-0.786,limite_credito,187021.79,0.3419
15605872,0.0681,active_member,1.0,-1.1604,products_number,1.0,0.1311
15605918,0.1363,products_number,2.0,-1.3944,active_member,0.0,0.2817
15605926,0.0564,active_member,1.0,-1.0718,balance,116854.71,0.1989
15605950,0.0449,age,25.0,-1.2395,cidade_berlin,1.0,0.2228
15605965,0.0164,products_number,2.0,-1.6937,age,44.0,0.1262
15605968,0.0342,age,28.0,-1.4552,credit_utilization,0.5372812197914,0.1191
15606003,0.0113,age,23.0,-1.3641,gender_Female,1.0,0.1558
15606076,0.2747,active_member,1.0,-1.1528,age,64.0,0.846
15606133,0.0201,products_number,2.0,-1.646,estimated_salary,172967.87,0.0399
15606149,0.2771,active_member,1.0,-1.2241,country_germany,1.0,0.3506
15606158,0.3371,age,40.0,-0.7048,products_number,1.0,0.5583
15606177,0.0298,products_number,2.0,-1.4695,active_member,0.0,0.3269
15606229,0.0263,products_number,2.0,-1.4472,active_member,0.0,0.2755
15606232,0.1621,age,38.0,-0.6897,gender_Female,1.0,0.1487
15606267,0.1887,age,39.0,-0.5459,gender_Female,1.0,0.1771
15606274,0.1012,products_number,2.0,-1.1616,limite_credito,79593.23,0.2415
15606310,0.0718,active_member,1.0,-1.1315,estimated_salary,162683.06,0.2148
15606435,0.0202,active_member,1.0,-1.352,limite_credito,142969.91,0.1253
15606436,0.0099,products_number,2.0,-1.4263,active_member,0.0,0.257
15606472,0.2768,age,40.0,-0.4802,products_number,1.0,0.5174
15606507,0.0284,age,26.0,-1.3527,active_member,0.0,0.3341
15606552,0.0623,products_number,2.0,-0.8757,limite_credito,115134.29,0.3195
15606554,0.0435,age,31.0,-1.309,products_number,1.0,0.4246
15606836,0.0758,age,34.0,-1.2361,gender_Female,1.0,0.1969
15606841,0.0248,products_number,2.0,-1.4193,active_member,0.0,0.2064
15606849,0.0552,age,29.0,-1.4724,gender_Female,1.0,0.2505
15606855,0.0145,products_number,2.0,-1.2999,credit_score,730.0,0.0242
15606861,0.0128,products_number,2.0,-1.2121,active_member,0.0,0.2992
15606901,0.0468,products_number,2.0,-1.726,active_member,0.0,0.1719
15606915,0.0519,age,26.0,-1.6197,active_member,0.0,0.3364
15607040,0.139,products_number,2.0,-0.8439,active_member,0.0,0.2716
15607065,0.0931,age,35.0,-1.3131,active_member,0.0,0.3324
15607098,0.1905,products_number,2.0,-1.1393,limite_credito,56086.07,0.3962
15607112,0.0134,products_number,2.0,-1.2583,credit_score,606.0,0.0348
15607142,0.0723,age,34.0,-1.2727,products_number,1.0,0.4558
15607176,0.1345,age,23.0,-1.3341,products_number,1.0,0.4434
15607178,0.1933,age,39.0,-0.5441,products_number,1.0,0.3767
15607230,0.0491,products_number,2.0,-1.2223,limite_credito,147436.46,0.2629
15607269,0.421,products_number,2.0,-1.1742,age,51.0,1.3017
15607278,0.1351,cidade_madrid,1.0,-0.6109,age,47.0,0.6079
15607301,0.1185,active_member,1.0,-1.2671,age,64.0,0.6212
15607330,0.1663,active_member,1.0,-0.5389,products_number,1.0,0.1819
15607381,0.1046,age,32.0,-1.2773,active_member,0.0,0.3019
15607395,0.0508,age,35.0,-1.2372,active_member,0.0,0.1873
15607485,0.0569,products_number,2.0,-1.2915,active_member,0.0,0.3484
15607509,0.0254,products_number,2.0,-1.44,active_member,0.0,0.2915
15607560,0.0239,products_number,2.0,-1.4083,gender_Female,1.0,0.247
15607577,0.0812,age,29.0,-1.2443,products_number,1.0,0.4296
15607598,0.0354,products_number,2.0,-1.265,gender_Female,1.0,0.1703
15607629,0.1713,products_number,2.0,-1.4299,age,50.0,1.1554
15607634,0.0349,products_number,2.0,-1.4024,limite_credito,56998.37,0.2101
15607690,0.3465,products_number,2.0,-1.411,age,48.0,0.5388
15607691,0.07,age,37.0,-0.7687,products_number,1.0,0.1329
15607713,0.0135,products_number,2.0,-1.2226,gender_Female,1.0,0.2271
15607746,0.226,age,37.0,-0.7836,products_number,1.0,0.4717
15607748,0.0639,products_number,2.0,-1.0865,limite_credito,233649.44,0.3851
15607753,0.1363,age,25.0,-1.0657,gender_Female,1.0,0.2642
15607786,0.025,age,27.0,-1.5228,products_number,1.0,0.1108
15607827,0.0792,products_number,2.0,-1.1806,limite_credito,180383.08,0.3018
15607837,0.0965,age,31.0,-1.1575,gender_Female,1.0,0.1694
15607874,0.1001,age,39.0,-0.6355,products_number,1.0,0.1416
15607877,0.0102,products_number,2.0,-1.1622,credit_score,576.0,0.0425
15607884,0.046,products_number,2.0,-1.3056,gender_Female,1.0,0.1987
15607986,0.1019,tenure,10.0,-0.6963,products_number,1.0,0.1707
15607988,0.5849,age,38.0,-0.7895,products_number,1.0,0.4288
15607990,0.2652,active_member,1.0,-0.4663,age,44.0,0.2594
15607993,0.463,active_member,1.0,-0.7256,age,53.0,1.3916
15608114,0.0885,active_member,1.0,-1.3376,age,63.0,0.6644
15608166,0.0721,age,38.0,-0.6652,products_number,1.0,0.1717
15608209,0.0717,age,34.0,-1.3396,active_member,0.0,0.3939
15608226,0.1339,active_member,1.0,-0.9886,limite_credito,211832.92,0.2174
15608230,0.0189,age,24.0,-1.3644,active_member,0.0,0.2895
15608328,0.2165,products_number,2.0,-1.3906,active_member,0.0,0.3251
15608387,0.0456,age,30.0,-1.3432,active_member,0.0,0.2653
15608408,0.0417,products_number,2.0,-1.4187,active_member,0.0,0.3154
15608595,0.1906,active_member,1.0,-0.4121,products_number,1.0,0.1545
15608688,0.0241,products_number,2.0,-1.2412,active_member,0.0,0.3001
15608726,0.0256,products_number,2.0,-1.2159,estimated_salary,166310.82,0.1108
15608760,0.089,age,32.0,-1.1313,products_number,1.0,0.1646
15608804,0.6695,active_member,1.0,-0.5908,age,50.0,1.253
15608845,0.1783,age,39.0,-0.8286,active_member,0.0,0.3013
15608873,0.6654,cidade_toulouse,1.0,-0.5933,age,53.0,1.6551
15608886,0.0244,age,34.0,-1.482,active_member,0.0,0.287
15608956,0.0852,age,34.0,-1.6036,products_number,1.0,0.4635
15608968,0.0764,age,23.0,-1.3079,active_member,0.0,0.3679
15609058,0.0398,age,24.0,-1.4215,products_number,1.0,0.1218
15609160,0.0153,age,33.0,-1.4109,active_member,0.0,0.3152
15609176,0.039,products_number,2.0,-1.3198,estimated_salary,177607.77,0.2169
15609187,0.0344,age,29.0,-1.674,active_member,0.0,0.2629
15609254,0.3033,products_number,2.0,-0.7343,limite_credito,267591.76,0.4313
15609286,0.0681,tenure,10.0,-0.5752,products_number,1.0,0.1284
15609299,0.0523,age,30.0,-1.4991,active_member,0.0,0.2159
15609319,0.1963,active_member,1.0,-0.496,products_number,1.0,0.2163
15609356,0.021,age,26.0,-1.5756,active_member,0.0,0.2349
15609458,0.0187,age,32.0,-1.2302,products_number,1.0,0.0452
15609475,0.1457,active_member,1.0,-0.4468,gender_Female,1.0,0.2063
15609510,0.569,gender_Female,0.0,-0.4258,age,47.0,0.9075
15609521,0.0823,products_number,2.0,-1.0999,cidade_cologne,1.0,0.2592
15609545,0.0882,age,31.0,-1.1738,estimated_salary,177017.39,0.245
15609562,0.4229,country_germany,0.0,-0.2915,active_member,0.0,0.3787
15609637,0.0472,products_number,2.0,-1.6872,age,52.0,1.0954
15609643,0.0693,age,34.0,-1.119,limite_credito,255455.54,0.3015
15609669,0.1891,products_number,2.0,-0.8612,limite_credito,278756.25,0.3215
15609676,0.2441,age,37.0,-0.8819,active_member,0.0,0.3011
15609804,0.0146,age,30.0,-1.3988,active_member,0.0,0.3139
15609823,0.0617,age,36.0,-1.0076,active_member,0.0,0.2797
15609899,0.2044,age,38.0,-1.0264,products_number,1.0,0.4844
15609913,0.8137,cidade_toulouse,1.0,-0.204,age,48.0,0.8641
15609928,0.1463,products_number,2.0,-1.382,limite_credito,172691.91,0.3634
15609977,0.5704,cidade_bordeaux,1.0,-0.387,age,49.0,1.028
15609987,0.3529,cidade_marseille,1.0,-0.3666,products_number,1.0,0.2654
15610002,0.0172,products_number,2.0,-1.608,balance,0.0,0.0181
15610042,0.061,age,35.0,-1.4046,active_member,0.0,0.3352
15610056,0.087,products_number,2.0,-1.1997,gender_Female,1.0,0.1732
15610090,0.2146,products_number,2.0,-0.9342,active_member,0.0,0.4161
15610105,0.0873,age,22.0,-1.349,cidade_berlin,1.0,0.1989
15610140,0.086,products_number,2.0,-1.1673,active_member,0.0,0.3137
15610156,0.0976,gender_Female,0.0,-0.5062,products_number,1.0,0.127
15610165,0.0181,age,28.0,-1.3374,gender_Female,1.0,0.1607
15610226,0.0613,age,28.0,-1.4935,active_member,0.0,0.2798
15610271,0.4455,cidade_madrid,1.0,-0.5439,active_member,0.0,0.3786
15610337,0.1454,age,36.0,-1.1304,active_member,0.0,0.3358
15610355,0.5052,gender_Female,0.0,-0.3164,age,45.0,0.4727
15610379,0.0549,age,31.0,-1.1157,products_number,1.0,0.1072
15610403,0.1431,products_number,2.0,-1.1811,active_member,0.0,0.3298
15610419,0.0463,age,34.0,-1.3087,products_number,1.0,0.0864
15610426,0.108,age,40.0,-0.5048,products_number,1.0,0.1356
15610433,0.0125,products_number,2.0,-1.2007,active_member,0.0,0.3045
15610454,0.1219,age,34.0,-1.3196,products_number,1.0,0.2845
15610557,0.1039,products_number,2.0,-0.7724,gender_Female,1.0,0.268
15610594,0.0902,products_number,2.0,-1.2315,active_member,0.0,0.33
15610643,0.4508,gender_Female,0.0,-0.3348,age,45.0,0.4003
15610653,0.0418,products_number,2.0,-1.233,gender_Female,1.0,0.2564
15610711,0.71,age,41.0,-0.3214,country_germany,1.0,0.4207
15610727,0.1205,age,37.0,-1.0196,active_member,0.0,0.3494
15610753,0.052,age,29.0,-1.3812,credit_utilization,0.5399370818808306,0.0956
15610755,0.1085,age,34.0,-1.1887,products_number,1.0,0.1683
15610765,0.0231,age,30.0,-1.4177,active_member,0.0,0.3322
15610781,0.0698,age,31.0,-1.3903,active_member,0.0,0.2633
15610801,0.4262,active_member,1.0,-0.4767,country_germany,1.0,0.4691
15610903,0.2754,age,32.0,-1.0932,active_member,0.0,0.4376
15610912,0.4623,age,42.0,-0.4402,active_member,0.0,0.3823
15610930,0.4683,age,36.0,-0.9765,products_number,1.0,0.4074
15611024,0.0678,age,25.0,-1.3609,gender_Female,1.0,0.2501
15611029,0.4906,age,34.0,-1.2465,products_number,1.0,0.4199
15611088,0.0289,age,33.0,-1.4177,active_member,0.0,0.2678
15611105,0.0092,products_number,2.0,-1.3364,credit_utilization,,0.0302
15611157,0.1248,age,33.0,-1.6502,active_member,0.0,0.3583
15611171,0.0305,age,34.0,-1.38,products_number,1.0,0.1412
15611189,0.4082,country_germany,0.0,-0.2663,active_member,0.0,0.3539
15611223,0.1751,products_number,2.0,-1.181,active_member,0.0,0.2703
15611247,0.0246,age,30.0,-1.4839,active_member,0.0,0.2461
15611287,0.0395,products_number,2.0,-1.2356,gender_Female,1.0,0.2228
15611315,0.2169,age,25.0,-1.3762,products_number,1.0,0.4353
15611325,0.0813,age,25.0,-1.2697,active_member,0.0,0.3813
15611329,0.0697,products_number,2.0,-1.2114,gender_Female,1.0,0.3089
15611338,0.018,products_number,2.0,-1.2904,estimated_salary,37605.9,0.0803
15611365,0.1062,age,33.0,-1.4127,active_member,0.0,0.3493
15611371,0.2282,active_member,1.0,-0.4932,age,44.0,0.3679
15611409,0.028,products_number,2.0,-1.3904,active_member,0.0,0.3114
15611544,0.0593,products_number,2.0,-1.1861,active_member,0.0,0.3048
15611551,0.1769,products_number,2.0,-0.808,age,49.0,0.9423
15611579,0.1698,active_member,1.0,-0.5156,age,44.0,0.2899
15611580,0.1449,age,34.0,-1.3488,active_member,0.0,0.3572
15611599,0.0445,products_number,2.0,-1.0837,gender_Female,1.0,0.1542
15611612,0.1835,age,31.0,-1.4111,products_number,1.0,0.5139
15611635,0.2638,cidade_madrid,1.0,-0.4732,products_number,1.0,0.4765
15611644,0.1287,active_member,1.0,-1.0484,products_number,1.0,0.1047
15611699,0.5133,age,42.0,-0.365,products_number,1.0,0.5162
15611756,0.5525,products_number,2.0,-1.1157,age,49.0,1.1377
15611759,0.3127,active_member,1.0,-0.9354,age,58.0,1.606
15611786,0.2885,active_member,1.0,-1.2412,cidade_zaragoza,1.0,0.3217
15611794,0.1086,active_member,1.0,-1.2436,age,63.0,0.9264
15611800,0.193,active_member,1.0,-1.1112,age,64.0,0.7549
15611848,0.0612,age,34.0,-1.4194,country_germany,1.0,0.3132
15611905,0.19,age,33.0,-1.2106,active_member,0.0,0.4127
15611947,0.1199,age,36.0,-1.2534,active_member,0.0,0.4114
15611961,0.0232,products_number,2.0,-1.3,active_member,0.0,0.2941
15611973,0.0383,products_number,2.0,-1.6593,age,56.0,1.5766
15612030,0.0189,products_number,2.0,-1.1922,credit_score,724.0,0.0803
15612043,0.0549,age,37.0,-0.7342,products_number,1.0,0.1637
15612050,0.3923,active_member,1.0,-0.5407,age,49.0,0.9602
15612071,0.0683,age,33.0,-1.1807,gender_Female,1.0,0.2056
15612087,0.409,active_member,1.0,-0.4246,age,46.0,0.7706
15612108,0.4231,active_member,1.0,-0.5854,age,53.0,1.4426
15612140,0.221,active_member,1.0,-0.4511,age,47.0,0.5918
15612187,0.3604,age,34.0,-1.3133,active_member,0.0,0.4189
15612193,0.0608,age,30.0,-1.3252,active_member,0.0,0.355
15612358,0.0509,products_number,2.0,-1.0341,limite_credito,147317.88,0.1264
15612418,0.1195,products_number,2.0,-1.2866,active_member,0.0,0.3252
15612444,0.031,age,30.0,-1.3277,active_member,0.0,0.3279
15612455,0.6471,active_member,1.0,-0.4394,age,47.0,0.8599
15612465,0.0362,age,35.0,-0.9371,limite_credito,109232.54,0.2924
15612505,0.3051,cidade_madrid,1.0,-0.5228,age,47.0,0.5131
15612524,0.4946,tenure,2.0,-0.3385,country_germany,1.0,0.4246
15612594,0.0183,products_number,2.0,-1.257,credit_score,599.0,0.0773
15612615,0.0486,products_number,2.0,-1.3023,active_member,0.0,0.2681
15612627,0.1152,age,30.0,-1.1762,active_member,0.0,0.3714
15612633,0.2033,active_member,1.0,-0.5031,age,45.0,0.4913
15612667,0.3916,gender_Female,0.0,-0.3782,products_number,1.0,0.5195
15612670,0.158,products_number,2.0,-1.353,age,48.0,0.7999
15612729,0.0731,products_number,2.0,-1.2076,age,64.0,0.9604
15612769,0.0423,age,30.0,-1.2323,products_number,1.0,0.1177
15612771,0.0624,age,37.0,-0.7667,products_number,1.0,0.1385
15612776,0.0763,products_number,2.0,-1.2687,gender_Female,1.0,0.3585
15612832,0.044,age,33.0,-1.4943,active_member,0.0,0.3403
15612893,0.5579,gender_Female,0.0,-0.3421,products_number,1.0,0.5016
15612931,0.3515,active_member,1.0,-0.7744,age,52.0,1.112
15613014,0.1104,age,30.0,-1.4457,active_member,0.0,0.3633
15613017,0.2197,age,34.0,-1.4563,country_germany,1.0,0.4342
15613085,0.1923,age,35.0,-0.9048,products_number,1.0,0.4835
15613097,0.0272,products_number,2.0,-1.2416,gender_Female,1.0,0.1697
15613140,0.1378,age,35.0,-1.0763,products_number,1.0,0.4878
15613141,0.2819,active_member,1.0,-0.4677,age,43.0,0.2644
15613172,0.0432,age,28.0,-1.479,active_member,0.0,0.3722
15613180,0.1004,age,23.0,-1.3917,country_germany,1.0,0.3142
15613197,0.0285,products_number,2.0,-1.4576,active_member,0.0,0.3201
15613216,0.1361,cidade_madrid,1.0,-0.7633,active_member,0.0,0.3039
15613282,0.1307,age,30.0,-1.4171,active_member,0.0,0.4081
15613292,0.018,age,22.0,-1.3756,active_member,0.0,0.3171
15613319,0.2083,age,35.0,-1.2091,products_number,1.0,0.5001
15613326,0.1343,age,34.0,-1.4531,active_member,0.0,0.3622
15613337,0.0486,products_number,2.0,-1.7239,age,49.0,0.9394
15613463,0.4107,products_number,2.0,-1.1192,age,51.0,1.2208
15613471,0.0338,products_number,2.0,-1.0442,limite_credito,63874.83,0.1665
15613518,0.1086,age,36.0,-0.9468,gender_Female,1.0,0.1864
15613623,0.2618,active_member,1.0,-1.2386,age,63.0,0.6917
15613656,0.3024,active_member,1.0,-1.0399,age,59.0,1.2593
15613673,0.1015,age,29.0,-1.5777,products_number,1.0,0.4367
15613712,0.0172,products_number,2.0,-1.3273,active_member,0.0,0.3332
15613713,0.045,age,31.0,-1.1195,balance,44928.88,0.2582
15613734,0.0552,age,34.0,-1.1638,limite_credito,208303.48,0.1684
15613786,0.0171,products_number,2.0,-1.3017,estimated_salary,167036.94,0.037
15613787,0.1248,age,37.0,-0.9505,active_member,0.0,0.3431
15613816,0.3735,active_member,1.0,-0.4884,products_number,1.0,0.1646
15613844,0.0717,age,30.0,-1.3652,limite_credito,173616.4,0.1818
15613880,0.1378,active_member,1.0,-1.2246,age,60.0,0.9853
15613945,0.0158,age,28.0,-1.5656,active_member,0.0,0.2777
15613962,0.0455,products_number,2.0,-1.3598,estimated_salary,183042.2,0.2092
15614049,0.0391,products_number,2.0,-1.6404,age,56.0,1.4575
15614054,0.017,products_number,2.0,-1.3263,balance,0.0,0.039
15614137,0.1011,products_number,2.0,-1.3488,active_member,0.0,0.3449
15614187,0.179,products_number,2.0,-1.1357,limite_credito,324633.63,0.2576
15614213,0.0777,age,38.0,-1.0796,active_member,0.0,0.292
15614215,0.0365,products_number,2.0,-1.6427,age,54.0,1.3555
15614220,0.014,products_number,2.0,-1.1773,balance,-0.0,0.0222
15614230,0.0271,products_number,2.0,-1.2476,gender_Female,1.0,0.1609
15614302,0.0577,age,32.0,-1.3001,active_member,0.0,0.2937
15614361,0.1829,active_member,1.0,-0.5467,age,44.0,0.277
15614365,0.3321,age,32.0,-1.2148,active_member,0.0,0.41
15614420,0.0949,age,34.0,-1.1774,limite_credito,129045.29,0.2091
15614491,0.1276,products_number,2.0,-0.871,active_member,0.0,0.3356
15614520,0.1919,age,39.0,-0.8257,active_member,0.0,0.2884
15614635,0.3568,active_member,1.0,-0.7593,age,54.0,1.5167
15614643,0.0616,products_number,2.0,-1.4019,active_member,0.0,0.2669
15614687,0.2354,products_number,2.0,-1.23,age,45.0,0.5374
15614716,0.1318,age,38.0,-0.8394,products_number,1.0,0.1742
15614740,0.1662,products_number,2.0,-0.8376,limite_credito,183400.95,0.3239
15614778,0.0532,products_number,2.0,-1.1724,active_member,0.0,0.356
15614782,0.1839,age,37.0,-1.1062,products_number,1.0,0.4621
15614813,0.7011,estimated_salary,487.3,-0.3258,age,47.0,0.6103
15614818,0.1874,age,34.0,-0.9882,gender_Female,1.0,0.1927
15614827,0.1879,tenure,8.0,-0.4888,age,43.0,0.2876
15614834,0.137,age,33.0,-1.0713,limite_credito,242471.14,0.2955
15614847,0.2931,active_member,1.0,-0.4363,age,46.0,0.5903
15614878,0.2679,age,31.0,-0.9673,products_number,1.0,0.3255
15614893,0.1469,age,40.0,-0.4702,products_number,1.0,0.5016
15614923,0.1134,active_member,1.0,-0.4648,products_number,1.0,0.1335
15614929,0.0814,age,30.0,-1.3125,active_member,0.0,0.3477
15614934,0.5797,age,39.0,-0.6675,country_germany,1.0,0.4303
15614936,0.2788,active_member,1.0,-0.6251,age,50.0,1.037
15614962,0.3083,active_member,1.0,-0.7465,age,52.0,1.0906
15615004,0.0331,products_number,2.0,-1.2289,gender_Female,1.0,0.2687
15615012,0.0956,age,24.0,-1.4638,active_member,0.0,0.2984
15615016,0.0227,products_number,2.0,-1.2978,credit_score,515.0,0.077
15615020,0.1135,products_number,2.0,-1.1903,gender_Female,1.0,0.2265
15615029,0.2827,age,40.0,-0.4057,products_number,1.0,0.5524
15615032,0.0287,products_number,2.0,-1.7239,age,47.0,0.5032
15615091,0.0235,products_number,2.0,-1.1989,balance,0.0,0.1083
15615096,0.0192,products_number,2.0,-1.1923,gender_Female,1.0,0.2011
15615140,0.081,age,37.0,-0.7788,products_number,1.0,0.1696
15615176,0.014,age,28.0,-1.3579,active_member,0.0,0.282
15615177,0.0546,age,29.0,-1.1369,credit_score,561.0,0.0467
15615219,0.1321,active_member,1.0,-1.1971,age,61.0,0.6721
15615245,0.0301,age,20.0,-1.3398,products_number,1.0,0.0727
15615254,0.1815,tenure,10.0,-0.5802,balance,43028.77,0.36
15615322,0.1158,products_number,2.0,-0.9841,limite_credito,137256.7,0.3734
15615330,0.0115,products_number,2.0,-1.2134,estimated_salary,170099.23,0.0626
15615352,0.0427,age,33.0,-1.1821,limite_credito,81343.33,0.0955
15615444,0.038,age,30.0,-1.174,limite_credito,160373.77,0.2294
15615457,0.3114,products_number,2.0,-0.9161,limite_credito,157195.48,0.2902
15615473,0.0639,age,34.0,-1.29,active_member,0.0,0.3417
15615477,0.2302,products_number,2.0,-1.4557,active_member,0.0,0.3442
15615575,0.015,products_number,2.0,-1.2851,balance,0.0,0.0106
15615624,0.0718,age,30.0,-1.303,active_member,0.0,0.3008
15615670,0.0821,age,38.0,-0.7215,products_number,1.0,0.1259
15615753,0.2487,age,36.0,-1.0021,country_germany,1.0,0.3901
15615820,0.2305,active_member,1.0,-0.5631,age,50.0,1.3301
15615828,0.1426,age,36.0,-1.279,active_member,0.0,0.3443
15615832,0.1596,age,37.0,-0.614,gender_Female,1.0,0.2031
15615931,0.048,products_number,2.0,-1.3899,gender_Female,1.0,0.248
15615938,0.2534,active_member,1.0,-1.008,age,65.0,0.6161
15615991,0.1371,active_member,1.0,-0.5799,age,43.0,0.2012
15616028,0.1479,age,32.0,-1.4433,products_number,3.0,2.5632
15616029,0.013,age,33.0,-1.313,active_member,0.0,0.3065
15616088,0.1267,active_member,1.0,-1.0776,gender_Female,1.0,0.1374
15616122,0.0083,products_number,2.0,-1.4685,balance,0.0,0.0397
15616152,0.6355,tenure,1.0,-0.3074,age,49.0,0.984
15616168,0.0841,age,36.0,-0.9946,gender_Female,1.0,0.2072
15616172,0.0191,products_number,2.0,-1.2225,active_member,0.0,0.3488
15616240,0.0165,products_number,2.0,-1.4194,credit_score,530.0,0.033
15616270,0.1532,active_member,1.0,-0.5563,age,44.0,0.2092
15616280,0.6724,gender_Female,0.0,-0.2779,age,48.0,0.88
15616330,0.0269,products_number,2.0,-1.2714,active_member,0.0,0.215
15616365,0.4214,products_number,2.0,-1.1427,age,54.0,1.9205
15616380,0.0519,products_number,2.0,-1.318,gender_Female,1.0,0.3101
15616431,0.0854,age,34.0,-1.1977,products_number,1.0,0.4479
15616451,0.4828,active_member,1.0,-0.4014,age,48.0,0.9327
15616471,0.4833,active_member,1.0,-0.6015,age,52.0,1.2849
15616525,0.1459,age,32.0,-1.229,active_member,0.0,0.372
15616529,0.1879,age,36.0,-0.9356,products_number,1.0,0.4873
15616550,0.0973,products_number,2.0,-1.3311,active_member,0.0,0.2741
15616555,0.369,tenure,8.0,-0.4564,active_member,0.0,0.4026
15616630,0.4701,age,42.0,-0.375,products_number,1.0,0.3719
15616666,0.3779,products_number,2.0,-1.1933,age,53.0,1.334
15616700,0.0546,products_number,2.0,-1.3538,gender_Female,1.0,0.2906
15616709,0.2361,products_number,2.0,-1.0488,active_member,0.0,0.2983
15616745,0.0676,age,36.0,-0.861,limite_credito,465191.38,0.0932
15616811,0.3233,active_member,1.0,-0.4569,age,48.0,1.0355
15616833,0.0183,products_number,2.0,-1.2104,cidade_zaragoza,1.0,0.0654
15616922,0.0134,age,28.0,-1.4421,gender_Female,1.0,0.0739
15616929,0.1186,active_member,1.0,-1.3154,age,63.0,0.6829
15616931,0.1927,gender_Female,0.0,-0.4854,active_member,0.0,0.3929
15616954,0.0222,products_number,2.0,-1.171,credit_score,592.0,0.0517
15617029,0.0488,products_number,2.0,-1.3181,active_member,0.0,0.3149
15617078,0.4896,cidade_marseille,1.0,-0.4112,age,46.0,0.5002
15617082,0.017,age,35.0,-1.0691,products_number,1.0,0.0799
15617134,0.0273,products_number,2.0,-1.5068,active_member,0.0,0.275
15617136,0.2065,age,39.0,-0.5384,products_number,1.0,0.3854
15617166,0.2231,age,38.0,-0.9254,products_number,1.0,0.4827
15617206,0.1391,products_number,2.0,-1.4761,active_member,0.0,0.3291
15617252,0.1553,age,34.0,-1.4421,active_member,0.0,0.3588
15617301,0.553,age,38.0,-0.8447,country_germany,1.0,0.5454
15617304,0.0233,products_number,2.0,-1.6089,balance,0.0,0.1057
15617320,0.6196,balance,151709.33,-0.2325,age,48.0,0.7469
15617348,0.044,products_number,2.0,-1.6901,active_member,0.0,0.3497
15617401,0.0137,age,24.0,-1.5275,active_member,0.0,0.2975
15617419,0.0438,age,30.0,-1.3685,gender_Female,1.0,0.2164
15617434,0.1938,age,39.0,-0.576,products_number,1.0,0.4797
15617454,0.0176,age,26.0,-1.3321,gender_Female,1.0,0.1802
15617476,0.0229,products_number,2.0,-1.3196,gender_Female,1.0,0.1724
15617507,0.0779,products_number,2.0,-1.2817,active_member,0.0,0.3184
15617518,0.1197,age,37.0,-0.7595,products_number,1.0,0.374
15617538,0.0252,products_number,2.0,-1.4772,active_member,0.0,0.3024
15617603,0.0456,products_number,2.0,-1.0944,cidade_cologne,1.0,0.2395
15617617,0.0103,products_number,2.0,-1.536,credit_utilization,,0.0177
15617648,0.1237,products_number,2.0,-1.0432,age,46.0,0.5653
15617655,0.059,products_number,2.0,-1.2217,gender_Female,1.0,0.3164
15617657,0.1144,age,37.0,-0.7624,products_number,1.0,0.2341
15617705,0.2343,active_member,1.0,-0.3964,gender_Female,1.0,0.1747
15617790,0.1008,age,30.0,-1.3231,active_member,0.0,0.2737
15617866,0.0467,active_member,1.0,-1.4325,limite_credito,121186.99,0.219
15617877,0.0518,products_number,2.0,-1.5867,age,45.0,0.453
15617934,0.0514,age,37.0,-0.7459,products_number,1.0,0.118
15617982,0.138,products_number,2.0,-1.4644,active_member,0.0,0.3319
15617991,0.05,age,30.0,-1.3061,credit_utilization,0.8838098988270561,0.0853
15618018,0.0578,products_number,2.0,-0.8476,gender_Female,1.0,0.1843
15618155,0.1808,active_member,1.0,-0.5282,age,47.0,0.7532
15618171,0.0219,products_number,2.0,-1.2179,gender_Female,1.0,0.2048
15618182,0.0974,products_number,2.0,-1.3408,active_member,0.0,0.3154
15618203,0.2515,products_number,2.0,-1.2867,age,53.0,1.3782
15618213,0.0471,age,34.0,-1.2921,products_number,1.0,0.1671
15618225,0.109,products_number,2.0,-1.2108,active_member,0.0,0.3363
15618239,0.7615,tenure,0.0,-0.3002,age,49.0,1.074
15618243,0.1701,cidade_madrid,1.0,-0.4066,age,45.0,0.5134
15618245,0.207,products_number,2.0,-1.2144,active_member,0.0,0.4003
15618258,0.0945,age,39.0,-0.9912,active_member,0.0,0.3175
15618363,0.0618,age,31.0,-1.1543,products_number,1.0,0.3329
15618391,0.0198,products_number,2.0,-1.2709,credit_utilization,,0.031
15618401,0.0519,products_number,2.0,-1.2482,limite_credito,289637.99,0.3082
15618410,0.2466,age,28.0,-1.5572,country_germany,1.0,0.4087
15618437,0.0096,products_number,2.0,-1.2208,credit_score,567.0,0.0138
15618446,0.1914,products_number,2.0,-1.421,age,51.0,1.3071
15618566,0.0432,products_number,2.0,-1.3842,gender_Female,1.0,0.2613
15618581,0.0166,products_number,2.0,-1.2167,cidade_zaragoza,1.0,0.0626
15618661,0.0549,age,31.0,-1.2203,credit_score,535.0,0.0931
15618695,0.1221,age,24.0,-1.2172,gender_Female,1.0,0.2029
15618750,0.0628,age,32.0,-1.3947,active_member,0.0,0.332
15618765,0.671,active_member,1.0,-0.4203,country_germany,1.0,0.3998
15618816,0.4175,active_member,1.0,-0.4058,country_germany,1.0,0.4014
15618926,0.0273,products_number,2.0,-1.6029,age,45.0,0.3462
15618950,0.0379,age,28.0,-1.1981,limite_credito,117975.98,0.2564
15619016,0.1981,products_number,2.0,-1.3534,age,47.0,0.6534
15619029,0.2001,products_number,2.0,-1.4966,active_member,0.0,0.362
15619045,0.0819,products_number,2.0,-1.4944,age,45.0,0.4558
15619083,0.0341,products_number,2.0,-1.274,gender_Female,1.0,0.2178
15619087,0.4729,active_member,1.0,-0.92,age,55.0,1.6915
15619116,0.0568,products_number,2.0,-1.3077,gender_Female,1.0,0.2506
15619130,0.0924,products_number,2.0,-1.115,gender_Female,1.0,0.2011
15619238,0.0247,products_number,2.0,-1.2771,active_member,0.0,0.3268
15619280,0.0335,age,26.0,-1.2555,active_member,0.0,0.3031
15619340,0.0257,products_number,2.0,-1.3593,active_member,0.0,0.2909
15619360,0.185,cidade_madrid,1.0,-0.5746,products_number,1.0,0.4603
15619407,0.1315,active_member,1.0,-0.4335,products_number,1.0,0.2005
15619436,0.3525,age,34.0,-1.2756,products_number,1.0,0.5104
15619465,0.0354,products_number,2.0,-1.2487,gender_Female,1.0,0.2066
15619494,0.2277,age,32.0,-1.2353,country_germany,1.0,0.283
15619529,0.0819,age,29.0,-1.4091,active_member,0.0,0.402
15619537,0.0257,age,32.0,-0.9306,limite_credito,93463.73,0.1187
15619616,0.0529,age,35.0,-1.2963,active_member,0.0,0.2494
15619626,0.0337,age,26.0,-1.0603,limite_credito,401544.15,0.161
15619674,0.1747,age,36.0,-1.004,products_number,1.0,0.2817
15619699,0.1134,age,32.0,-1.3544,products_number,1.0,0.4841
15619708,0.0985,age,27.0,-1.3202,limite_credito,283928.72,0.342
15619801,0.0258,age,35.0,-1.3203,limite_credito,101700.73,0.1232
15619857,0.2416,active_member,1.0,-1.0709,age,65.0,0.6834
15619889,0.1724,age,27.0,-1.5232,products_number,1.0,0.4705
15619892,0.0505,products_number,2.0,-1.2294,active_member,0.0,0.3433
15619898,0.0269,products_number,2.0,-1.6489,age,56.0,1.5018
15619932,0.053,active_member,1.0,-1.4482,age,67.0,0.0971
15619935,0.2367,active_member,1.0,-1.166,age,61.0,0.6799
15619953,0.5024,country_germany,0.0,-0.2511,active_member,0.0,0.4185
15620000,0.0549,products_number,2.0,-1.1101,limite_credito,337597.39,0.1829
15620030,0.0517,age,30.0,-1.5754,products_number,1.0,0.4188
15620103,0.1947,active_member,1.0,-0.3918,products_number,1.0,0.1509
15620111,0.914,tenure,8.0,-0.3291,age,56.0,2.3312
15620123,0.2115,age,40.0,-0.6189,active_member,0.0,0.4017
15620268,0.4463,gender_Female,0.0,-0.3048,active_member,0.0,0.294
15620276,0.3277,age,38.0,-0.7396,products_number,3.0,2.6889
15620323,0.2987,products_number,2.0,-0.9955,active_member,0.0,0.2745
15620341,0.076,products_number,2.0,-1.4173,active_member,0.0,0.2195
15620344,0.1508,age,31.0,-1.5444,products_number,1.0,0.5658
15620372,0.0347,products_number,2.0,-1.3745,active_member,0.0,0.3348
15620398,0.0758,age,36.0,-1.1201,active_member,0.0,0.2954
15620505,0.1231,age,26.0,-1.1981,gender_Female,1.0,0.1546
15620507,0.1677,age,31.0,-1.1489,products_number,1.0,0.2795
15620557,0.0935,age,38.0,-0.7057,credit_score,561.0,0.1144
15620570,0.4656,gender_Female,0.0,-0.3028,active_member,0.0,0.3548
15620577,0.0295,products_number,2.0,-1.7346,age,47.0,0.5572
15620579,0.0326,products_number,2.0,-1.2667,gender_Female,1.0,0.2249
15620735,0.1599,age,34.0,-1.3012,active_member,0.0,0.3254
15620746,0.4362,gender_Female,0.0,-0.3789,active_member,0.0,0.3286
15620750,0.0605,age,30.0,-1.3178,credit_utilization,0.5463600367654162,0.0984
15620751,0.0443,products_number,2.0,-1.295,active_member,0.0,0.3522
15620758,0.029,products_number,2.0,-1.3429,active_member,0.0,0.316
15620832,0.0483,products_number,2.0,-1.2034,gender_Female,1.0,0.3025
15620836,0.1361,products_number,2.0,-1.2797,active_member,0.0,0.3084
15620936,0.0177,products_number,2.0,-1.1941,balance,0.0,0.0338
15620988,0.0856,products_number,2.0,-1.7792,age,47.0,0.3838
15621021,0.1311,products_number,2.0,-1.2757,active_member,0.0,0.3195
15621031,0.0206,age,29.0,-1.3389,active_member,0.0,0.3546
15621063,0.5361,tenure,8.0,-0.5416,active_member,0.0,0.3584
15621064,0.0556,age,25.0,-0.9481,limite_credito,378547.43,0.2236
15621075,0.3065,products_number,2.0,-1.1857,age,46.0,0.5068
15621093,0.1046,age,32.0,-1.1881,active_member,0.0,0.3564
15621116,0.3284,age,34.0,-1.3307,active_member,0.0,0.4291
15621140,0.0131,products_number,2.0,-1.3534,country_france,0.0,0.009
15621195,0.0631,products_number,2.0,-1.4409,active_member,0.0,0.3805
15621205,0.0833,age,36.0,-1.0207,credit_utilization,0.5139011718932617,0.1962
15621227,0.6452,active_member,1.0,-0.3629,age,47.0,0.8813
15621244,0.1086,age,38.0,-0.6394,products_number,1.0,0.1854
15621267,0.1181,age,34.0,-1.4052,products_number,1.0,0.4775
15621353,0.056,products_number,2.0,-1.3032,gender_Female,1.0,0.2906
15621409,0.0993,age,33.0,-1.4768,active_member,0.0,0.3478
15621432,0.0113,products_number,2.0,-1.3401,active_member,0.0,0.2865
15621435,0.3432,cidade_bordeaux,1.0,-0.2522,active_member,0.0,0.3478
15621440,0.0155,products_number,2.0,-1.5227,balance,-0.0,0.0569
15621457,0.0331,age,28.0,-1.6157,active_member,0.0,0.2689
15621466,0.5723,age,39.0,-0.7332,country_germany,1.0,0.5526
15621520,0.5206,limite_credito,405078.12,-0.3903,products_number,1.0,0.3573
15621546,0.1252,age,35.0,-1.0388,products_number,1.0,0.2317
15621629,0.0556,products_number,2.0,-1.2952,age,44.0,0.1797
15621644,0.0754,age,85.0,-1.4298,country_germany,1.0,0.2757
15621685,0.0304,age,30.0,-1.5649,active_member,0.0,0.2831
15621687,0.0209,products_number,2.0,-1.2177,active_member,0.0,0.2206
15621768,0.2049,estimated_salary,198398.68,-0.8708,age,47.0,0.3527
15621815,0.323,age,42.0,-0.3678,active_member,0.0,0.3595
15621818,0.0886,age,30.0,-1.3126,country_germany,1.0,0.3384
15621834,0.161,products_number,2.0,-1.395,active_member,0.0,0.3565
15621870,0.4464,age,42.0,-0.503,products_number,1.0,0.4822
15621893,0.0468,age,20.0,-1.2909,products_number,1.0,0.1121
15622003,0.1471,age,36.0,-1.1102,active_member,0.0,0.3478
15622017,0.1827,age,34.0,-1.0463,products_number,1.0,0.4617
15622083,0.2096,products_number,2.0,-1.1828,limite_credito,243141.11,0.3851
15622117,0.0538,age,33.0,-1.3689,active_member,0.0,0.2974
15622171,0.0828,age,32.0,-1.2378,active_member,0.0,0.3063
15622182,0.0623,age,29.0,-1.4257,active_member,0.0,0.2902
15622192,0.0258,products_number,2.0,-1.4298,cidade_zaragoza,1.0,0.1295
15622230,0.0328,products_number,2.0,-1.1551,gender_Female,1.0,0.1777
15622289,0.0728,products_number,2.0,-1.2557,gender_Female,1.0,0.3074
15622305,0.0996,age,34.0,-1.1629,limite_credito,216549.03,0.1854
15622321,0.1053,age,34.0,-1.3447,products_number,1.0,0.5069
15622370,0.1488,age,31.0,-1.2881,country_germany,1.0,0.3738
15622442,0.0368,products_number,2.0,-1.3615,active_member,0.0,0.2503
15622443,0.0187,products_number,2.0,-1.1861,credit_score,549.0,0.0241
15622454,0.0406,age,29.0,-1.1663,products_number,1.0,0.0867
15622461,0.4199,products_number,2.0,-1.0784,age,52.0,1.4462
15622470,0.057,tenure,10.0,-0.599,credit_utilization,0.946411279171963,0.0863
15622494,0.017,age,28.0,-1.3581,active_member,0.0,0.2897
15622507,0.1414,products_number,2.0,-1.2306,limite_credito,236526.25,0.2983
15622578,0.0572,age,36.0,-1.093,products_number,1.0,0.1092
15622585,0.0459,age,27.0,-1.3649,credit_utilization,0.4934940558534258,0.1677
15622658,0.0778,age,28.0,-1.8074,active_member,0.0,0.3524
15622729,0.1107,products_number,2.0,-1.5506,age,48.0,0.8231
15622750,0.3484,age,23.0,-1.5939,active_member,0.0,0.4364
15622774,0.0745,age,36.0,-1.1018,products_number,1.0,0.4243
15622801,0.0577,age,28.0,-1.3417,products_number,1.0,0.2176
15622833,0.1016,age,30.0,-1.4331,active_member,0.0,0.3021
15622834,0.3257,age,36.0,-1.0886,products_number,1.0,0.506
15622911,0.3091,active_member,1.0,-0.4939,age,44.0,0.4309
15623053,0.157,age,41.0,-0.5113,active_member,0.0,0.3343
15623062,0.0579,age,26.0,-1.4171,products_number,1.0,0.3057
15623072,0.0623,products_number,2.0,-1.2444,active_member,0.0,0.3097
15623082,0.1084,products_number,2.0,-1.2193,active_member,0.0,0.3207
15623102,0.0855,products_number,2.0,-0.7648,limite_credito,231272.33,0.3866
15623143,0.1969,products_number,2.0,-1.4909,active_member,0.0,0.3389
15623196,0.0645,active_member,1.0,-0.5236,products_number,1.0,0.0604
15623220,0.132,products_number,2.0,-1.375,active_member,0.0,0.3711
15623277,0.0179,products_number,2.0,-1.3017,gender_Female,1.0,0.2069
15623314,0.621,balance,190353.08,-0.6553,age,60.0,1.2977
15623346,0.0299,products_number,2.0,-1.2973,active_member,0.0,0.2944
15623357,0.0809,age,25.0,-1.2933,products_number,1.0,0.3374
15623430,0.0182,products_number,2.0,-1.2949,active_member,0.0,0.2115
15623450,0.109,age,29.0,-1.4163,products_number,1.0,0.2686
15623471,0.4349,age,40.0,-0.6248,country_germany,1.0,0.477
15623478,0.0813,age,33.0,-1.2868,limite_credito,154808.26,0.2216
15623489,0.1202,active_member,1.0,-1.2638,gender_Female,1.0,0.1333
15623502,0.4684,active_member,1.0,-0.961,age,57.0,1.3212
15623521,0.229,products_number,2.0,-1.0931,limite_credito,172647.96,0.3686
15623525,0.0793,age,32.0,-1.0732,products_number,1.0,0.181
15623560,0.1845,age,37.0,-0.6734,gender_Female,1.0,0.3032
15623566,0.2145,active_member,1.0,-0.4924,balance,46520.69,0.3182
15623595,0.0448,products_number,2.0,-1.2359,gender_Female,1.0,0.1884
15623644,0.0185,products_number,2.0,-1.2916,active_member,0.0,0.315
15623647,0.215,age,38.0,-0.9406,active_member,0.0,0.3519
15623649,0.0137,products_number,2.0,-1.3031,estimated_salary,15404.64,0.0357
15623668,0.0631,age,33.0,-1.2649,active_member,0.0,0.3462
15623695,0.0367,products_number,2.0,-1.2439,gender_Female,1.0,0.2222
15623730,0.054,age,36.0,-1.1617,products_number,1.0,0.4316
15623744,0.0538,age,36.0,-1.1136,products_number,1.0,0.1161
15623791,0.3532,age,42.0,-0.5473,active_member,0.0,0.3203
15623828,0.1957,age,32.0,-1.2011,products_number,1.0,0.4692
15623858,0.4921,gender_Female,0.0,-0.4554,age,46.0,0.5849
15623927,0.0494,products_number,2.0,-1.5695,age,57.0,1.4456
15623966,0.0738,products_number,2.0,-1.2398,gender_Female,1.0,0.2639
15623972,0.2093,age,25.0,-1.3996,country_germany,1.0,0.2766
15624013,0.4475,country_germany,0.0,-0.2678,active_member,0.0,0.3587
15624068,0.0207,age,27.0,-1.2867,gender_Female,1.0,0.2103
15624072,0.019,age,24.0,-1.3733,active_member,0.0,0.3734
15624170,0.0984,products_number,2.0,-0.883,limite_credito,97327.21,0.1941
15624186,0.1609,age,27.0,-1.4288,products_number,1.0,0.3688
15624188,0.0342,products_number,2.0,-1.2455,gender_Female,1.0,0.1877
15624229,0.0284,products_number,2.0,-1.2352,gender_Female,1.0,0.1884
15624293,0.6157,cidade_nice,1.0,-0.3145,age,48.0,0.8631
15624343,0.7601,tenure,7.0,-0.3458,age,51.0,1.3503
15624347,0.0185,products_number,2.0,-1.6477,estimated_salary,147715.83,0.1093
15624374,0.0107,products_number,2.0,-1.1986,credit_card,0.0,0.0221
15624391,0.1268,age,31.0,-0.9182,gender_Female,1.0,0.1936
15624397,0.2599,active_member,1.0,-0.5016,age,45.0,0.5757
15624423,0.0255,age,29.0,-1.5564,active_member,0.0,0.2286
15624424,0.1333,products_number,2.0,-1.408,age,50.0,1.0808
15624428,0.1284,age,26.0,-1.341,products_number,1.0,0.3181
15624437,0.0465,products_number,2.0,-1.1515,gender_Female,1.0,0.2828
15624451,0.0565,products_number,2.0,-1.3811,active_member,0.0,0.2697
15624471,0.0206,products_number,2.0,-1.4211,active_member,0.0,0.2496
15624528,0.0728,age,28.0,-1.1543,limite_credito,130115.26,0.2196
15624592,0.0194,products_number,2.0,-1.2883,estimated_salary,169915.02,0.1302
15624595,0.1195,age,36.0,-0.8339,gender_Female,1.0,0.1613
15624596,0.1163,age,25.0,-1.2577,estimated_salary,160176.47,0.2995
15624611,0.0414,products_number,2.0,-0.834,limite_credito,97237.67,0.2267
15624623,0.0278,age,36.0,-1.288,active_member,0.0,0.3412
15624633,0.2507,active_member,1.0,-0.499,age,46.0,0.6982
15624667,0.0917,age,37.0,-0.7574,products_number,1.0,0.1628
15624677,0.1685,products_number,2.0,-1.2465,active_member,0.0,0.2876
15624695,0.1206,active_member,1.0,-1.0143,gender_Female,1.0,0.1682
15624715,0.4325,active_member,1.0,-0.4456,products_number,1.0,0.4636
15624729,0.0838,age,29.0,-1.394,active_member,0.0,0.2897
15624775,0.1977,active_member,1.0,-1.3637,age,69.0,0.1451
15624781,0.029,age,36.0,-1.0193,gender_Female,1.0,0.1432
15624793,0.2398,age,25.0,-1.3484,active_member,0.0,0.4117
15624850,0.0564,age,32.0,-1.1809,active_member,0.0,0.2776
15624866,0.0624,products_number,2.0,-1.147,active_member,0.0,0.3134
15624892,0.0866,products_number,2.0,-1.0848,active_member,0.0,0.335
15624936,0.1242,age,37.0,-0.768,products_number,1.0,0.1172
15624995,0.2101,age,32.0,-0.8376,gender_Female,1.0,0.1878
15625021,0.0364,products_number,2.0,-1.6553,credit_score,585.0,0.078
15625023,0.3944,active_member,1.0,-0.4029,products_number,1.0,0.6424
15625035,0.1646,products_number,2.0,-1.0325,age,51.0,1.1629
15625047,0.2746,age,39.0,-0.6424,products_number,1.0,0.5057
15625126,0.0745,products_number,2.0,-1.4015,gender_Female,1.0,0.285
15625141,0.0258,age,28.0,-1.3461,active_member,0.0,0.3377
15625151,0.129,active_member,1.0,-1.2798,gender_Female,1.0,0.1166
15625247,0.2315,age,35.0,-1.36,products_number,1.0,0.5601
15625311,0.4614,active_member,1.0,-0.443,country_germany,1.0,0.3432
15625395,0.0915,age,29.0,-1.2802,products_number,1.0,0.1717
15625445,0.0462,products_number,2.0,-0.9097,limite_credito,50416.44,0.1044
15625461,0.196,products_number,2.0,-1.1058,age,47.0,0.653
15625494,0.0667,age,34.0,-1.1304,gender_Female,1.0,0.1387
15625522,0.0098,products_number,2.0,-1.2495,credit_utilization,,0.0148
15625524,0.0217,products_number,2.0,-1.5853,balance,0.0,0.0968
15625586,0.1142,age,36.0,-1.0769,products_number,1.0,0.4591
15625592,0.0093,age,28.0,-1.3104,credit_utilization,,0.0119
15625623,0.0945,products_number,2.0,-1.5564,age,47.0,0.6209
15625632,0.0766,products_number,2.0,-0.8527,limite_credito,232786.8,0.2913
15625641,0.1038,active_member,1.0,-1.0012,gender_Female,1.0,0.2073
15625675,0.1187,age,38.0,-0.9372,active_member,0.0,0.3098
15625698,0.0357,products_number,2.0,-1.3135,gender_Female,1.0,0.2023
15625713,0.1597,active_member,1.0,-0.5302,gender_Female,1.0,0.206
15625716,0.0947,age,35.0,-1.0329,gender_Female,1.0,0.2307
15625740,0.1902,active_member,1.0,-1.1628,age,64.0,1.0473
15625759,0.0175,products_number,2.0,-1.3018,active_member,0.0,0.3
15625819,0.4593,age,39.0,-0.7268,products_number,1.0,0.5132
15625881,0.0685,products_number,2.0,-1.2577,limite_credito,104854.61,0.285
15625905,0.0523,products_number,2.0,-1.5713,active_member,0.0,0.2943
15625916,0.1001,age,33.0,-1.2183,active_member,0.0,0.3664
15625929,0.4785,cidade_lyon,1.0,-0.4436,age,46.0,0.5443
15625941,0.3072,active_member,1.0,-0.7091,age,51.0,1.2497
15625942,0.236,products_number,2.0,-1.4294,active_member,0.0,0.3935
15625944,0.251,active_member,1.0,-1.1235,age,59.0,1.2943
15625964,0.5134,tenure,5.0,-0.237,active_member,0.0,0.2785
15626012,0.1258,age,28.0,-1.5858,active_member,0.0,0.3268
15626040,0.0677,active_member,1.0,-1.2606,age,64.0,1.1499
15626042,0.0419,products_number,2.0,-1.2253,gender_Female,1.0,0.1972
15626044,0.0492,age,30.0,-1.1939,limite_credito,216841.9,0.3178
15626114,0.1098,age,26.0,-1.4706,active_member,0.0,0.3431
15626135,0.0811,age,36.0,-1.2918,active_member,0.0,0.3446
15626141,0.0266,age,28.0,-1.4409,limite_credito,134048.59,0.1552
15626143,0.0217,products_number,2.0,-1.4797,estimated_salary,99692.65,0.0631
15626144,0.0947,products_number,2.0,-1.0497,active_member,0.0,0.3756
15626156,0.1126,products_number,2.0,-1.2178,age,62.0,1.0232
15626212,0.0781,age,30.0,-1.3026,products_number,1.0,0.4232
15626233,0.0276,products_number,2.0,-1.2496,gender_Female,1.0,0.1812
15626243,0.052,age,31.0,-1.1779,products_number,1.0,0.1092
15626322,0.1243,age,31.0,-1.3193,limite_credito,324239.14,0.304
15626383,0.0966,active_member,1.0,-1.2514,age,62.0,0.6897
15626385,0.0604,age,34.0,-1.2015,limite_credito,110514.3,0.254
15626412,0.0165,products_number,2.0,-1.4614,credit_utilization,,0.0242
15626414,0.3444,cidade_marseille,1.0,-0.4955,age,45.0,0.4605
15626452,0.0106,products_number,2.0,-1.3392,credit_score,711.0,0.0331
15626457,0.0992,age,32.0,-1.3699,active_member,0.0,0.3266
15626474,0.0301,age,33.0,-1.4861,active_member,0.0,0.321
15626475,0.0153,products_number,2.0,-1.3479,estimated_salary,140889.32,0.074
15626485,0.0892,age,27.0,-1.2676,gender_Female,1.0,0.2119
15626507,0.0617,age,28.0,-1.6774,active_member,0.0,0.2993
15626578,0.0188,products_number,2.0,-1.2233,estimated_salary,153237.59,0.0373
15626608,0.1923,active_member,1.0,-0.7013,age,50.0,1.2208
15626628,0.1105,age,32.0,-1.2544,active_member,0.0,0.2775
15626679,0.0223,products_number,2.0,-1.2622,credit_score,584.0,0.036
15626684,0.2629,age,40.0,-0.5166,gender_Female,1.0,0.2569
15626710,0.4052,active_member,1.0,-0.3211,products_number,1.0,0.5174
15626742,0.0871,age,38.0,-0.7009,products_number,1.0,0.0951
15626806,0.0211,products_number,2.0,-1.2113,gender_Female,1.0,0.1738
15626882,0.0531,age,38.0,-0.7168,products_number,1.0,0.1144
15626898,0.0548,age,32.0,-1.3821,active_member,0.0,0.3462
15626900,0.0381,age,31.0,-1.5442,products_number,1.0,0.17
15626948,0.3937,cidade_marseille,1.0,-0.4892,products_number,1.0,0.256
15626983,0.1093,products_number,2.0,-1.3328,age,50.0,0.9231
15627000,0.0384,products_number,2.0,-1.4604,active_member,0.0,0.27
15627027,0.0183,products_number,2.0,-1.5034,balance,0.0,0.0958
15627042,0.0332,age,27.0,-1.434,active_member,0.0,0.2827
15627162,0.2957,age,29.0,-1.4112,country_germany,1.0,0.4405
15627185,0.2384,age,30.0,-1.1254,limite_credito,143074.14,0.371
15627190,0.3266,active_member,1.0,-0.7439,age,53.0,1.4252
15627195,0.0493,age,28.0,-1.4562,active_member,0.0,0.3929
15627203,0.3699,active_member,1.0,-0.854,age,56.0,1.4899
15627212,0.1123,age,38.0,-0.675,products_number,1.0,0.1775
15627251,0.0648,age,36.0,-1.0217,products_number,1.0,0.2194
15627262,0.0801,age,25.0,-1.4212,active_member,0.0,0.3833
15627328,0.0395,age,28.0,-1.2038,gender_Female,1.0,0.2068
15627377,0.0272,products_number,2.0,-1.5774,balance,0.0,0.1082
15627385,0.0884,age,36.0,-1.0146,products_number,1.0,0.1638
15627395,0.3788,active_member,1.0,-0.4737,country_germany,1.0,0.5048
15627412,0.0313,products_number,2.0,-1.575,active_member,0.0,0.3066
15627439,0.0365,products_number,2.0,-1.1876,gender_Female,1.0,0.3163
15627484,0.6887,tenure,5.0,-0.3235,age,49.0,1.177
15627514,0.068,products_number,2.0,-1.4348,age,47.0,0.5613
15627630,0.0989,products_number,2.0,-1.3297,active_member,0.0,0.3542
15627637,0.1039,age,25.0,-1.2725,active_member,0.0,0.3818
15627699,0.0275,age,34.0,-1.5135,active_member,0.0,0.2226
15627801,0.1391,age,34.0,-1.1984,active_member,0.0,0.3876
15627830,0.1692,age,31.0,-1.1433,products_number,1.0,0.3138
15627848,0.0744,products_number,2.0,-0.8895,active_member,0.0,0.2751
15627854,0.0432,products_number,2.0,-1.6068,age,45.0,0.3657
15627859,0.3301,age,30.0,-1.3821,active_member,0.0,0.4205
15627881,0.0118,products_number,2.0,-1.2075,salary_missing_flag,0.0,0.0062
15627971,0.1486,age,33.0,-1.2581,balance,206663.75,0.3494
15627999,0.036,products_number,2.0,-1.3342,active_member,0.0,0.3362
15628007,0.0219,age,34.0,-1.3732,active_member,0.0,0.3146
15628008,0.1962,age,30.0,-1.2868,active_member,0.0,0.3909
15628034,0.1719,age,39.0,-0.539,gender_Female,1.0,0.2121
15628059,0.0632,products_number,2.0,-1.3086,age,62.0,1.1839
15628112,0.423,age,38.0,-0.796,products_number,1.0,0.4131
15628123,0.0777,age,29.0,-1.2311,products_number,1.0,0.206
15628144,0.1235,active_member,1.0,-1.1043,gender_Female,1.0,0.1944
15628145,0.2073,active_member,1.0,-0.4166,age,44.0,0.3656
15628155,0.0853,age,36.0,-1.1424,gender_Female,1.0,0.2692
15628170,0.2997,age,33.0,-1.3919,products_number,1.0,0.4218
15628203,0.3019,age,39.0,-0.7727,active_member,0.0,0.2983
15628205,0.1756,age,36.0,-0.958,products_number,1.0,0.4005
15628272,0.2653,age,37.0,-0.8961,gender_Female,1.0,0.3515
15628274,0.0677,products_number,2.0,-1.2601,active_member,0.0,0.354
15628279,0.0557,products_number,2.0,-1.3937,gender_Female,1.0,0.2583
15628292,0.0241,age,33.0,-1.3596,limite_credito,320807.86,0.1366
15628298,0.508,tenure,8.0,-0.3627,age,48.0,0.7205
15628308,0.0384,products_number,2.0,-1.1781,gender_Female,1.0,0.2783
15628319,0.168,age,30.0,-1.3349,active_member,0.0,0.3472
15628420,0.1764,age,34.0,-1.3105,active_member,0.0,0.3442
15628523,0.0162,products_number,2.0,-1.292,gender_Female,1.0,0.1449
15628530,0.1603,products_number,2.0,-1.1711,limite_credito,199091.69,0.3392
15628558,0.2553,active_member,1.0,-0.4428,age,46.0,0.6367
15628583,0.0295,products_number,2.0,-1.2604,estimated_salary,161388.22,0.2129
15628600,0.1931,age,32.0,-1.3692,products_number,3.0,2.5271
15628697,0.2735,active_member,1.0,-0.5239,age,47.0,0.717
15628715,0.0322,products_number,2.0,-1.2483,gender_Female,1.0,0.2009
15628813,0.4954,estimated_salary,9241.78,-0.2363,active_member,0.0,0.3602
15628863,0.2841,age,40.0,-0.4187,limite_credito,30014.83,0.2953
15628893,0.1321,age,30.0,-1.4821,products_number,1.0,0.461
15628904,0.0303,age,36.0,-0.8697,country_france,0.0,0.059
15628950,0.2927,age,27.0,-1.4204,active_member,0.0,0.4486
15628963,0.0777,products_number,2.0,-1.5009,limite_credito,191060.46,0.2876
15628992,0.1032,age,34.0,-1.1925,active_member,0.0,0.3566
15628999,0.0315,active_member,1.0,-1.1469,products_number,1.0,0.1182
15629010,0.3945,age,37.0,-0.712,country_germany,1.0,0.4222
15629117,0.0254,age,30.0,-1.3335,active_member,0.0,0.3047
15629133,0.0371,age,28.0,-1.4607,active_member,0.0,0.2918
15629150,0.0451,products_number,2.0,-1.3298,active_member,0.0,0.2721
15629187,0.0418,age,39.0,-1.0061,active_member,0.0,0.2289
15629390,0.0937,age,39.0,-0.8989,active_member,0.0,0.3217
15629448,0.1995,age,40.0,-0.746,active_member,0.0,0.2969
15629475,0.0314,products_number,2.0,-1.6586,active_member,0.0,0.3257
15629511,0.5988,cidade_bordeaux,1.0,-0.5505,age,51.0,1.2953
15629519,0.0413,products_number,2.0,-1.2718,gender_Female,1.0,0.3524
15629545,0.2368,cidade_madrid,1.0,-0.6716,active_member,0.0,0.2984
15629551,0.385,products_number,2.0,-1.1237,age,45.0,0.5758
15629603,0.0165,products_number,2.0,-1.1925,credit_score,607.0,0.0708
15629617,0.0449,age,24.0,-1.1159,products_number,1.0,0.0684
15629739,0.18,age,32.0,-1.3378,products_number,1.0,0.283
15629744,0.0507,products_number,2.0,-1.0545,gender_Female,1.0,0.2568
15629750,0.1012,age,37.0,-1.1086,active_member,0.0,0.2917
15629787,0.0272,age,29.0,-1.4492,active_member,0.0,0.3382
15629793,0.0752,age,30.0,-1.1364,active_member,0.0,0.327
15629846,0.4587,products_number,2.0,-1.2867,age,49.0,1.0573
15629885,0.1751,age,34.0,-1.3507,active_member,0.0,0.3459
15630053,0.2953,gender_Female,0.0,-0.4586,age,47.0,0.6443
15630106,0.0334,products_number,2.0,-1.2898,active_member,0.0,0.341
15630167,0.183,age,40.0,-0.4693,gender_Female,1.0,0.2309
15630195,0.2004,active_member,1.0,-0.3563,products_number,1.0,0.2002
15630241,0.168,active_member,1.0,-1.2743,age,63.0,0.7316
15630244,0.1597,products_number,2.0,-0.9024,limite_credito,287847.47,0.4558
15630321,0.0575,products_number,2.0,-1.7039,active_member,0.0,0.3155
15630328,0.3105,products_number,2.0,-0.9005,age,50.0,1.2055
15630349,0.0205,age,25.0,-1.3003,active_member,0.0,0.3169
15630363,0.2067,age,40.0,-0.7437,active_member,0.0,0.2985
15630402,0.1145,age,32.0,-1.1733,products_number,1.0,0.4699
15630413,0.044,products_number,2.0,-1.4099,gender_Female,1.0,0.2621
15630419,0.4899,cidade_nice,1.0,-0.3692,age,46.0,0.4989
15630466,0.5412,gender_Female,0.0,-0.3699,age,47.0,0.6069
15630511,0.0322,age,34.0,-1.3575,gender_Female,1.0,0.1917
15630551,0.0398,age,35.0,-1.3531,products_number,1.0,0.1392
15630580,0.0778,products_number,2.0,-1.0673,limite_credito,255622.33,0.2951
15630641,0.1724,age,38.0,-0.6559,gender_Female,1.0,0.2096
15630661,0.2296,age,27.0,-1.3926,active_member,0.0,0.4112
15630704,0.1402,age,33.0,-1.3232,active_member,0.0,0.3733
15630857,0.0392,products_number,2.0,-1.3224,gender_Female,1.0,0.2486
15630910,0.7834,country_germany,0.0,-0.2349,age,50.0,1.4093
15630913,0.1406,active_member,1.0,-1.1513,gender_Female,1.0,0.218
15630920,0.0303,age,35.0,-1.4669,active_member,0.0,0.3226
15631054,0.0175,age,26.0,-1.325,gender_Female,1.0,0.158
15631063,0.0604,age,34.0,-1.2976,active_member,0.0,0.3122
15631072,0.0564,products_number,2.0,-0.7811,limite_credito,187607.64,0.3069
15631159,0.1078,products_number,2.0,-1.3017,limite_credito,68931.54,0.2529
15631162,0.0106,products_number,2.0,-1.2906,credit_utilization,,0.0406
15631170,0.0291,products_number,2.0,-1.6752,age,47.0,0.5112
15631201,0.0564,products_number,2.0,-1.3354,active_member,0.0,0.2997
15631217,0.0861,active_member,1.0,-0.5246,products_number,1.0,0.1253
15631222,0.2102,active_member,1.0,-0.4121,products_number,1.0,0.2451
15631267,0.084,products_number,2.0,-1.1987,age,52.0,1.0191
15631310,0.7009,active_member,1.0,-0.7772,age,55.0,1.5528
15631333,0.1008,age,26.0,-1.2354,active_member,0.0,0.3754
15631339,0.1259,age,30.0,-1.5406,products_number,1.0,0.445
15631359,0.1415,age,40.0,-0.7351,active_member,0.0,0.3067
15631392,0.1334,products_number,2.0,-1.2147,limite_credito,240997.23,0.4815
15631406,0.7651,tenure,5.0,-0.3477,age,52.0,1.1799
15631436,0.2926,age,37.0,-1.079,products_number,1.0,0.489
15631457,0.083,age,38.0,-0.7666,estimated_salary,173386.95,0.2702
15631460,0.0744,products_number,2.0,-1.3046,gender_Female,1.0,0.2933
15631481,0.1981,products_number,2.0,-0.9926,age,52.0,1.1629
15631512,0.1453,age,27.0,-1.4717,active_member,0.0,0.3346
15631603,0.0333,age,34.0,-1.2982,products_number,1.0,0.1315
15631639,0.3373,active_member,1.0,-0.4384,products_number,1.0,0.2382
15631681,0.0921,products_number,2.0,-1.3589,age,45.0,0.4457
15631685,0.345,active_member,1.0,-1.0829,age,61.0,0.8413
15631693,0.0137,products_number,2.0,-1.3472,balance,-0.0,0.0115
15631709,0.105,age,33.0,-1.4413,active_member,0.0,0.3017
15631721,0.0841,products_number,2.0,-1.1381,limite_credito,311214.31,0.3069
15631739,0.0332,age,25.0,-1.2262,products_number,1.0,0.0601
15631756,0.0762,products_number,2.0,-0.9442,active_member,0.0,0.2762
15631800,0.13,age,39.0,-0.9901,active_member,0.0,0.2775
15631813,0.0162,products_number,2.0,-1.5753,estimated_salary,58883.91,0.0291
15631838,0.0721,active_member,1.0,-1.3535,age,63.0,0.8568
15631848,0.0811,age,28.0,-1.3341,gender_Female,1.0,0.2124
15631868,0.0613,age,37.0,-0.6499,products_number,1.0,0.1051
15631871,0.7985,active_member,1.0,-0.7151,age,58.0,1.4861
15631882,0.7363,gender_Female,0.0,-0.2942,age,47.0,0.5298
15631912,0.0421,age,32.0,-1.408,active_member,0.0,0.344
15631927,0.0266,age,29.0,-1.3719,active_member,0.0,0.2986
15632010,0.0807,age,34.0,-1.1892,active_member,0.0,0.3203
15632050,0.397,tenure,10.0,-0.5044,active_member,0.0,0.3627
15632069,0.0645,products_number,2.0,-0.8685,limite_credito,218818.51,0.4119
15632079,0.4358,age,38.0,-0.7793,products_number,1.0,0.419
15632125,0.4414,active_member,1.0,-0.5593,age,46.0,0.7696
15632143,0.0781,age,32.0,-1.3751,active_member,0.0,0.3392
15632185,0.2005,products_number,2.0,-1.0233,gender_Female,1.0,0.2586
15632210,0.2428,age,27.0,-1.3616,active_member,0.0,0.446
15632256,0.125,age,31.0,-1.2493,active_member,0.0,0.3523
15632263,0.1426,age,32.0,-1.1159,active_member,0.0,0.3734
15632264,0.0222,age,35.0,-1.315,active_member,0.0,0.2553
15632272,0.1507,products_number,2.0,-1.417,gender_Female,1.0,0.3202
15632275,0.1996,age,31.0,-1.4771,products_number,1.0,0.555
15632324,0.0344,products_number,2.0,-1.4145,age,60.0,1.1498
15632344,0.2164,products_number,2.0,-1.0058,active_member,0.0,0.2582
15632345,0.0823,products_number,2.0,-1.3534,active_member,0.0,0.2844
15632365,0.0708,age,34.0,-1.2136,active_member,0.0,0.3988
15632439,0.0492,products_number,2.0,-1.3383,gender_Female,1.0,0.2896
15632446,0.0259,products_number,2.0,-1.2288,active_member,0.0,0.3541
15632472,0.0995,age,33.0,-1.2297,gender_Female,1.0,0.1168
15632521,0.3097,products_number,2.0,-1.4818,age,46.0,0.3323
15632538,0.1114,age,34.0,-0.9918,products_number,1.0,0.1945
15632551,0.0854,age,33.0,-1.3913,active_member,0.0,0.4052
15632575,0.0965,active_member,1.0,-0.9126,products_number,1.0,0.2859
15632576,0.0755,age,33.0,-1.5571,active_member,0.0,0.2748
15632609,0.206,age,40.0,-0.5434,active_member,0.0,0.3359
15632736,0.0622,age,31.0,-1.1731,gender_Female,1.0,0.177
15632789,0.0094,products_number,2.0,-1.2124,balance,0.0,0.035
15632793,0.0774,age,31.0,-1.112,products_number,1.0,0.1755
15632816,0.4616,active_member,1.0,-0.5765,age,51.0,1.0516
15632826,0.0954,age,39.0,-0.8757,active_member,0.0,0.344
15632848,0.2636,age,38.0,-0.801,active_member,0.0,0.3444
15632850,0.0146,products_number,2.0,-1.4391,estimated_salary,170338.35,0.0881
15632859,0.0112,products_number,2.0,-1.407,credit_utilization,,0.0254
15632899,0.0718,age,21.0,-1.2353,active_member,0.0,0.3324
15632967,0.0242,products_number,2.0,-1.2476,balance,0.0,0.083
15632977,0.0795,products_number,2.0,-1.7113,age,48.0,0.5837
15633059,0.0153,products_number,2.0,-1.2354,active_member,0.0,0.3024
15633064,0.1398,products_number,2.0,-1.2532,active_member,0.0,0.2967
15633108,0.0704,age,28.0,-1.5803,active_member,0.0,0.2417
15633141,0.5995,age,36.0,-0.8357,products_number,1.0,0.4439
15633227,0.0935,age,30.0,-1.3679,active_member,0.0,0.3408
15633260,0.0643,age,39.0,-0.6325,products_number,1.0,0.098
15633274,0.0759,age,35.0,-1.2495,active_member,0.0,0.3402
15633283,0.0319,products_number,2.0,-1.267,active_member,0.0,0.2921
15633378,0.4572,products_number,2.0,-1.3152,age,51.0,1.3787
15633419,0.0728,age,29.0,-1.468,active_member,0.0,0.3117
15633461,0.4245,active_member,1.0,-0.4465,country_germany,1.0,0.5093
15633474,0.2829,active_member,1.0,-0.5995,age,52.0,1.2544
15633516,0.6385,gender_Female,0.0,-0.329,products_number,1.0,0.5508
15633525,0.0322,products_number,2.0,-1.2665,cidade_marseille,1.0,0.1452
15633531,0.0614,active_member,1.0,-0.9999,gender_Female,1.0,0.2071
15633537,0.3286,products_number,2.0,-1.231,limite_credito,253346.84,0.2921
15633546,0.1475,age,34.0,-1.181,active_member,0.0,0.3189
15633574,0.4365,credit_utilization,2.2813005329460294,-0.1835,active_member,0.0,0.2911
15633586,0.324,age,41.0,-0.3703,active_member,0.0,0.2463
15633612,0.0759,age,30.0,-1.2519,products_number,1.0,0.1039
15633640,0.5055,active_member,1.0,-0.8094,age,54.0,1.6119
15633648,0.6379,products_number,2.0,-1.1338,age,53.0,1.8093
15633650,0.1583,products_number,2.0,-1.2862,gender_Female,1.0,0.2838
15633666,0.2172,age,34.0,-1.2291,active_member,0.0,0.3853
15633729,0.2142,active_member,1.0,-0.5558,age,45.0,0.63
15633818,0.0197,age,34.0,-1.2892,active_member,0.0,0.3036
15633834,0.0598,age,30.0,-1.5472,active_member,0.0,0.2982
15633840,0.0425,age,22.0,-1.1657,limite_credito,237274.05,0.3762
15633854,0.0823,products_number,2.0,-1.4758,active_member,0.0,0.2914
15633866,0.1187,age,32.0,-1.3566,country_germany,1.0,0.3709
15633870,0.1249,products_number,2.0,-1.2459,gender_Female,1.0,0.3511
15633877,0.2023,active_member,1.0,-0.5337,gender_Female,1.0,0.1753
15633897,0.0634,products_number,2.0,-1.0383,limite_credito,136481.34,0.3707
15633922,0.063,age,32.0,-0.9471,limite_credito,347038.73,0.2273
15633950,0.0858,active_member,1.0,-0.5645,products_number,1.0,0.1375
15634141,0.1527,products_number,2.0,-1.162,active_member,0.0,0.2216
15634143,0.2361,age,32.0,-1.1859,active_member,0.0,0.4012
15634146,0.0465,age,19.0,-1.4152,products_number,1.0,0.3141
15634180,0.1586,age,28.0,-1.3535,active_member,0.0,0.4016
15634218,0.149,age,29.0,-1.2192,limite_credito,133577.65,0.3462
15634245,0.8459,balance,95523.16,-0.1844,age,48.0,0.8172
15634267,0.0628,products_number,2.0,-1.7696,active_member,0.0,0.3354
15634281,0.8415,tenure,10.0,-0.366,age,45.0,0.4719
15634295,0.0627,age,37.0,-1.042,active_member,0.0,0.3398
15634310,0.0187,products_number,2.0,-1.2749,active_member,0.0,0.1887
15634359,0.4377,estimated_salary,199970.74,-0.7303,products_number,1.0,0.3667
15634373,0.0194,products_number,2.0,-1.2677,credit_utilization,,0.0351
15634375,0.1381,products_number,2.0,-1.1934,active_member,0.0,0.2962
15634491,0.0483,age,31.0,-0.9099,limite_credito,142363.48,0.3143
15634501,0.1453,active_member,1.0,-1.1266,age,61.0,0.8257
15634591,0.0496,age,34.0,-1.2851,products_number,1.0,0.1091
15634606,0.0461,products_number,2.0,-1.6326,age,54.0,1.5428
15634628,0.0758,age,34.0,-1.4361,active_member,0.0,0.3342
15634632,0.0224,products_number,2.0,-1.4624,active_member,0.0,0.305
15634719,0.0193,age,33.0,-1.3167,active_member,0.0,0.3488
15634772,0.1857,active_member,1.0,-1.1024,age,61.0,0.7846
15634792,0.0592,products_number,2.0,-1.3345,gender_Female,1.0,0.265
15634815,0.0514,products_number,2.0,-1.3627,gender_Female,1.0,0.325
15634896,0.0897,products_number,2.0,-1.4068,gender_Female,1.0,0.2475
15634936,0.1398,active_member,1.0,-0.5001,products_number,1.0,0.2682
15634949,0.0356,active_member,1.0,-0.9802,cidade_cologne,1.0,0.3118
15635097,0.0442,products_number,2.0,-1.3941,limite_credito,255741.79,0.3349
15635125,0.084,active_member,1.0,-1.3335,age,64.0,0.893
15635143,0.1556,products_number,2.0,-1.1258,limite_credito,86999.92,0.3273
15635177,0.2185,active_member,1.0,-1.2878,products_number,1.0,0.297
15635197,0.0475,age,28.0,-1.4788,country_germany,1.0,0.2411
15635240,0.0626,products_number,2.0,-1.7064,active_member,0.0,0.2528
15635244,0.032,products_number,2.0,-1.1924,gender_Female,1.0,0.1707
15635256,0.0495,age,32.0,-1.1522,estimated_salary,159344.43,0.1078
15635277,0.4925,tenure,7.0,-0.4872,age,49.0,1.082
15635285,0.0159,products_number,2.0,-1.1733,estimated_salary,91055.27,0.0249
15635367,0.052,age,28.0,-1.6637,active_member,0.0,0.3633
15635388,0.5724,gender_Female,0.0,-0.3598,age,48.0,0.775
15635459,0.1375,age,28.0,-1.4496,active_member,0.0,0.3194
15635500,0.1105,age,77.0,-0.9926,products_number,1.0,0.2286
15635502,0.588,gender_Female,0.0,-0.3472,age,46.0,0.569
15635531,0.0485,products_number,2.0,-1.3626,active_member,0.0,0.2905
15635597,0.0147,products_number,2.0,-1.301,estimated_salary,155294.17,0.0785
15635598,0.0332,products_number,2.0,-1.2186,active_member,0.0,0.2919
15635703,0.3146,estimated_salary,193715.0,-0.5129,country_germany,1.0,0.4715
15635728,0.0433,products_number,2.0,-1.6932,active_member,0.0,0.3354
15635752,0.1218,products_number,2.0,-1.2585,limite_credito,138726.88,0.3503
15635775,0.0405,age,34.0,-1.4976,active_member,0.0,0.3132
15635776,0.1877,products_number,2.0,-1.3029,limite_credito,240799.17,0.3465
15635893,0.0297,products_number,2.0,-1.2245,gender_Female,1.0,0.2139
15635905,0.045,products_number,2.0,-1.2521,gender_Female,1.0,0.2175
15635939,0.1141,products_number,2.0,-1.3415,active_member,0.0,0.3076
15635972,0.0228,products_number,2.0,-1.3517,active_member,0.0,0.2943
15636016,0.0756,age,36.0,-1.0978,gender_Female,1.0,0.2056
15636024,0.191,age,35.0,-0.8313,products_number,1.0,0.2074
15636061,0.0319,active_member,1.0,-0.988,limite_credito,153449.16,0.186
15636069,0.0699,age,29.0,-1.328,active_member,0.0,0.335
15636105,0.0445,products_number,2.0,-1.3354,age,62.0,1.093
15636238,0.0141,products_number,2.0,-1.5425,credit_score,611.0,0.0863
15636353,0.032,products_number,2.0,-1.4101,active_member,0.0,0.3109
15636388,0.3526,age,25.0,-1.4391,active_member,0.0,0.4045
15636395,0.0337,products_number,2.0,-1.2837,active_member,0.0,0.2913
15636396,0.0478,products_number,2.0,-1.2549,gender_Female,1.0,0.1983
15636407,0.5422,age,36.0,-0.9533,products_number,1.0,0.4441
15636423,0.3336,gender_Female,0.0,-0.4071,products_number,1.0,0.6301
15636444,0.4173,products_number,2.0,-1.1386,age,55.0,1.555
15636478,0.0413,age,32.0,-1.1504,products_number,1.0,0.0918
15636520,0.0373,age,28.0,-1.6214,active_member,0.0,0.3488
15636521,0.0832,age,31.0,-1.07,gender_Female,1.0,0.1789
15636541,0.1225,age,36.0,-1.0151,country_germany,1.0,0.4375
15636548,0.0322,products_number,2.0,-1.5921,active_member,0.0,0.3091
15636551,0.1037,age,31.0,-1.2512,active_member,0.0,0.3138
15636562,0.0883,products_number,2.0,-1.6059,active_member,0.0,0.405
15636572,0.0247,products_number,2.0,-1.2652,gender_Female,1.0,0.2289
15636589,0.0429,products_number,2.0,-1.3965,gender_Female,1.0,0.3581
15636590,0.0275,products_number,2.0,-1.742,age,47.0,0.6068
15636595,0.0848,products_number,2.0,-0.6977,limite_credito,242820.56,0.3848
15636626,0.0812,age,37.0,-0.7704,products_number,1.0,0.217
15636634,0.2713,age,27.0,-1.4412,active_member,0.0,0.4283
15636658,0.0161,products_number,2.0,-1.3861,balance,0.0,0.0529
15636673,0.0536,age,32.0,-1.188,products_number,1.0,0.1448
15636684,0.0079,products_number,2.0,-1.3046,credit_utilization,,0.0116
15636700,0.0583,age,40.0,-0.5069,products_number,1.0,0.0894
15636731,0.0648,products_number,2.0,-1.2262,gender_Female,1.0,0.1718
15636767,0.1635,age,34.0,-0.9195,products_number,1.0,0.3428
15636812,0.2118,gender_Female,0.0,-0.4766,active_member,0.0,0.3832
15636820,0.6062,tenure,8.0,-0.3499,country_germany,1.0,0.4841
15636860,0.4244,cidade_marseille,1.0,-0.4054,age,45.0,0.4675
15636872,0.0832,age,34.0,-1.2714,active_member,0.0,0.284
15636912,0.1548,age,39.0,-0.927,active_member,0.0,0.3566
15636935,0.0167,age,31.0,-1.2618,gender_Female,1.0,0.2282
15636982,0.5157,active_member,1.0,-0.4309,age,44.0,0.3443
15637110,0.3384,age,36.0,-1.0675,products_number,1.0,0.4802
15637118,0.0843,age,35.0,-1.2684,active_member,0.0,0.2378
15637131,0.0133,products_number,2.0,-1.4536,active_member,0.0,0.3063
15637138,0.0161,age,35.0,-1.2651,active_member,0.0,0.3145
15637178,0.072,products_number,2.0,-1.3608,age,46.0,0.4008
15637235,0.0141,products_number,2.0,-1.3195,active_member,0.0,0.306
15637240,0.278,products_number,2.0,-1.2274,age,47.0,0.4868
15637315,0.0936,products_number,2.0,-1.3638,active_member,0.0,0.3131
15637324,0.0232,age,30.0,-1.1684,gender_Female,1.0,0.2352
15637354,0.0329,age,26.0,-1.3078,gender_Female,1.0,0.1903
15637366,0.0706,age,26.0,-1.259,limite_credito,225930.06,0.2225
15637411,0.011,products_number,2.0,-1.2602,credit_utilization,,0.0222
15637414,0.0815,age,25.0,-1.3115,gender_Female,1.0,0.1884
15637427,0.0283,products_number,2.0,-1.2345,gender_Female,1.0,0.1409
15637428,0.0277,products_number,2.0,-1.2256,active_member,0.0,0.3527
15637461,0.0239,products_number,2.0,-1.4048,active_member,0.0,0.2952
15637522,0.0829,age,33.0,-1.3464,products_number,1.0,0.1755
15637593,0.0203,products_number,2.0,-1.2939,active_member,0.0,0.2625
15637644,0.0431,age,26.0,-1.1803,gender_Female,1.0,0.2032
15637646,0.046,age,33.0,-1.6062,active_member,0.0,0.3806
15637717,0.1398,products_number,2.0,-1.1037,limite_credito,207922.35,0.37
15637774,0.0619,age,34.0,-1.6362,active_member,0.0,0.3225
15637788,0.0589,age,24.0,-1.6063,active_member,0.0,0.3365
15637829,0.0338,products_number,2.0,-1.2116,gender_Female,1.0,0.251
15637857,0.1313,age,32.0,-1.2783,products_number,1.0,0.4931
15637891,0.4431,active_member,1.0,-0.4481,age,44.0,0.3438
15637947,0.0337,age,33.0,-1.1798,products_number,1.0,0.1023
15637977,0.1839,age,26.0,-1.5139,active_member,0.0,0.4669
15637979,0.1894,products_number,2.0,-1.1213,active_member,0.0,0.2994
15637993,0.1347,age,38.0,-0.7001,credit_utilization,0.9512388950851528,0.1198
15638003,0.451,active_member,1.0,-0.9356,age,57.0,1.6037
15638028,0.0508,age,32.0,-1.0369,limite_credito,154981.72,0.2702
15638047,0.3951,products_number,2.0,-1.3857,age,47.0,0.4627
15638068,0.0131,age,34.0,-1.2965,active_member,0.0,0.342
15638149,0.0847,age,39.0,-0.8322,active_member,0.0,0.3176
15638159,0.2604,age,37.0,-0.8215,active_member,0.0,0.361
15638231,0.1124,products_number,2.0,-1.1981,age,63.0,1.0329
15638247,0.0589,products_number,2.0,-1.6859,active_member,0.0,0.4173
15638257,0.5204,active_member,1.0,-0.8689,age,55.0,1.5682
15638269,0.0307,active_member,1.0,-1.3908,age,68.0,0.3826
15638272,0.0521,age,34.0,-1.1369,products_number,1.0,0.1256
15638329,0.1749,age,26.0,-1.477,country_germany,1.0,0.3781
15638424,0.075,products_number,2.0,-1.1105,gender_Female,1.0,0.1956
15638463,0.7592,active_member,1.0,-0.4614,age,49.0,1.0988
15638487,0.3323,age,39.0,-0.5686,country_germany,1.0,0.4593
15638494,0.4763,tenure,10.0,-0.5593,country_germany,1.0,0.4721
15638513,0.1667,products_number,2.0,-0.9781,limite_credito,234964.07,0.3372
15638621,0.2275,age,40.0,-0.7512,active_member,0.0,0.3168
15638646,0.5141,active_member,1.0,-0.3964,age,45.0,0.7441
15638751,0.0568,products_number,2.0,-1.2931,gender_Female,1.0,0.3234
15638774,0.1651,products_number,2.0,-1.2972,gender_Female,1.0,0.3088
15638788,0.0632,age,33.0,-1.0705,products_number,1.0,0.1579
15638803,0.0247,age,33.0,-1.4223,active_member,0.0,0.2748
15638806,0.2134,products_number,2.0,-1.4621,age,51.0,1.487
15638871,0.0164,active_member,1.0,-1.1445,limite_credito,56384.73,0.1704
15638963,0.1867,age,24.0,-1.0115,gender_Female,1.0,0.2009
15638983,0.2021,age,40.0,-0.7073,active_member,0.0,0.303
15638988,0.0302,products_number,2.0,-1.6265,age,55.0,1.3438
15639004,0.0194,products_number,2.0,-1.228,balance,0.0,0.1278
15639049,0.0623,age,33.0,-1.217,products_number,1.0,0.1629
15639133,0.4552,products_number,2.0,-1.3834,age,51.0,1.417
15639217,0.0195,products_number,2.0,-1.2519,active_member,0.0,0.2882
15639252,0.0529,age,32.0,-0.8768,limite_credito,223618.33,0.3139
15639265,0.7669,cidade_marseille,1.0,-0.5072,age,56.0,2.1412
15639277,0.5769,cidade_lyon,1.0,-0.391,products_number,1.0,0.5071
15639303,0.7238,active_member,1.0,-0.5551,age,50.0,1.2121
15639322,0.0917,age,34.0,-1.2544,active_member,0.0,0.3739
15639368,0.0727,age,26.0,-1.6063,active_member,0.0,0.3024
15639415,0.0592,age,36.0,-1.2505,active_member,0.0,0.3041
15639530,0.3786,active_member,1.0,-0.412,products_number,1.0,0.5225
15639549,0.4004,age,35.0,-1.0244,products_number,1.0,0.4786
15639552,0.6351,age,42.0,-0.3275,products_number,1.0,0.4025
15639590,0.2025,age,32.0,-1.273,active_member,0.0,0.329
15639662,0.0135,products_number,2.0,-1.396,active_member,0.0,0.2805
15639665,0.0604,active_member,1.0,-1.2567,age,62.0,1.1657
15639669,0.1344,age,38.0,-0.717,credit_utilization,0.4921285084420426,0.1651
15639788,0.0975,products_number,2.0,-1.3379,gender_Female,1.0,0.3451
15639882,0.0596,age,32.0,-1.2304,active_member,0.0,0.3093
15640059,0.017,products_number,2.0,-1.6236,credit_score,606.0,0.0469
15640106,0.1086,estimated_salary,193309.58,-0.5237,active_member,0.0,0.3315
15640133,0.0343,products_number,2.0,-1.3562,active_member,0.0,0.2632
15640161,0.1579,products_number,2.0,-1.3531,active_member,0.0,0.3439
15640260,0.0759,age,34.0,-1.0588,limite_credito,208283.29,0.3505
15640266,0.0366,cidade_madrid,1.0,-0.6019,products_number,1.0,0.0514
15640268,0.1806,active_member,1.0,-0.8701,products_number,1.0,0.4201
15640280,0.0592,products_number,2.0,-0.9852,limite_credito,199365.05,0.3958
15640377,0.0441,products_number,2.0,-1.2532,active_member,0.0,0.272
15640407,0.3053,products_number,2.0,-1.2765,age,47.0,0.8016
15640418,0.6326,age,42.0,-0.3827,country_germany,1.0,0.418
15640421,0.2421,age,37.0,-0.6723,products_number,1.0,0.4919
15640442,0.0724,age,33.0,-1.4575,active_member,0.0,0.3555
15640464,0.1065,active_member,1.0,-0.4506,products_number,1.0,0.1614
15640491,0.0383,age,35.0,-1.4377,active_member,0.0,0.2732
15640580,0.8111,tenure,9.0,-0.283,age,49.0,1.0319
15640627,0.0345,products_number,2.0,-1.362,active_member,0.0,0.328
15640635,0.0148,products_number,2.0,-1.2408,estimated_salary,172290.61,0.0922
15640648,0.0221,products_number,2.0,-1.3841,credit_utilization,,0.0282
15640667,0.0884,products_number,2.0,-1.3795,active_member,0.0,0.2886
15640769,0.0977,active_member,1.0,-1.302,age,64.0,0.7576
15640789,0.0861,age,39.0,-1.0067,active_member,0.0,0.2793
15640825,0.276,active_member,1.0,-0.4615,age,47.0,0.6488
15640855,0.1901,products_number,2.0,-1.2487,active_member,0.0,0.3702
15640865,0.0439,age,33.0,-1.2621,gender_Female,1.0,0.1433
15640866,0.1736,age,31.0,-1.0912,products_number,1.0,0.466
15640917,0.0216,products_number,2.0,-1.7173,age,45.0,0.4015
15640922,0.691,active_member,1.0,-0.6897,age,54.0,1.5209
15640953,0.0414,age,28.0,-1.3913,limite_credito,137425.36,0.2047
15641004,0.316,active_member,1.0,-0.5646,age,49.0,1.0541
15641007,0.2284,age,40.0,-0.4736,gender_Female,1.0,0.2228
15641043,0.0104,products_number,2.0,-1.3936,credit_utilization,,0.0341
15641091,0.1326,age,33.0,-1.3795,active_member,0.0,0.3892
15641110,0.5099,gender_Female,0.0,-0.3815,products_number,1.0,0.553
15641114,0.0855,age,39.0,-0.6277,products_number,1.0,0.0967
15641122,0.0222,products_number,2.0,-1.2509,active_member,0.0,0.3086
15641136,0.0097,products_number,2.0,-1.2933,credit_utilization,,0.0191
15641170,0.2178,age,38.0,-1.0235,products_number,1.0,0.5047
15641250,0.0911,age,39.0,-0.9763,active_member,0.0,0.3393
15641285,0.3941,active_member,1.0,-0.6828,age,51.0,1.236
15641298,0.1213,products_number,2.0,-1.4097,active_member,0.0,0.3265
15641411,0.0474,age,25.0,-1.4351,gender_Female,1.0,0.1688
15641480,0.0656,age,34.0,-1.3979,active_member,0.0,0.2907
15641490,0.0656,age,27.0,-1.5383,active_member,0.0,0.2978
15641575,0.124,age,39.0,-0.922,active_member,0.0,0.3369
15641582,0.0675,products_number,2.0,-1.2256,age,45.0,0.3958
15641585,0.0704,gender_Female,0.0,-0.5916,products_number,1.0,0.1131
15641595,0.1239,products_number,2.0,-1.0007,limite_credito,136779.6,0.3388
15641629,0.0422,products_number,2.0,-1.2698,gender_Female,1.0,0.2321
15641640,0.2453,age,35.0,-0.9756,active_member,0.0,0.3343
15641655,0.0242,age,27.0,-1.4986,active_member,0.0,0.2784
15641662,0.1081,products_number,2.0,-1.3709,active_member,0.0,0.3282
15641690,0.0161,active_member,1.0,-1.3699,age,68.0,0.3774
15641715,0.0192,products_number,2.0,-1.2734,balance,999999.99,0.1318
15641732,0.0439,products_number,2.0,-1.3184,active_member,0.0,0.2846
15641733,0.1243,age,36.0,-1.2051,active_member,0.0,0.3241
15641773,0.0616,products_number,2.0,-1.2884,age,47.0,0.6187
15641794,0.0359,products_number,2.0,-0.9086,limite_credito,92473.67,0.1269
15641822,0.0194,age,20.0,-1.3062,gender_Female,1.0,0.1266
15641850,0.1651,gender_Female,0.0,-0.406,active_member,0.0,0.325
15641877,0.2395,active_member,1.0,-0.5659,age,49.0,1.2283
15642004,0.0092,age,26.0,-1.3064,balance,0.0,0.0189
15642022,0.131,age,36.0,-1.1142,products_number,1.0,0.4886
15642063,0.1644,gender_Female,0.0,-0.4152,active_member,0.0,0.2218
15642093,0.0183,products_number,2.0,-1.2782,active_member,0.0,0.0833
15642099,0.0246,products_number,2.0,-1.4253,active_member,0.0,0.315
15642137,0.0941,products_number,2.0,-1.2825,active_member,0.0,0.2885
15642160,0.0263,products_number,2.0,-1.4552,active_member,0.0,0.2837
15642202,0.143,products_number,2.0,-1.1503,limite_credito,280447.81,0.2769
15642248,0.1305,active_member,1.0,-1.3494,age,68.0,0.3251
15642291,0.0165,products_number,2.0,-1.1867,credit_card,1.0,0.0109
15642336,0.1424,products_number,2.0,-1.5241,active_member,0.0,0.3182
15642394,0.0266,products_number,2.0,-1.412,estimated_salary,187288.5,0.1194
15642448,0.052,age,30.0,-1.079,products_number,1.0,0.1411
15642468,0.2429,products_number,2.0,-1.1298,limite_credito,209391.28,0.3642
15642515,0.1015,products_number,2.0,-1.3942,gender_Female,1.0,0.2962
15642544,0.0133,products_number,2.0,-1.2656,credit_card,0.0,0.0116
15642570,0.0248,products_number,2.0,-1.2658,active_member,0.0,0.3665
15642579,0.1458,age,38.0,-0.5913,limite_credito,323301.82,0.23
15642619,0.1455,products_number,2.0,-1.6625,age,48.0,0.5677
15642636,0.042,age,31.0,-1.3869,products_number,1.0,0.1472
15642655,0.116,age,35.0,-1.2787,products_number,1.0,0.4967
15642709,0.0408,products_number,2.0,-1.2911,active_member,0.0,0.2834
15642710,0.0191,products_number,2.0,-1.1756,active_member,0.0,0.3434
15642725,0.0183,age,34.0,-1.3908,limite_credito,266016.5,0.0471
15642726,0.4855,cidade_toulouse,1.0,-0.6268,age,54.0,1.6838
15642787,0.123,age,39.0,-0.86,active_member,0.0,0.3081
15642816,0.0224,age,29.0,-1.5291,gender_Female,1.0,0.1767
15642833,0.0314,age,31.0,-1.4027,active_member,0.0,0.2791
15642870,0.2659,active_member,1.0,-1.1309,age,60.0,0.935
15642885,0.0117,products_number,2.0,-1.3598,active_member,0.0,0.2569
15642912,0.1313,age,23.0,-1.3978,active_member,0.0,0.292
15642934,0.1921,products_number,2.0,-1.1374,active_member,0.0,0.2853
15642937,0.146,products_number,2.0,-1.574,age,47.0,0.6138
15642991,0.0378,age,30.0,-1.3353,active_member,0.0,0.2874
15642996,0.2946,products_number,2.0,-1.2439,active_member,0.0,0.2683
15642997,0.2321,age,38.0,-0.5379,products_number,1.0,0.2048
15643042,0.2491,products_number,2.0,-1.1882,active_member,0.0,0.28
15643048,0.0525,active_member,1.0,-1.3034,age,67.0,0.4575
15643056,0.1747,age,39.0,-0.6102,products_number,1.0,0.3431
15643121,0.1134,products_number,2.0,-1.1559,active_member,0.0,0.338
15643215,0.0942,products_number,2.0,-1.132,active_member,0.0,0.3076
15643229,0.0426,products_number,2.0,-1.1658,gender_Female,1.0,0.2108
15643294,0.1541,age,34.0,-1.0658,gender_Female,1.0,0.2544
15643330,0.0247,products_number,2.0,-1.4188,estimated_salary,95864.5,0.0478
15643361,0.0306,products_number,2.0,-1.2211,country_germany,1.0,0.0899
15643378,0.228,active_member,1.0,-0.4311,age,43.0,0.3885
15643392,0.059,age,33.0,-1.3251,products_number,1.0,0.1213
15643426,0.2438,age,38.0,-0.9047,active_member,0.0,0.3412
15643438,0.0272,products_number,2.0,-1.1661,active_member,0.0,0.2817
15643439,0.0363,products_number,2.0,-1.6551,age,48.0,0.7789
15643496,0.0588,age,35.0,-1.3074,active_member,0.0,0.2782
15643523,0.0798,products_number,2.0,-1.2691,active_member,0.0,0.3109
15643574,0.0182,age,27.0,-1.3181,active_member,0.0,0.2006
15643575,0.3375,age,37.0,-0.8517,active_member,0.0,0.4286
15643635,0.1256,age,34.0,-1.2426,active_member,0.0,0.3514
15643658,0.8449,products_number,2.0,-0.9296,age,55.0,2.4378
15643679,0.0297,age,30.0,-1.2298,limite_credito,137516.05,0.1946
15643696,0.0521,products_number,2.0,-1.7036,age,51.0,1.1495
15643752,0.0568,age,27.0,-1.5959,active_member,0.0,0.3572
15643794,0.1887,age,28.0,-1.1928,products_number,1.0,0.4749
15643819,0.0442,age,27.0,-1.4423,active_member,0.0,0.2877
15643824,0.0498,age,34.0,-1.099,limite_credito,269544.13,0.3168
15643826,0.0346,products_number,2.0,-1.2293,tenure,4.0,0.1004
15643828,0.0409,products_number,2.0,-1.2314,cidade_marseille,1.0,0.1961
15643903,0.0611,age,29.0,-1.5434,active_member,0.0,0.3348
15643908,0.5699,tenure,10.0,-0.4816,age,50.0,1.1772
15643966,0.1857,products_number,2.0,-1.479,age,46.0,0.5623
15644005,0.0328,products_number,2.0,-1.2045,gender_Female,1.0,0.2162
15644103,0.0276,active_member,1.0,-0.9962,products_number,1.0,0.0758
15644119,0.1868,age,32.0,-1.2349,products_number,1.0,0.4742
15644132,0.1058,age,31.0,-1.0797,gender_Female,1.0,0.2631
15644212,0.0191,age,29.0,-1.2713,active_member,0.0,0.3042
15644280,0.4536,country_germany,0.0,-0.3158,age,46.0,0.5531
15644295,0.2081,active_member,1.0,-0.4637,gender_Female,1.0,0.166
15644296,0.0815,age,32.0,-1.2682,active_member,0.0,0.254
15644297,0.149,estimated_salary,195760.53,-0.502,products_number,1.0,0.3409
15644356,0.4777,tenure,10.0,-0.5709,age,48.0,0.683
15644400,0.4361,cidade_bordeaux,1.0,-0.3668,age,45.0,0.5227
15644446,0.1072,age,29.0,-1.2462,products_number,1.0,0.4796
15644501,0.0691,age,27.0,-1.1471,products_number,1.0,0.1905
15644551,0.2066,age,39.0,-0.8316,active_member,0.0,0.3427
15644572,0.1156,active_member,1.0,-0.4749,products_number,1.0,0.128
15644621,0.3648,products_number,2.0,-1.2004,limite_credito,240803.86,0.3601
15644686,0.0909,age,35.0,-1.0696,gender_Female,1.0,0.1634
15644699,0.0717,products_number,2.0,-1.3658,active_member,0.0,0.2781
15644724,0.0467,age,33.0,-0.9314,credit_utilization,0.5372860819881929,0.1659
15644753,0.0645,active_member,1.0,-0.5607,limite_credito,294619.91,0.0504
15644765,0.1302,age,28.0,-1.5797,country_germany,1.0,0.333
15644788,0.0552,products_number,2.0,-1.3165,active_member,0.0,0.2694
15644849,0.116,age,33.0,-1.418,products_number,1.0,0.4934
15644856,0.2137,age,40.0,-0.7598,active_member,0.0,0.281
15644878,0.4439,cidade_barcelona,1.0,-0.2725,active_member,0.0,0.4194
15644882,0.3559,age,37.0,-0.8479,active_member,0.0,0.3589
15644896,0.114,age,34.0,-1.12,products_number,1.0,0.3868
15644934,0.0401,age,27.0,-1.642,active_member,0.0,0.3259
15644962,0.0796,age,22.0,-1.2441,estimated_salary,177235.23,0.1769
15644977,0.0377,age,33.0,-1.352,active_member,0.0,0.2908
15645029,0.0315,products_number,2.0,-1.336,active_member,0.0,0.2993
15645045,0.0439,products_number,2.0,-1.3438,gender_Female,1.0,0.2785
15645103,0.1588,age,27.0,-1.5992,active_member,0.0,0.426
15645136,0.1444,age,32.0,-1.2308,active_member,0.0,0.4171
15645184,0.0261,products_number,2.0,-1.3734,active_member,0.0,0.2993
15645248,0.0227,products_number,2.0,-1.1699,gender_Female,1.0,0.1583
15645269,0.1052,products_number,2.0,-1.4747,active_member,0.0,0.2998
15645316,0.8168,active_member,1.0,-0.8447,age,60.0,1.2138
15645353,0.066,age,27.0,-1.71,products_number,1.0,0.4308
15645463,0.0186,age,29.0,-1.3402,gender_Female,1.0,0.2177
15645496,0.3695,cidade_nantes,1.0,-0.5058,age,45.0,0.2918
15645517,0.0095,products_number,2.0,-1.2705,country_france,0.0,0.0342
15645543,0.0296,products_number,2.0,-1.2019,gender_Female,1.0,0.191
15645544,0.3261,age,32.0,-1.2469,active_member,0.0,0.4025
15645569,0.0867,age,28.0,-1.1111,limite_credito,148015.38,0.2383
15645571,0.0154,products_number,2.0,-1.3013,credit_score,596.0,0.0549
15645593,0.5362,age,42.0,-0.3026,active_member,0.0,0.3492
15645600,0.105,age,29.0,-1.0998,gender_Female,1.0,0.1466
15645621,0.0305,products_number,2.0,-1.6569,age,45.0,0.4154
15645637,0.5998,active_member,1.0,-0.3713,country_germany,1.0,0.4709
15645717,0.0327,products_number,2.0,-1.2998,age,63.0,0.9668
15645744,0.0289,products_number,2.0,-1.2636,estimated_salary,157397.57,0.1611
15645766,0.0225,products_number,2.0,-1.2331,country_france,0.0,0.0807
15645772,0.0176,products_number,2.0,-1.2099,credit_utilization,,0.0296
15645778,0.2801,gender_Female,0.0,-0.3488,active_member,0.0,0.3869
15645815,0.0602,products_number,2.0,-1.7668,age,47.0,0.5891
15645820,0.0241,age,29.0,-1.244,active_member,0.0,0.3514
15645835,0.0113,products_number,2.0,-1.2377,credit_score,605.0,0.0609
15645839,0.2143,age,38.0,-0.6909,products_number,1.0,0.5145
15645896,0.0943,products_number,2.0,-1.4193,limite_credito,67871.33,0.2583
15645904,0.0419,products_number,2.0,-1.3096,gender_Female,1.0,0.1932
15645937,0.2103,age,33.0,-1.3582,products_number,1.0,0.5166
15645942,0.0165,products_number,2.0,-1.5443,estimated_salary,164768.82,0.0933
15645956,0.4005,gender_Female,0.0,-0.313,active_member,0.0,0.3688
15646037,0.0879,age,79.0,-1.5071,products_number,3.0,2.1732
15646161,0.0555,products_number,2.0,-1.2211,gender_Female,1.0,0.2852
15646168,0.0235,products_number,2.0,-1.363,active_member,0.0,0.3287
15646196,0.1218,age,38.0,-0.9099,active_member,0.0,0.276
15646227,0.0652,age,28.0,-1.8243,active_member,0.0,0.3561
15646262,0.0857,age,33.0,-1.6974,products_number,1.0,0.5225
15646276,0.2515,age,34.0,-1.3392,active_member,0.0,0.3156
15646302,0.2533,age,26.0,-1.3211,active_member,0.0,0.3672
15646310,0.0297,age,26.0,-1.1952,products_number,1.0,0.0618
15646351,0.0196,products_number,2.0,-1.2605,active_member,0.0,0.3246
15646366,0.4179,active_member,1.0,-0.5127,country_germany,1.0,0.4845
15646374,0.069,age,30.0,-1.3532,gender_Female,1.0,0.157
15646490,0.2134,active_member,1.0,-0.4929,age,44.0,0.3292
15646521,0.2116,age,37.0,-0.7096,products_number,1.0,0.4403
15646535,0.5043,tenure,5.0,-0.3237,age,48.0,0.8962
15646539,0.086,age,32.0,-1.3712,active_member,0.0,0.337
15646558,0.4484,active_member,1.0,-0.788,age,53.0,1.3819
15646594,0.2072,active_member,1.0,-0.4895,products_number,1.0,0.2304
15646609,0.0468,age,34.0,-1.5149,active_member,0.0,0.3621
15646615,0.0619,age,30.0,-1.278,limite_credito,151536.19,0.1926
15646632,0.0221,products_number,2.0,-1.372,active_member,0.0,0.2012
15646726,0.454,gender_Female,0.0,-0.3703,products_number,1.0,0.5695
15646756,0.0579,age,34.0,-1.2575,gender_Female,1.0,0.1541
15646784,0.0559,age,33.0,-1.2155,limite_credito,467815.55,0.2299
15646817,0.5939,products_number,2.0,-0.8146,age,53.0,1.8737
15646859,0.6309,active_member,1.0,-0.4869,age,48.0,1.0527
15646936,0.0939,age,34.0,-1.0754,limite_credito,331112.4,0.2047
15646942,0.077,products_number,2.0,-1.3065,gender_Female,1.0,0.3528
15646969,0.0146,products_number,2.0,-1.3146,estimated_salary,176921.0,0.0933
15647091,0.2352,age,21.0,-1.4036,active_member,0.0,0.4432
15647111,0.124,age,23.0,-1.1005,gender_Female,1.0,0.3157
15647191,0.0188,products_number,2.0,-1.2854,active_member,0.0,0.3474
15647203,0.2832,age,36.0,-1.171,products_number,1.0,0.5208
15647207,0.0126,age,28.0,-1.5469,active_member,0.0,0.2998
15647259,0.0189,products_number,2.0,-1.4089,active_member,0.0,0.3025
15647266,0.381,tenure,10.0,-0.518,age,47.0,0.4233
15647295,0.0249,products_number,2.0,-1.2347,active_member,0.0,0.3393
15647301,0.4036,products_number,2.0,-1.1555,age,46.0,0.6272
15647311,0.4363,active_member,1.0,-0.5092,gender_Female,1.0,0.245
15647333,0.086,age,28.0,-1.6224,active_member,0.0,0.3522
15647402,0.058,products_number,2.0,-1.3393,gender_Female,1.0,0.2558
15647453,0.3013,gender_Female,0.0,-0.4527,active_member,0.0,0.319
15647474,0.1356,products_number,2.0,-1.0446,gender_Female,1.0,0.2206
15647546,0.0987,products_number,2.0,-1.1851,gender_Female,1.0,0.2721
15647570,0.3637,estimated_salary,195123.94,-0.9955,products_number,1.0,0.3147
15647782,0.0947,products_number,2.0,-1.1979,limite_credito,260300.59,0.3952
15647800,0.1215,age,35.0,-1.2631,products_number,1.0,0.2858
15647807,0.3016,tenure,8.0,-0.4755,active_member,0.0,0.3952
15647890,0.0664,age,39.0,-0.6474,products_number,1.0,0.0957
15647974,0.1538,products_number,2.0,-1.1478,age,45.0,0.2744
15647975,0.2705,age,27.0,-1.4184,country_germany,1.0,0.4141
15648005,0.0232,products_number,2.0,-1.3364,cidade_zaragoza,1.0,0.0888
15648030,0.1396,age,34.0,-1.3185,active_member,0.0,0.2834
15648032,0.0176,products_number,2.0,-1.4256,credit_score,588.0,0.1058
15648047,0.0509,age,28.0,-1.2672,active_member,0.0,0.3825
15648064,0.0171,products_number,2.0,-1.2466,active_member,0.0,0.3471
15648067,0.1445,products_number,2.0,-0.8153,limite_credito,214616.2,0.4344
15648069,0.0449,products_number,2.0,-1.3344,gender_Female,1.0,0.2899
15648136,0.3998,age,29.0,-1.3135,active_member,0.0,0.393
15648178,0.2666,age,24.0,-1.2925,products_number,1.0,0.3356
15648225,0.1873,age,39.0,-0.5805,gender_Female,1.0,0.2367
15648272,0.0933,age,37.0,-0.6489,products_number,1.0,0.1312
15648367,0.055,age,31.0,-1.1188,gender_Female,1.0,0.1072
15648455,0.84,gender_Female,0.0,-0.2838,age,52.0,1.1782
15648461,0.0798,products_number,2.0,-0.8062,limite_credito,162563.25,0.3992
15648479,0.1978,products_number,2.0,-1.482,age,46.0,0.4156
15648638,0.0291,products_number,2.0,-1.388,active_member,0.0,0.3157
15648702,0.0697,active_member,1.0,-1.0479,limite_credito,351333.3,0.2253
15648721,0.0215,products_number,2.0,-1.3029,age,66.0,0.7891
15648725,0.0121,products_number,2.0,-1.6339,balance,-0.0,0.0444
15648735,0.0113,products_number,2.0,-1.3198,balance,0.0,0.0226
15648766,0.1984,age,36.0,-1.1046,active_member,0.0,0.3831
15648858,0.0476,age,29.0,-1.3685,products_number,1.0,0.1511
15648876,0.1779,age,36.0,-0.9886,products_number,1.0,0.4103
15648951,0.0057,products_number,2.0,-1.6366,credit_utilization,,0.0235
15648989,0.0507,age,38.0,-1.0335,active_member,0.0,0.2438
15649060,0.1004,age,33.0,-1.4264,active_member,0.0,0.3234
15649078,0.0924,age,28.0,-1.3356,gender_Female,1.0,0.2435
15649086,0.0252,products_number,2.0,-1.6369,estimated_salary,121568.37,0.087
15649101,0.1189,tenure,10.0,-0.6881,active_member,0.0,0.2772
15649112,0.0963,age,35.0,-0.9523,limite_credito,217478.79,0.2934
15649124,0.0527,age,31.0,-1.662,active_member,0.0,0.3247
15649129,0.0205,age,34.0,-1.3741,active_member,0.0,0.322
15649136,0.1091,products_number,2.0,-1.4628,gender_Female,1.0,0.2983
15649160,0.1474,age,39.0,-0.5656,products_number,1.0,0.2072
15649183,0.2904,age,37.0,-0.8319,products_number,3.0,2.3222
15649211,0.175,age,42.0,-0.5664,active_member,0.0,0.3571
15649239,0.082,products_number,2.0,-1.5868,active_member,0.0,0.413
15649280,0.693,age,42.0,-0.2974,country_germany,1.0,0.4336
15649297,0.1961,active_member,1.0,-1.105,age,64.0,0.8714
15649354,0.0166,products_number,2.0,-1.3738,country_france,0.0,0.0431
15649359,0.021,products_number,2.0,-1.3909,estimated_salary,17135.6,0.0641
15649379,0.1162,products_number,2.0,-1.552,age,48.0,0.805
15649414,0.1918,active_member,1.0,-1.072,age,63.0,0.543
15649418,0.1175,age,30.0,-0.961,balance,178171.04,0.2117
15649423,0.0251,products_number,2.0,-1.1502,gender_Female,1.0,0.25
15649430,0.0151,products_number,2.0,-1.2758,credit_score,723.0,0.0308
15649450,0.1067,age,26.0,-1.1853,active_member,0.0,0.3637
15649451,0.015,products_number,2.0,-1.2185,credit_score,746.0,0.0385
15649457,0.0656,products_number,2.0,-1.3081,limite_credito,316138.58,0.2868
15649508,0.1969,products_number,2.0,-1.5063,age,49.0,1.0797
15649523,0.0346,products_number,2.0,-1.3791,active_member,0.0,0.3096
15649536,0.5833,age,39.0,-0.7852,country_germany,1.0,0.5474
15649618,0.1845,products_number,2.0,-1.0206,limite_credito,273588.76,0.4193
15649668,0.0645,products_number,2.0,-1.1297,limite_credito,202915.95,0.1878
15649738,0.1035,products_number,2.0,-1.5323,age,48.0,0.8428
15649744,0.468,products_number,2.0,-0.8572,age,53.0,1.5226
15649793,0.0447,products_number,2.0,-1.2347,active_member,0.0,0.3391
15649858,0.0627,age,38.0,-0.6321,products_number,1.0,0.0588
15649992,0.1033,active_member,1.0,-1.3423,age,67.0,0.581
15650018,0.64,country_germany,0.0,-0.2285,active_member,0.0,0.3655
15650034,0.1122,age,30.0,-1.4438,products_number,1.0,0.4559
15650068,0.2742,active_member,1.0,-0.8778,age,60.0,1.0561
15650086,0.1259,products_number,2.0,-1.2567,active_member,0.0,0.231
15650098,0.0664,products_number,2.0,-1.3494,gender_Female,1.0,0.3425
15650237,0.0436,age,34.0,-1.3225,active_member,0.0,0.3249
15650244,0.0348,age,31.0,-1.2051,limite_credito,131508.72,0.2925
15650258,0.2153,age,37.0,-0.8003,active_member,0.0,0.2718
15650266,0.0289,products_number,2.0,-1.2758,limite_credito,351124.57,0.1366
15650288,0.3788,age,36.0,-1.1579,country_germany,1.0,0.548
15650313,0.2488,active_member,1.0,-1.3203,country_germany,1.0,0.4218
15650322,0.1078,age,36.0,-0.976,products_number,1.0,0.1705
15650351,0.2326,age,40.0,-0.4708,gender_Female,1.0,0.1549
15650391,0.0821,age,30.0,-1.4104,active_member,0.0,0.3131
15650432,0.1473,estimated_salary,198072.16,-0.5548,products_number,1.0,0.3657
15650437,0.0428,age,33.0,-1.1181,credit_utilization,0.5594972963928017,0.1308
15650454,0.0299,products_number,2.0,-1.544,age,59.0,1.2096
15650670,0.3295,products_number,2.0,-1.1721,limite_credito,184304.22,0.2856
15650751,0.0594,products_number,2.0,-1.2039,gender_Female,1.0,0.2093
15650864,0.0353,products_number,2.0,-1.6851,active_member,0.0,0.2096
15650889,0.0797,age,31.0,-1.3053,active_member,0.0,0.2998
15650924,0.0653,age,33.0,-1.1729,gender_Female,1.0,0.1522
15650933,0.51,tenure,8.0,-0.3675,age,49.0,1.033
15651001,0.5948,age,40.0,-0.597,country_germany,1.0,0.4799
15651020,0.043,age,27.0,-1.5812,active_member,0.0,0.2745
15651063,0.2836,products_number,2.0,-1.0831,limite_credito,276489.41,0.368
15651075,0.2269,age,36.0,-0.99,country_germany,1.0,0.4586
15651093,0.1048,products_number,2.0,-1.434,age,57.0,1.5459
15651103,0.0916,active_member,1.0,-1.2113,gender_Female,1.0,0.1337
15651140,0.3043,age,33.0,-1.3911,products_number,1.0,0.5393
15651144,0.1734,products_number,2.0,-1.102,active_member,0.0,0.3154
15651280,0.4814,age,37.0,-0.8406,country_germany,1.0,0.5442
15651315,0.0371,products_number,2.0,-1.5358,active_member,0.0,0.3286
15651336,0.0488,age,34.0,-1.3241,active_member,0.0,0.2801
15651369,0.0141,age,23.0,-1.3485,active_member,0.0,0.2902
15651389,0.0642,age,26.0,-1.2281,estimated_salary,180932.46,0.1096
15651450,0.0492,products_number,2.0,-1.0294,limite_credito,249620.3,0.2279
15651460,0.1407,age,35.0,-0.9195,products_number,1.0,0.5297
15651585,0.2627,age,37.0,-0.7593,country_germany,1.0,0.4849
15651713,0.3662,gender_Female,0.0,-0.3612,age,47.0,0.5016
15651737,0.1456,active_member,1.0,-0.5895,age,45.0,0.5593
15651740,0.0236,products_number,2.0,-1.2964,gender_Female,1.0,0.1871
15651802,0.2971,products_number,2.0,-0.8176,limite_credito,218321.94,0.3624
15651868,0.1182,age,36.0,-1.2478,products_number,1.0,0.4925
15651943,0.1054,active_member,1.0,-1.2403,age,67.0,0.5328
15651955,0.0151,products_number,2.0,-1.2337,credit_score,603.0,0.0282
15651958,0.0128,products_number,2.0,-1.2347,estimated_salary,157932.75,0.1187
15652048,0.0661,products_number,2.0,-1.401,age,46.0,0.5665
15652069,0.0164,age,32.0,-1.2634,active_member,0.0,0.213
15652084,0.1373,active_member,1.0,-0.4714,credit_score,515.0,0.1388
15652169,0.0791,age,36.0,-1.0834,products_number,1.0,0.1478
15652180,0.0248,products_number,2.0,-1.199,credit_score,582.0,0.061
15652192,0.0538,age,34.0,-1.2878,active_member,0.0,0.2721
15652218,0.0564,age,34.0,-1.6799,active_member,0.0,0.377
15652266,0.2981,active_member,1.0,-0.5755,age,44.0,0.4383
15652289,0.1366,products_number,2.0,-1.6266,age,49.0,1.042
15652320,0.0276,products_number,2.0,-1.4927,active_member,0.0,0.3794
15652400,0.2708,active_member,1.0,-0.9815,age,58.0,1.404
15652401,0.0349,products_number,2.0,-1.33,gender_Female,1.0,0.2458
15652469,0.0118,age,28.0,-1.551,active_member,0.0,0.23
15652527,0.1557,active_member,1.0,-0.5559,age,46.0,0.6684
15652540,0.0092,products_number,2.0,-1.3224,credit_utilization,,0.0184
15652615,0.0811,age,40.0,-0.4641,products_number,1.0,0.1959
15652626,0.8093,cidade_marseille,1.0,-0.5876,age,57.0,2.1757
15652658,0.048,products_number,2.0,-0.8728,limite_credito,134791.99,0.2513
15652667,0.0149,products_number,2.0,-1.4287,credit_score,590.0,0.0295
15652674,0.0334,age,22.0,-1.4337,products_number,1.0,0.0838
15652700,0.0302,products_number,2.0,-1.458,balance,0.0,0.1238
15652782,0.2642,products_number,2.0,-1.303,age,50.0,1.2648
15652789,0.0141,products_number,2.0,-1.4957,balance,0.0,0.103
15652808,0.4157,tenure,5.0,-0.3115,active_member,0.0,0.3317
15652835,0.1659,age,28.0,-1.2682,gender_Female,1.0,0.2447
15652883,0.1027,products_number,2.0,-1.1279,active_member,0.0,0.3807
15652914,0.1395,age,39.0,-0.5952,products_number,1.0,0.5103
15652948,0.0799,age,34.0,-1.4769,active_member,0.0,0.3378
15652955,0.2741,age,31.0,-1.1987,products_number,1.0,0.5136
15652981,0.2154,age,31.0,-1.2146,country_germany,1.0,0.3366
15652999,0.1876,age,35.0,-1.0182,country_germany,1.0,0.4811
15653037,0.0718,active_member,1.0,-0.9075,products_number,1.0,0.3649
15653050,0.4476,tenure,10.0,-0.5528,active_member,0.0,0.7607
15653065,0.0283,age,24.0,-1.3313,active_member,0.0,0.2841
15653110,0.2389,tenure,8.0,-0.4838,active_member,0.0,0.3572
15653222,0.0839,age,33.0,-1.2477,limite_credito,249707.77,0.257
15653253,0.3536,active_member,1.0,-0.6022,age,49.0,1.1024
15653306,0.3002,age,34.0,-1.3189,active_member,0.0,0.4113
15653315,0.0496,products_number,2.0,-1.2837,active_member,0.0,0.3231
15653404,0.1071,age,26.0,-1.0971,gender_Female,1.0,0.214
15653448,0.0204,products_number,2.0,-1.2116,balance,999999.99,0.1782
15653455,0.0473,products_number,2.0,-1.2866,gender_Female,1.0,0.2856
15653521,0.4197,active_member,1.0,-0.3887,country_germany,1.0,0.4894
15653547,0.2596,active_member,1.0,-0.9051,age,57.0,1.684
15653595,0.0408,products_number,2.0,-1.7552,age,52.0,1.1204
15653696,0.0455,age,29.0,-1.36,active_member,0.0,0.343
15653715,0.117,products_number,2.0,-1.1462,age,64.0,0.9089
15653753,0.4612,gender_Female,0.0,-0.3249,active_member,0.0,0.4652
15653762,0.3452,age,40.0,-0.6405,active_member,0.0,0.3365
15653773,0.1657,age,39.0,-0.6488,estimated_salary,163327.27,0.2212
15653780,0.5916,active_member,1.0,-0.4499,products_number,1.0,0.4631
15653784,0.0492,age,38.0,-0.715,products_number,1.0,0.1058
15653857,0.0246,products_number,2.0,-1.3234,estimated_salary,148528.24,0.1227
15653952,0.3936,age,39.0,-0.5483,country_germany,1.0,0.4289
15653997,0.1784,age,32.0,-1.1431,active_member,0.0,0.3967
15654025,0.8045,cidade_paris,1.0,-0.342,age,53.0,1.5885
15654060,0.0193,products_number,2.0,-1.5878,balance,0.0,0.1068
15654067,0.0764,products_number,2.0,-1.2993,active_member,0.0,0.3344
15654096,0.0813,age,26.0,-1.4882,active_member,0.0,0.3181
15654106,0.0127,age,28.0,-1.0759,limite_credito,78084.85,0.1295
15654156,0.2367,age,33.0,-1.2878,products_number,1.0,0.3102
15654183,0.0521,age,27.0,-1.339,active_member,0.0,0.3432
15654211,0.0915,age,28.0,-1.3272,products_number,1.0,0.4537
15654222,0.0426,age,32.0,-0.995,credit_utilization,0.8477077783963745,0.1387
15654229,0.0483,products_number,2.0,-1.6503,age,48.0,0.7681
15654230,0.3291,age,33.0,-1.3339,country_germany,1.0,0.4142
15654238,0.2114,cidade_lyon,1.0,-0.4914,active_member,0.0,0.3295
15654274,0.0265,products_number,2.0,-1.4665,active_member,0.0,0.2875
15654296,0.4076,age,21.0,-1.2708,products_number,1.0,0.5187
15654300,0.142,age,35.0,-0.9439,products_number,1.0,0.3354
15654341,0.0725,age,35.0,-1.341,active_member,0.0,0.3612
15654346,0.0542,products_number,2.0,-1.0763,limite_credito,313863.54,0.1733
15654372,0.0576,age,36.0,-1.1735,active_member,0.0,0.3446
15654379,0.062,products_number,2.0,-1.3114,age,61.0,1.1069
15654408,0.1987,products_number,2.0,-0.9253,limite_credito,448225.34,0.613
15654409,0.1288,age,36.0,-0.9779,gender_Female,1.0,0.2299
15654463,0.0169,products_number,2.0,-1.2607,active_member,0.0,0.2228
15654495,0.7662,active_member,1.0,-0.4078,age,48.0,0.8958
15654506,0.0291,age,34.0,-1.2714,active_member,0.0,0.2972
15654519,0.0066,products_number,2.0,-1.1968,salary_missing_flag,0.0,0.0022
15654574,0.0925,products_number,2.0,-1.1765,active_member,0.0,0.3207
15654625,0.0712,products_number,2.0,-1.1989,limite_credito,358256.66,0.2714
15654760,0.0847,active_member,1.0,-0.422,products_number,1.0,0.1759
15654851,0.3962,active_member,1.0,-0.4722,age,46.0,0.7768
15654878,0.0814,age,31.0,-1.2096,cidade_marseille,1.0,0.1284
15654891,0.0186,products_number,2.0,-1.3076,estimated_salary,180591.32,0.0671
15654901,0.5366,tenure,10.0,-0.6596,age,53.0,1.7798
15654959,0.1234,active_member,1.0,-1.3063,cidade_zaragoza,1.0,0.2879
15654964,0.6176,tenure,7.0,-0.4336,age,49.0,1.1058
15654975,0.4561,products_number,2.0,-0.821,age,55.0,1.5874
15655007,0.0362,age,34.0,-1.3344,active_member,0.0,0.2892
15655171,0.0903,age,82.0,-1.0371,products_number,1.0,0.386
15655192,0.0199,age,25.0,-1.2021,gender_Female,1.0,0.2347
15655229,0.3356,age,37.0,-0.6906,country_germany,1.0,0.4385
15655232,0.0526,products_number,2.0,-1.1804,limite_credito,298720.22,0.3807
15655238,0.0501,age,33.0,-1.4101,active_member,0.0,0.3008
15655252,0.2122,tenure,10.0,-0.6489,products_number,1.0,0.3229
15655274,0.0213,age,30.0,-1.3027,gender_Female,1.0,0.1439
15655298,0.1095,products_number,2.0,-1.2818,age,56.0,1.4273
15655335,0.0195,products_number,2.0,-1.3233,active_member,0.0,0.3029
15655339,0.1223,age,37.0,-1.0839,active_member,0.0,0.3128
15655341,0.1527,age,37.0,-0.8964,active_member,0.0,0.3426
15655368,0.6902,gender_Female,0.0,-0.3529,age,48.0,1.0812
15655389,0.151,active_member,1.0,-0.4386,products_number,1.0,0.1762
15655464,0.1411,active_member,1.0,-1.2606,products_number,1.0,0.3498
15655574,0.5505,age,42.0,-0.3428,products_number,1.0,0.3899
15655590,0.2131,products_number,2.0,-1.2462,age,48.0,0.4243
15655632,0.1009,age,29.0,-1.4303,active_member,0.0,0.3566
15655648,0.0442,age,26.0,-1.4321,active_member,0.0,0.2804
15655658,0.0804,products_number,2.0,-1.5111,age,49.0,0.9824
15655774,0.0209,age,29.0,-1.3001,active_member,0.0,0.3264
15655794,0.0181,products_number,2.0,-1.3467,estimated_salary,145937.99,0.0437
15655859,0.0754,age,36.0,-1.1039,limite_credito,288722.23,0.367
15655903,0.1543,age,36.0,-0.8517,gender_Female,1.0,0.1981
15655952,0.0635,products_number,2.0,-1.6982,age,49.0,0.9182
15655961,0.2333,age,29.0,-1.6207,country_germany,1.0,0.4281
15656005,0.2913,age,33.0,-1.307,active_member,0.0,0.4597
15656009,0.6129,age,38.0,-0.6779,products_number,1.0,0.5193
15656029,0.0202,products_number,2.0,-1.3381,estimated_salary,22030.72,0.0576
15656062,0.1122,age,34.0,-1.4047,active_member,0.0,0.2415
15656100,0.805,tenure,5.0,-0.3429,age,51.0,1.4547
15656121,0.0676,products_number,2.0,-1.2269,active_member,0.0,0.3428
15656141,0.2708,age,40.0,-0.4757,products_number,1.0,0.5694
15656176,0.0327,products_number,2.0,-1.4601,age,59.0,1.1697
15656188,0.0502,products_number,2.0,-1.2616,gender_Female,1.0,0.2214
15656249,0.0767,age,35.0,-1.0154,limite_credito,169654.73,0.2502
15656263,0.0231,products_number,2.0,-1.3251,active_member,0.0,0.3253
15656286,0.0204,products_number,2.0,-1.3674,active_member,0.0,0.2737
15656293,0.0206,products_number,2.0,-1.4361,active_member,0.0,0.2787
15656300,0.0338,age,31.0,-1.0994,limite_credito,36780.98,0.2251
15656319,0.0926,age,39.0,-0.9876,active_member,0.0,0.3284
15656322,0.3736,age,35.0,-1.0373,products_number,1.0,0.4405
15656330,0.1306,age,33.0,-1.187,products_number,1.0,0.2237
15656333,0.1848,age,35.0,-1.1286,active_member,0.0,0.3874
15656351,0.0299,products_number,2.0,-1.292,age,62.0,0.9885
15656426,0.1434,products_number,2.0,-1.5459,gender_Female,1.0,0.3607
15656454,0.0759,age,38.0,-0.9844,active_member,0.0,0.1962
15656471,0.0115,products_number,2.0,-1.2356,credit_utilization,,0.0097
15656484,0.0187,products_number,2.0,-1.6122,balance,0.0,0.0804
15656522,0.157,age,34.0,-1.1665,active_member,0.0,0.3543
15656592,0.1303,products_number,2.0,-1.3276,age,49.0,1.0583
15656597,0.0465,products_number,2.0,-1.3199,limite_credito,86453.78,0.1519
15656613,0.1645,age,35.0,-1.1916,active_member,0.0,0.3345
15656627,0.0192,products_number,2.0,-1.2014,credit_score,602.0,0.0432
15656707,0.0706,age,22.0,-1.2328,estimated_salary,180712.28,0.1429
15656710,0.4748,gender_Female,0.0,-0.3638,products_number,1.0,0.5519
15656717,0.0472,products_number,2.0,-1.3788,active_member,0.0,0.277
15656726,0.091,age,33.0,-1.2244,products_number,1.0,0.2474
15656829,0.0737,products_number,2.0,-1.3014,active_member,0.0,0.318
15656840,0.0731,age,31.0,-1.3029,products_number,1.0,0.1872
15656865,0.0648,active_member,1.0,-1.2434,products_number,1.0,0.2098
15656901,0.0404,active_member,1.0,-1.3223,age,61.0,0.9622
15656912,0.6167,active_member,1.0,-0.6039,age,52.0,1.3631
15656921,0.0178,age,33.0,-1.3762,active_member,0.0,0.2183
15656937,0.1144,age,28.0,-1.4761,active_member,0.0,0.4066
15657085,0.024,age,24.0,-1.3512,products_number,1.0,0.0749
15657105,0.1662,age,38.0,-0.9174,products_number,1.0,0.5022
15657139,0.1962,products_number,2.0,-0.8364,limite_credito,209755.58,0.3232
15657163,0.2014,products_number,2.0,-1.4608,limite_credito,165020.63,0.3093
15657214,0.0176,products_number,2.0,-1.1728,balance,0.0,0.1417
15657228,0.08,products_number,2.0,-0.9632,limite_credito,270824.76,0.3563
15657317,0.1411,age,34.0,-1.4058,active_member,0.0,0.3312
15657321,0.0949,age,28.0,-1.401,active_member,0.0,0.3479
15657386,0.1378,products_number,2.0,-1.4183,limite_credito,235731.81,0.3763
15657396,0.0111,products_number,2.0,-1.2432,credit_utilization,,0.0135
15657439,0.0199,products_number,2.0,-1.1051,balance,0.0,0.0272
15657449,0.15,age,27.0,-1.5376,active_member,0.0,0.4814
15657468,0.9432,tenure,5.0,-0.3154,age,55.0,1.9156
15657540,0.577,products_number,2.0,-0.8784,age,52.0,1.4431
15657565,0.4476,products_number,2.0,-0.8979,limite_credito,294662.74,0.3288
15657566,0.1005,age,25.0,-1.4373,country_germany,1.0,0.3261
15657603,0.2015,age,36.0,-0.9424,active_member,0.0,0.3499
15657637,0.209,age,37.0,-1.1566,products_number,3.0,1.739
15657747,0.4192,products_number,2.0,-1.1614,age,45.0,0.5696
15657778,0.0439,age,34.0,-1.3897,active_member,0.0,0.3336
15657779,0.0146,products_number,2.0,-1.2185,country_france,0.0,0.0112
15657812,0.0558,products_number,2.0,-1.6719,age,53.0,1.3834
15657830,0.1746,products_number,2.0,-1.1948,active_member,0.0,0.3215
15657868,0.4388,age,42.0,-0.4201,products_number,1.0,0.3966
15657881,0.1133,age,39.0,-0.6358,products_number,1.0,0.1487
15657937,0.377,age,23.0,-1.4074,country_germany,1.0,0.4159
15658100,0.0915,products_number,2.0,-1.4358,age,44.0,0.2629
15658148,0.0199,products_number,2.0,-1.4995,active_member,0.0,0.3085
15658158,0.2971,age,24.0,-1.5673,active_member,0.0,0.3932
15658169,0.5462,products_number,2.0,-0.9123,age,49.0,1.0185
15658211,0.0438,products_number,2.0,-1.2782,gender_Female,1.0,0.2349
15658233,0.1723,active_member,1.0,-0.4476,gender_Female,1.0,0.2082
15658240,0.2661,products_number,2.0,-1.078,age,46.0,0.3563
15658258,0.5203,gender_Female,0.0,-0.2954,age,45.0,0.4511
15658306,0.074,active_member,1.0,-1.2255,products_number,1.0,0.1555
15658339,0.0179,products_number,2.0,-1.2269,limite_credito,351951.61,0.1033
15658360,0.1384,age,37.0,-0.9783,limite_credito,172173.08,0.3857
15658364,0.5674,active_member,1.0,-0.4039,country_germany,1.0,0.5289
15658432,0.2701,active_member,1.0,-0.437,products_number,1.0,0.5842
15658435,0.0276,age,29.0,-1.5698,active_member,0.0,0.2887
15658449,0.4267,active_member,1.0,-0.4647,age,47.0,0.8597
15658459,0.0148,products_number,2.0,-1.3536,active_member,0.0,0.3341
15658485,0.1518,age,35.0,-1.0978,gender_Female,1.0,0.3374
15658486,0.323,active_member,1.0,-1.02,age,60.0,0.98
15658504,0.2472,active_member,1.0,-1.0662,age,63.0,0.84
15658532,0.1781,active_member,1.0,-1.1816,age,65.0,0.6303
15658548,0.1652,products_number,2.0,-1.2862,active_member,0.0,0.2971
15658589,0.0711,gender_Female,0.0,-0.5443,estimated_salary,171960.76,0.0877
15658614,0.082,products_number,2.0,-1.1545,limite_credito,213787.39,0.3377
15658668,0.2861,products_number,2.0,-1.3694,age,50.0,1.3621
15658670,0.095,products_number,2.0,-1.2721,active_member,0.0,0.3264
15658675,0.3768,age,38.0,-0.6098,country_germany,1.0,0.4985
15658693,0.109,products_number,2.0,-1.2196,age,61.0,1.1164
15658813,0.1233,products_number,2.0,-1.4244,age,56.0,1.4466
15658852,0.0168,products_number,2.0,-1.488,estimated_salary,133692.88,0.1521
15658890,0.1093,products_number,2.0,-1.3611,age,47.0,0.6183
15658935,0.27,products_number,2.0,-1.1081,active_member,0.0,0.3128
15658946,0.1638,products_number,2.0,-1.2144,active_member,0.0,0.3801
15658956,0.1061,products_number,2.0,-1.1874,limite_credito,90054.97,0.3231
15658972,0.3346,tenure,8.0,-0.3436,active_member,0.0,0.3398
15658980,0.3904,age,27.0,-1.4736,active_member,0.0,0.4425
15658987,0.3139,products_number,2.0,-1.0123,age,47.0,0.8515
15659002,0.1292,products_number,2.0,-1.5365,age,46.0,0.3696
15659031,0.085,products_number,2.0,-0.8568,limite_credito,130666.01,0.2087
15659064,0.0097,products_number,2.0,-1.4318,estimated_salary,149418.41,0.0715
15659098,0.1066,age,32.0,-1.376,active_member,0.0,0.3885
15659100,0.0853,age,34.0,-1.4834,active_member,0.0,0.3334
15659105,0.6021,tenure,9.0,-0.3295,age,48.0,0.7351
15659149,0.0336,products_number,2.0,-1.5809,active_member,0.0,0.305
15659194,0.0239,age,32.0,-1.3894,products_number,1.0,0.1358
15659234,0.0479,age,32.0,-1.1958,products_number,1.0,0.0921
15659236,0.0141,products_number,2.0,-1.2924,estimated_salary,42556.33,0.0723
15659305,0.1268,age,21.0,-1.226,products_number,1.0,0.2699
15659355,0.0554,age,34.0,-1.0034,limite_credito,92849.77,0.184
15659364,0.0832,age,25.0,-1.3668,active_member,0.0,0.3349
15659399,0.4853,products_number,2.0,-1.1837,age,51.0,1.4909
15659420,0.0455,age,34.0,-1.0387,limite_credito,189133.3,0.3276
15659428,0.0635,products_number,2.0,-1.4272,gender_Female,1.0,0.2506
15659475,0.0697,age,34.0,-1.2417,active_member,0.0,0.2914
15659486,0.3176,age,35.0,-0.9928,active_member,0.0,0.4353
15659495,0.0795,age,25.0,-1.3221,products_number,1.0,0.4748
15659501,0.1211,age,39.0,-0.6074,products_number,1.0,0.1587
15659568,0.1446,age,32.0,-0.8786,gender_Female,1.0,0.1769
15659656,0.07,age,36.0,-1.3021,active_member,0.0,0.3876
15659677,0.4265,active_member,1.0,-0.3632,age,48.0,1.095
15659710,0.0779,age,26.0,-1.2776,active_member,0.0,0.2935
15659807,0.1739,active_member,1.0,-0.4516,products_number,1.0,0.1478
15659820,0.09,products_number,2.0,-1.3178,active_member,0.0,0.2646
15659843,0.1803,products_number,2.0,-1.5469,age,47.0,0.4082
15659937,0.0529,products_number,2.0,-1.3563,gender_Female,1.0,0.329
15659949,0.0295,age,32.0,-1.4294,active_member,0.0,0.2419
15659962,0.0509,products_number,2.0,-1.3243,age,61.0,1.0171
15660101,0.1192,age,33.0,-1.1949,active_member,0.0,0.3731
15660144,0.0289,products_number,2.0,-1.4596,active_member,0.0,0.2912
15660147,0.0789,age,34.0,-1.0245,balance,46161.18,0.2991
15660155,0.0424,age,38.0,-0.7473,limite_credito,255332.0,0.0707
15660211,0.1502,products_number,2.0,-1.2762,active_member,0.0,0.3469
15660263,0.0526,products_number,2.0,-0.9895,limite_credito,149023.82,0.2484
15660271,0.0895,age,27.0,-1.353,country_germany,1.0,0.295
15660301,0.0263,products_number,2.0,-1.0573,limite_credito,114788.17,0.1132
15660385,0.0287,products_number,2.0,-1.4985,active_member,0.0,0.3116
15660390,0.0319,products_number,2.0,-1.2435,gender_Female,1.0,0.175
15660422,0.0255,age,30.0,-1.2591,active_member,0.0,0.2893
15660475,0.5929,active_member,1.0,-0.6188,age,56.0,1.5338
15660524,0.4925,estimated_salary,195771.95,-0.7125,age,55.0,1.4325
15660528,0.0238,products_number,2.0,-1.2699,active_member,0.0,0.3286
15660535,0.1271,products_number,2.0,-1.5733,age,48.0,0.8384
15660571,0.0945,tenure,10.0,-0.6557,age,45.0,0.4871
15660602,0.0225,age,34.0,-1.0333,limite_credito,459937.92,0.0998
15660608,0.3537,tenure,8.0,-0.4613,age,46.0,0.4554
15660611,0.0173,products_number,2.0,-1.5166,balance,0.0,0.0391
15660636,0.0919,products_number,2.0,-1.2823,active_member,0.0,0.3146
15660646,0.0774,age,36.0,-1.2365,active_member,0.0,0.3157
15660679,0.2176,age,40.0,-0.8063,active_member,0.0,0.3103
15660735,0.0549,products_number,2.0,-1.3368,active_member,0.0,0.2788
15660768,0.2499,age,41.0,-0.3413,active_member,0.0,0.3469
15660809,0.0143,products_number,2.0,-1.1971,salary_missing_flag,0.0,0.006
15660833,0.0476,products_number,2.0,-1.3112,active_member,0.0,0.3877
15660840,0.078,age,31.0,-1.3846,active_member,0.0,0.2626
15660866,0.0413,age,30.0,-1.3528,active_member,0.0,0.3055
15660871,0.0615,age,29.0,-1.4879,active_member,0.0,0.3517
15660878,0.0283,active_member,1.0,-1.1114,limite_credito,153449.49,0.223
15660980,0.091,products_number,2.0,-0.7301,limite_credito,286943.53,0.3815
15661007,0.0765,age,35.0,-1.3304,active_member,0.0,0.3109
15661036,0.0465,products_number,2.0,-1.7319,active_member,0.0,0.3078
15661198,0.1309,age,36.0,-0.9957,products_number,1.0,0.4231
15661219,0.0153,age,34.0,-1.3823,active_member,0.0,0.3273
15661249,0.0434,products_number,2.0,-1.644,age,54.0,1.4273
15661290,0.6789,age,40.0,-0.6127,country_germany,1.0,0.4628
15661330,0.2633,age,38.0,-0.6437,products_number,1.0,0.5672
15661349,0.0108,age,36.0,-1.277,active_member,0.0,0.2179
15661380,0.0138,active_member,1.0,-1.3774,age,70.0,0.1239
15661412,0.0974,age,34.0,-1.3484,active_member,0.0,0.3256
15661433,0.1119,age,35.0,-1.2727,products_number,1.0,0.4927
15661507,0.6055,gender_Female,0.0,-0.3372,age,47.0,0.5978
15661526,0.1347,products_number,2.0,-1.123,limite_credito,148138.45,0.3721
15661528,0.667,tenure,5.0,-0.3777,age,49.0,1.1907
15661532,0.0754,age,32.0,-1.4147,limite_credito,251874.65,0.2742
15661548,0.1623,age,31.0,-1.2734,active_member,0.0,0.3338
15661591,0.0666,products_number,2.0,-1.3091,country_germany,1.0,0.1884
15661656,0.1069,products_number,2.0,-0.8876,limite_credito,180302.9,0.4215
15661708,0.0474,products_number,2.0,-1.3703,gender_Female,1.0,0.2796
15661734,0.1813,products_number,2.0,-1.4039,active_member,0.0,0.3149
15661745,0.1313,age,37.0,-0.7645,products_number,1.0,0.4858
15661827,0.0804,products_number,2.0,-1.4211,age,47.0,0.5724
15661830,0.0855,products_number,2.0,-1.2492,gender_Female,1.0,0.3106
15661936,0.171,gender_Female,0.0,-0.4699,active_member,0.0,0.2919
15661945,0.4836,age,41.0,-0.6242,products_number,3.0,2.1014
15661974,0.3234,active_member,1.0,-0.5526,age,48.0,0.9804
15662021,0.0878,products_number,2.0,-1.4969,active_member,0.0,0.272
15662063,0.0558,age,38.0,-0.6392,products_number,1.0,0.1671
15662067,0.3045,tenure,8.0,-0.3712,active_member,0.0,0.3616
15662085,0.1575,age,34.0,-1.2031,products_number,1.0,0.465
15662091,0.1411,age,22.0,-0.7639,products_number,1.0,0.1198
15662100,0.588,active_member,1.0,-0.3864,age,45.0,0.5378
15662151,0.2588,active_member,1.0,-0.4311,products_number,1.0,0.5574
15662152,0.2121,age,39.0,-0.8767,active_member,0.0,0.3028
15662189,0.1495,age,35.0,-0.9466,products_number,1.0,0.5231
15662203,0.1616,products_number,2.0,-1.2338,limite_credito,205072.48,0.2783
15662238,0.0806,age,39.0,-0.9131,active_member,0.0,0.3263
15662245,0.0089,products_number,2.0,-1.1596,balance,999999.99,0.0662
15662263,0.0367,age,24.0,-1.1815,limite_credito,99209.28,0.1859
15662294,0.0213,age,35.0,-1.0091,limite_credito,159579.04,0.1937
15662397,0.3367,active_member,1.0,-0.4618,age,43.0,0.2801
15662403,0.0739,age,33.0,-1.2938,active_member,0.0,0.2615
15662434,0.0306,age,27.0,-1.2773,active_member,0.0,0.2919
15662483,0.0236,products_number,2.0,-1.6995,age,45.0,0.3361
15662494,0.0676,active_member,1.0,-0.5793,age,44.0,0.2774
15662500,0.0172,products_number,2.0,-1.3412,active_member,0.0,0.3464
15662532,0.0441,products_number,2.0,-0.9231,cidade_cologne,1.0,0.2274
15662533,0.0507,age,24.0,-1.324,active_member,0.0,0.3137
15662571,0.0301,products_number,2.0,-1.3411,active_member,0.0,0.2872
15662574,0.1196,age,38.0,-1.0202,active_member,0.0,0.3457
15662578,0.2874,age,37.0,-0.769,country_germany,1.0,0.5251
15662626,0.0905,products_number,2.0,-1.4369,active_member,0.0,0.3003
15662641,0.0506,age,21.0,-1.587,products_number,1.0,0.5124
15662658,0.0509,products_number,2.0,-1.1282,active_member,0.0,0.3323
15662662,0.0383,age,32.0,-1.3261,active_member,0.0,0.2904
15662758,0.3144,gender_Female,0.0,-0.3253,active_member,0.0,0.3626
15662854,0.4368,products_number,2.0,-1.1942,age,49.0,1.1243
15662865,0.0176,products_number,2.0,-1.4009,balance,0.0,0.0217
15662901,0.0179,products_number,2.0,-1.4783,balance,0.0,0.0385
15662908,0.0495,products_number,2.0,-1.1941,limite_credito,173655.11,0.3751
15662955,0.0367,age,28.0,-1.6618,active_member,0.0,0.3125
15662976,0.177,age,39.0,-0.6154,products_number,1.0,0.5034
15663168,0.0861,age,36.0,-1.2499,active_member,0.0,0.3281
15663234,0.1178,active_member,1.0,-1.1294,age,62.0,0.6276
15663249,0.3198,age,39.0,-0.8125,active_member,0.0,0.3336
15663252,0.0295,products_number,2.0,-1.1853,gender_Female,1.0,0.2863
15663263,0.1725,products_number,2.0,-1.2236,age,48.0,0.6713
15663294,0.0342,age,34.0,-1.3473,products_number,1.0,0.1149
15663312,0.0885,products_number,2.0,-0.9752,active_member,0.0,0.2746
15663386,0.0516,age,27.0,-1.3513,active_member,0.0,0.3019
15663421,0.1108,age,30.0,-1.2841,active_member,0.0,0.3419
15663478,0.0362,age,33.0,-1.257,limite_credito,280295.49,0.0711
15663489,0.2198,age,31.0,-1.2608,products_number,1.0,0.4463
15663625,0.0294,products_number,2.0,-1.3666,active_member,0.0,0.3067
15663770,0.1093,age,39.0,-0.6613,products_number,1.0,0.1446
15663808,0.3014,products_number,2.0,-1.0258,age,61.0,1.1266
15663817,0.4126,gender_Female,0.0,-0.4623,age,47.0,0.865
15663826,0.1693,active_member,1.0,-1.2048,products_number,1.0,0.2986
15663830,0.0217,products_number,2.0,-1.2816,credit_score,563.0,0.1459
15663883,0.0438,age,33.0,-1.1772,limite_credito,249794.42,0.4218
15663885,0.0955,age,33.0,-1.4723,products_number,1.0,0.5458
15663888,0.1366,products_number,2.0,-1.1486,active_member,0.0,0.3838
15663917,0.2919,gender_Female,0.0,-0.4064,age,45.0,0.7852
15663921,0.0197,products_number,2.0,-1.3694,age,61.0,0.9087
15663939,0.1879,age,36.0,-0.899,country_germany,1.0,0.4485
15663942,0.0336,products_number,2.0,-1.3612,active_member,0.0,0.2636
15663964,0.0169,products_number,2.0,-1.3446,active_member,0.0,0.2165
15664035,0.0401,products_number,2.0,-1.3258,gender_Female,1.0,0.2838
15664083,0.2157,age,38.0,-0.7025,products_number,1.0,0.3503
15664150,0.1184,age,30.0,-1.2731,active_member,0.0,0.3312
15664204,0.0169,products_number,2.0,-1.2453,cidade_zaragoza,1.0,0.0272
15664214,0.052,age,34.0,-1.2806,active_member,0.0,0.3401
15664227,0.0536,age,29.0,-1.3878,products_number,1.0,0.3122
15664311,0.1531,age,29.0,-1.3829,country_germany,1.0,0.3509
15664498,0.0737,age,27.0,-1.4581,active_member,0.0,0.2796
15664504,0.0258,products_number,2.0,-1.2451,cidade_marseille,1.0,0.2257
15664506,0.0417,age,34.0,-1.07,credit_utilization,0.6747193448336833,0.0734
15664521,0.0691,age,32.0,-0.9033,limite_credito,166977.66,0.4027
15664523,0.1422,products_number,2.0,-1.1378,active_member,0.0,0.3335
15664539,0.1267,age,36.0,-1.0646,active_member,0.0,0.3799
15664639,0.106,age,20.0,-1.3525,active_member,0.0,0.3771
15664681,0.115,age,36.0,-1.1097,active_member,0.0,0.2796
15664720,0.1547,age,35.0,-1.1939,active_member,0.0,0.3938
15664734,0.0737,age,26.0,-1.3148,limite_credito,277234.34,0.1944
15664737,0.0364,products_number,2.0,-1.3478,gender_Female,1.0,0.3342
15664752,0.137,products_number,2.0,-1.348,limite_credito,232048.41,0.3792
15664759,0.0179,age,34.0,-1.3472,active_member,0.0,0.3392
15664772,0.0293,age,29.0,-1.2992,limite_credito,233375.54,0.2211
15664793,0.2676,products_number,2.0,-0.8157,age,51.0,1.146
15664802,0.081,products_number,2.0,-1.5643,active_member,0.0,0.2641
15664808,0.5002,age,39.0,-0.7774,products_number,3.0,2.2926
15664881,0.1046,age,36.0,-1.3066,active_member,0.0,0.3196
15664895,0.0237,age,26.0,-1.2256,gender_Female,1.0,0.1468
15665008,0.0459,age,28.0,-1.3695,gender_Female,1.0,0.1244
15665014,0.0181,products_number,2.0,-1.334,active_member,0.0,0.2964
15665062,0.0385,age,21.0,-1.3203,credit_utilization,1.1069068000494138,0.1673
15665064,0.0887,age,37.0,-0.9652,limite_credito,341700.85,0.3125
15665087,0.2166,age,28.0,-1.4116,country_germany,1.0,0.3134
15665088,0.0669,products_number,2.0,-1.4849,gender_Female,1.0,0.2432
15665110,0.0358,age,26.0,-1.6341,products_number,1.0,0.1788
15665129,0.0706,products_number,2.0,-1.1086,limite_credito,294309.01,0.3084
15665158,0.031,age,28.0,-1.3386,products_number,1.0,0.0839
15665168,0.3648,products_number,2.0,-1.1546,age,45.0,0.5429
15665177,0.0452,products_number,2.0,-1.7273,age,45.0,0.4206
15665181,0.0095,products_number,2.0,-1.2493,estimated_salary,23180.37,0.0397
15665222,0.747,tenure,8.0,-0.4666,age,53.0,1.7059
15665238,0.2817,age,38.0,-0.8818,country_germany,1.0,0.5015
15665327,0.0929,age,20.0,-1.2239,active_member,0.0,0.3032
15665340,0.0402,products_number,2.0,-1.2667,gender_Female,1.0,0.2716
15665374,0.0687,products_number,2.0,-1.2955,active_member,0.0,0.318
15665376,0.1283,products_number,2.0,-1.2131,active_member,0.0,0.31
15665378,0.1731,products_number,2.0,-1.5246,age,48.0,0.6458
15665385,0.4223,cidade_nice,1.0,-0.354,active_member,0.0,0.4403
15665416,0.106,active_member,1.0,-1.1928,age,63.0,0.7308
15665438,0.2057,active_member,1.0,-0.4531,age,44.0,0.3798
15665460,0.038,active_member,1.0,-1.3041,age,68.0,0.3295
15665521,0.1162,age,19.0,-0.9875,limite_credito,303204.19,0.3194
15665524,0.344,gender_Female,0.0,-0.4108,active_member,0.0,0.4512
15665579,0.1323,age,29.0,-1.4274,active_member,0.0,0.3683
15665590,0.0395,products_number,2.0,-1.7338,age,47.0,0.5598
15665629,0.0768,products_number,2.0,-1.3309,active_member,0.0,0.3211
15665634,0.2325,active_member,1.0,-0.4168,balance,59568.57,0.2348
15665695,0.2211,products_number,2.0,-1.4507,age,51.0,1.1504
15665760,0.0192,products_number,2.0,-1.4169,cidade_zaragoza,1.0,0.114
15665766,0.1293,products_number,2.0,-1.1981,limite_credito,153028.84,0.3846
15665783,0.0385,products_number,2.0,-1.6601,age,51.0,1.1054
15665784,0.0365,age,28.0,-1.6038,active_member,0.0,0.3602
15665790,0.1751,products_number,2.0,-1.2009,active_member,0.0,0.322
15665802,0.0653,products_number,2.0,-1.1803,gender_Female,1.0,0.2679
15665811,0.0848,age,34.0,-1.4944,active_member,0.0,0.3452
15665834,0.1956,age,30.0,-1.237,products_number,1.0,0.389
15665861,0.123,active_member,1.0,-0.707,age,46.0,0.5288
15665879,0.0834,products_number,2.0,-1.3267,gender_Female,1.0,0.3356
15665943,0.0116,age,27.0,-1.3725,active_member,0.0,0.186
15665963,0.0644,age,31.0,-0.9978,products_number,1.0,0.0913
15666012,0.0764,products_number,2.0,-0.885,limite_credito,269835.04,0.3955
15666032,0.0993,age,29.0,-1.4448,active_member,0.0,0.4251
15666043,0.082,age,34.0,-1.0042,limite_credito,333763.56,0.1867
15666096,0.1224,age,29.0,-1.227,products_number,1.0,0.4696
15666141,0.0295,age,28.0,-1.3426,gender_Female,1.0,0.198
15666163,0.1996,active_member,1.0,-0.5744,age,45.0,0.5802
15666166,0.1615,active_member,1.0,-0.9966,gender_Female,1.0,0.1868
15666173,0.0854,age,34.0,-1.601,products_number,1.0,0.216
15666181,0.07,age,34.0,-1.4844,active_member,0.0,0.3264
15666197,0.5573,age,39.0,-0.6644,products_number,1.0,0.409
15666252,0.0266,products_number,2.0,-1.596,age,44.0,0.1315
15666332,0.1011,products_number,2.0,-1.3907,age,50.0,0.94
15666430,0.0365,products_number,2.0,-1.3388,active_member,0.0,0.3213
15666453,0.0648,age,30.0,-1.3058,limite_credito,110014.48,0.1356
15666559,0.0639,age,25.0,-1.0199,limite_credito,187005.42,0.2565
15666633,0.0406,products_number,2.0,-1.5479,age,57.0,1.4197
15666652,0.0276,products_number,2.0,-1.1964,gender_Female,1.0,0.179
15666675,0.1328,age,40.0,-0.4771,gender_Female,1.0,0.1926
15666767,0.0883,age,36.0,-1.2703,active_member,0.0,0.3135
15666823,0.02,products_number,2.0,-1.5407,active_member,0.0,0.2391
15666856,0.3419,active_member,1.0,-0.5304,age,50.0,1.2847
15666884,0.1718,products_number,2.0,-1.1586,active_member,0.0,0.2824
15666916,0.0699,products_number,2.0,-1.3996,active_member,0.0,0.2571
15666975,0.1728,age,37.0,-1.0098,active_member,0.0,0.3106
15666982,0.6589,age,40.0,-0.6045,products_number,1.0,0.4673
15667046,0.0909,age,39.0,-0.9468,active_member,0.0,0.3409
15667085,0.0243,products_number,2.0,-1.281,estimated_salary,131834.75,0.0914
15667093,0.1387,age,39.0,-0.6354,products_number,1.0,0.509
15667134,0.0147,age,33.0,-1.374,active_member,0.0,0.305
15667190,0.082,age,23.0,-1.2168,products_number,1.0,0.2706
15667215,0.0196,products_number,2.0,-1.2242,balance,0.0,0.1305
15667216,0.0445,age,31.0,-1.1973,gender_Female,1.0,0.178
15667265,0.1892,gender_Female,0.0,-0.4483,products_number,1.0,0.2111
15667289,0.1751,products_number,2.0,-1.5053,age,51.0,1.328
15667321,0.0497,products_number,2.0,-1.5707,age,51.0,1.1999
15667392,0.1735,products_number,2.0,-0.7564,limite_credito,293158.52,0.3699
15667417,0.1711,age,35.0,-1.2541,active_member,0.0,0.3764
15667424,0.2212,products_number,2.0,-1.2033,gender_Female,1.0,0.2994
15667451,0.0179,products_number,2.0,-1.42,balance,0.0,0.1016
15667456,0.035,active_member,1.0,-1.3291,age,64.0,1.0355
15667458,0.2184,age,30.0,-1.5008,active_member,0.0,0.4519
15667460,0.0102,products_number,2.0,-1.2284,balance,0.0,0.0454
15667462,0.0429,products_number,2.0,-1.6196,active_member,0.0,0.365
15667476,0.5672,age,38.0,-0.7904,country_germany,1.0,0.4626
15667521,0.0454,age,23.0,-1.3753,active_member,0.0,0.2886
15667554,0.0176,products_number,2.0,-1.3425,credit_score,605.0,0.0385
15667588,0.2921,active_member,1.0,-0.4069,products_number,1.0,0.3815
15667602,0.042,products_number,2.0,-1.3171,active_member,0.0,0.3457
15667620,0.0941,products_number,2.0,-1.5433,active_member,0.0,0.3185
15667633,0.0415,products_number,2.0,-1.3417,gender_Female,1.0,0.2223
15667651,0.0416,products_number,2.0,-1.363,active_member,0.0,0.3058
15667742,0.0786,active_member,1.0,-0.4962,products_number,1.0,0.0794
15667751,0.1202,age,38.0,-0.8837,active_member,0.0,0.2719
15667871,0.1596,age,37.0,-0.9893,active_member,0.0,0.4116
15667889,0.0379,products_number,2.0,-1.3828,gender_Female,1.0,0.2568
15667896,0.0624,products_number,2.0,-0.8214,limite_credito,436306.82,0.3114
15667932,0.0942,products_number,2.0,-1.3411,gender_Female,1.0,0.3041
15667934,0.1252,age,37.0,-0.9969,active_member,0.0,0.2928
15667938,0.0393,age,33.0,-1.0578,limite_credito,194499.84,0.3359
15667944,0.0789,active_member,1.0,-0.532,products_number,1.0,0.1319
15667971,0.0806,products_number,2.0,-1.1421,limite_credito,288240.83,0.2257
15668009,0.0161,products_number,2.0,-1.4495,balance,0.0,0.0418
15668032,0.3164,age,38.0,-0.6683,products_number,1.0,0.4996
15668057,0.1885,age,33.0,-1.342,active_member,0.0,0.3991
15668058,0.4497,age,36.0,-1.0403,country_germany,1.0,0.5308
15668081,0.1038,products_number,2.0,-1.3424,age,51.0,1.0899
15668104,0.1185,age,39.0,-0.5919,products_number,1.0,0.198
15668142,0.0835,products_number,2.0,-0.8951,limite_credito,93502.35,0.2516
15668235,0.1986,cidade_nice,1.0,-0.4193,gender_Female,1.0,0.2104
15668289,0.115,age,34.0,-1.1329,products_number,1.0,0.1261
15668347,0.0325,products_number,2.0,-1.4307,active_member,0.0,0.2976
15668385,0.1721,active_member,1.0,-0.5204,products_number,1.0,0.1978
15668445,0.0189,products_number,2.0,-1.4174,credit_score,521.0,0.0303
15668460,0.0127,products_number,2.0,-1.2211,salary_missing_flag,0.0,0.0029
15668472,0.1134,age,26.0,-1.262,limite_credito,271102.46,0.3034
15668504,0.082,age,37.0,-0.7614,products_number,1.0,0.1437
15668521,0.0151,products_number,2.0,-1.4012,balance,0.0,0.0552
15668580,0.0208,products_number,2.0,-1.3015,estimated_salary,92916.53,0.0202
15668594,0.1468,age,27.0,-1.4772,products_number,1.0,0.3123
15668629,0.061,products_number,2.0,-1.647,active_member,0.0,0.334
15668679,0.0207,products_number,2.0,-1.1408,balance,999999.99,0.2245
15668695,0.1166,age,24.0,-1.4524,active_member,0.0,0.3802
15668747,0.4605,cidade_nantes,1.0,-0.4339,age,48.0,1.0056
15668767,0.0236,products_number,2.0,-1.4375,active_member,0.0,0.1943
15668775,0.52,gender_Female,0.0,-0.4116,age,48.0,0.8923
15668818,0.2067,active_member,1.0,-0.4154,gender_Female,1.0,0.129
15668830,0.1401,age,25.0,-1.3209,active_member,0.0,0.4024
15668853,0.193,active_member,1.0,-0.5432,age,45.0,0.4954
15668886,0.0563,products_number,2.0,-1.3419,gender_Female,1.0,0.3038
15668893,0.0123,products_number,2.0,-1.4874,balance,0.0,0.0614
15668894,0.1286,products_number,2.0,-1.1794,limite_credito,306423.35,0.4285
15668943,0.0202,products_number,2.0,-1.4481,active_member,0.0,0.267
15668958,0.0629,age,31.0,-1.6328,active_member,0.0,0.3238
15668971,0.3101,products_number,2.0,-1.0158,limite_credito,106350.06,0.2944
15669060,0.2366,products_number,2.0,-1.1084,active_member,0.0,0.8345
15669064,0.1778,age,36.0,-1.1578,country_germany,1.0,0.4262
15669169,0.0089,products_number,2.0,-1.2156,country_france,0.0,0.0162
15669175,0.0543,age,26.0,-1.0537,limite_credito,308374.95,0.1777
15669204,0.1025,age,25.0,-1.3873,active_member,0.0,0.3545
15669219,0.4416,age,36.0,-0.9253,products_number,1.0,0.4508
15669262,0.1081,products_number,2.0,-1.1735,active_member,0.0,0.2692
15669281,0.0826,age,39.0,-1.0019,active_member,0.0,0.3138
15669282,0.1437,age,21.0,-1.468,active_member,0.0,0.3709
15669290,0.1722,age,40.0,-0.4347,products_number,1.0,0.2554
15669293,0.0629,age,38.0,-0.7458,products_number,1.0,0.1059
15669326,0.2527,active_member,1.0,-0.4274,age,46.0,0.6754
15669342,0.0862,products_number,2.0,-1.2299,active_member,0.0,0.3389
15669490,0.0653,products_number,2.0,-1.2384,active_member,0.0,0.3408
15669491,0.5902,active_member,1.0,-0.3841,age,48.0,1.0833
15669501,0.0175,products_number,2.0,-1.2206,balance,0.0,0.03
15669516,0.0164,products_number,2.0,-1.3878,balance,0.0,0.0492
15669606,0.0331,products_number,2.0,-1.3016,active_member,0.0,0.2867
15669611,0.0795,active_member,1.0,-1.1815,limite_credito,205922.42,0.2163
15669656,0.0621,age,33.0,-1.2551,products_number,1.0,0.0706
15669741,0.2219,age,37.0,-1.0071,products_number,1.0,0.6017
15669805,0.1713,age,33.0,-1.353,products_number,1.0,0.4346
15669922,0.0552,products_number,2.0,-1.288,gender_Female,1.0,0.2155
15669945,0.055,age,36.0,-1.131,active_member,0.0,0.3318
15669946,0.5953,active_member,1.0,-0.4294,age,47.0,0.7611
15669957,0.5236,active_member,1.0,-0.7684,age,53.0,1.3416
15669994,0.066,age,33.0,-1.6189,active_member,0.0,0.298
15670029,0.0274,products_number,2.0,-1.3224,active_member,0.0,0.2635
15670039,0.0432,age,27.0,-1.4194,active_member,0.0,0.2755
15670066,0.0133,products_number,2.0,-1.3171,credit_utilization,,0.0202
15670080,0.1842,age,30.0,-1.1901,products_number,1.0,0.3381
15670103,0.1994,age,39.0,-0.5821,gender_Female,1.0,0.2018
15670163,0.0271,age,28.0,-1.6372,active_member,0.0,0.2904
15670172,0.0999,age,32.0,-1.0865,products_number,1.0,0.225
15670205,0.6776,tenure,5.0,-0.4046,products_number,1.0,0.4419
15670266,0.0725,age,29.0,-1.2938,gender_Female,1.0,0.1673
15670343,0.0401,products_number,2.0,-1.2672,active_member,0.0,0.329
15670345,0.3359,age,34.0,-1.2951,products_number,1.0,0.4082
15670354,0.06,products_number,2.0,-1.2099,age,63.0,0.8737
15670416,0.5098,active_member,1.0,-0.4455,products_number,1.0,0.4571
15670427,0.2281,age,38.0,-1.0123,active_member,0.0,0.3606
15670481,0.0514,age,28.0,-1.334,limite_credito,112452.51,0.1921
15670492,0.0295,age,30.0,-1.2697,active_member,0.0,0.3677
15670496,0.0332,age,28.0,-1.4796,active_member,0.0,0.3335
15670552,0.18,age,33.0,-1.3907,active_member,0.0,0.3796
15670562,0.0545,age,32.0,-1.3692,estimated_salary,50906.65,0.1847
15670587,0.0264,age,26.0,-1.4231,active_member,0.0,0.3184
15670602,0.1046,age,26.0,-1.4715,country_germany,1.0,0.339
15670619,0.032,products_number,2.0,-1.2829,active_member,0.0,0.2527
15670668,0.0338,age,30.0,-1.2193,limite_credito,109851.05,0.2431
15670702,0.041,products_number,2.0,-0.855,limite_credito,487538.81,0.3182
15670738,0.1631,products_number,2.0,-1.4608,age,47.0,0.3625
15670753,0.0682,age,36.0,-0.8697,products_number,1.0,0.1187
15670755,0.0398,products_number,2.0,-1.2994,age,61.0,0.9989
15670822,0.1195,age,24.0,-1.1837,gender_Female,1.0,0.2796
15670859,0.0558,products_number,2.0,-1.2943,gender_Female,1.0,0.2321
15670866,0.0165,products_number,2.0,-1.329,estimated_salary,,0.0601
15670889,0.0575,age,36.0,-1.1111,products_number,1.0,0.1269
15670914,0.0344,products_number,2.0,-1.4467,active_member,0.0,0.3089
15670943,0.1367,products_number,2.0,-1.1391,limite_credito,315595.47,0.3724
15671014,0.1006,active_member,1.0,-1.0767,gender_Female,1.0,0.17
15671032,0.113,products_number,2.0,-1.1058,limite_credito,214485.18,0.2281
15671097,0.0251,age,33.0,-1.355,active_member,0.0,0.2826
15671104,0.143,active_member,1.0,-0.6154,age,44.0,0.3199
15671124,0.048,age,26.0,-1.2991,products_number,1.0,0.0633
15671139,0.0851,active_member,1.0,-0.5339,limite_credito,298224.27,0.0629
15671148,0.0484,products_number,2.0,-1.241,active_member,0.0,0.3631
15671165,0.0642,active_member,1.0,-1.3249,gender_Female,1.0,0.0859
15671172,0.039,age,24.0,-1.1433,limite_credito,151128.92,0.2711
15671209,0.5336,age,30.0,-1.6351,products_number,3.0,2.527
15671243,0.2989,products_number,2.0,-1.4742,age,49.0,1.094
15671322,0.3158,age,31.0,-1.2194,country_germany,1.0,0.4307
15671334,0.1606,age,33.0,-1.4444,products_number,1.0,0.4533
15671345,0.3502,products_number,2.0,-0.9584,active_member,0.0,0.2693
15671351,0.0391,products_number,2.0,-1.3984,active_member,0.0,0.3188
15671387,0.0805,age,30.0,-1.4396,active_member,0.0,0.2681
15671390,0.0265,products_number,2.0,-1.3072,active_member,0.0,0.3627
15671514,0.0237,products_number,2.0,-1.2727,gender_Female,1.0,0.2425
15671582,0.1133,age,39.0,-0.6151,products_number,1.0,0.1975
15671590,0.0199,products_number,2.0,-1.2039,cidade_zaragoza,1.0,0.046
15671609,0.0536,products_number,2.0,-1.7335,active_member,0.0,0.3853
15671610,0.1161,age,37.0,-0.7937,products_number,1.0,0.5305
15671630,0.6735,age,42.0,-0.2803,country_germany,1.0,0.4773
15671766,0.1273,active_member,1.0,-0.5988,age,46.0,0.6068
15671779,0.0481,products_number,2.0,-1.517,active_member,0.0,0.3765
15671789,0.062,age,32.0,-1.253,limite_credito,148449.42,0.3086
15671800,0.0521,age,21.0,-0.8743,credit_utilization,0.35609381046101446,0.1911
15671804,0.0664,products_number,2.0,-0.8199,limite_credito,341724.81,0.2592
15671915,0.0387,products_number,2.0,-1.7456,age,48.0,0.7888
15671917,0.4384,active_member,1.0,-0.4602,age,48.0,1.0001
15671930,0.0402,products_number,2.0,-1.2704,gender_Female,1.0,0.2755
15671934,0.4332,active_member,1.0,-0.4483,country_germany,1.0,0.464
15671969,0.0174,products_number,2.0,-1.3968,active_member,0.0,0.3035
15671973,0.009,products_number,2.0,-1.5345,balance,0.0,0.0527
15671987,0.1218,age,36.0,-1.151,active_member,0.0,0.3887
15672016,0.0118,products_number,2.0,-1.2999,balance,0.0,0.0238
15672027,0.1236,products_number,2.0,-1.2407,active_member,0.0,0.3379
15672053,0.0241,products_number,2.0,-1.4087,active_member,0.0,0.3004
15672082,0.725,products_number,2.0,-1.0957,age,64.0,2.3038
15672091,0.1556,age,34.0,-1.2641,active_member,0.0,0.3024
15672115,0.0245,products_number,2.0,-1.3366,age,61.0,0.912
15672132,0.3529,cidade_lyon,1.0,-0.453,active_member,0.0,0.3544
15672145,0.0456,age,35.0,-1.0532,limite_credito,174508.81,0.2165
15672185,0.1073,products_number,2.0,-1.7071,age,48.0,0.5905
15672237,0.0827,age,27.0,-1.8221,products_number,1.0,0.4749
15672242,0.1122,age,26.0,-1.354,products_number,1.0,0.4422
15672246,0.5807,active_member,1.0,-0.3774,age,45.0,0.5938
15672299,0.0271,products_number,2.0,-1.7746,age,46.0,0.3804
15672330,0.0209,products_number,2.0,-1.2022,gender_Female,1.0,0.1749
15672357,0.0251,products_number,2.0,-1.3997,active_member,0.0,0.2923
15672437,0.0503,active_member,1.0,-1.1002,limite_credito,217560.92,0.343
15672467,0.335,active_member,1.0,-0.8667,age,54.0,1.5604
15672481,0.0352,products_number,2.0,-1.4197,active_member,0.0,0.2975
15672499,0.0394,age,36.0,-0.9126,limite_credito,103373.47,0.2084
15672516,0.4724,products_number,2.0,-1.0467,age,52.0,1.3769
15672598,0.0622,age,32.0,-0.9281,products_number,1.0,0.1585
15672610,0.1917,age,41.0,-0.5556,active_member,0.0,0.4089
15672637,0.1288,age,31.0,-1.4073,active_member,0.0,0.3485
15672640,0.36,products_number,2.0,-0.6311,age,46.0,0.4515
15672692,0.1663,products_number,2.0,-0.9375,gender_Female,1.0,0.2812
15672704,0.0422,age,26.0,-1.3817,active_member,0.0,0.2365
15672756,0.0753,age,37.0,-0.7665,products_number,1.0,0.1805
15672798,0.1978,estimated_salary,199392.14,-0.5183,age,47.0,0.7627
15672821,0.0109,products_number,2.0,-1.2116,credit_utilization,,0.018
15672826,0.0216,age,34.0,-1.4799,gender_Female,1.0,0.1546
15672875,0.0967,age,33.0,-1.3557,products_number,1.0,0.2879
15672894,0.0815,products_number,2.0,-0.9588,active_member,0.0,0.2287
15672905,0.0482,products_number,2.0,-1.3883,gender_Female,1.0,0.2929
15672930,0.0389,products_number,2.0,-1.3599,active_member,0.0,0.3219
15672945,0.217,age,38.0,-0.8624,active_member,0.0,0.3046
15672966,0.0772,active_member,1.0,-1.2029,age,65.0,0.9244
15672970,0.0189,products_number,2.0,-1.2449,cidade_zaragoza,1.0,0.0711
15672983,0.0639,age,29.0,-1.415,active_member,0.0,0.2648
15673055,0.0141,products_number,2.0,-1.4213,country_france,0.0,0.0797
15673074,0.2494,age,31.0,-1.1459,products_number,1.0,0.3029
15673084,0.0971,age,40.0,-0.4284,products_number,1.0,0.1058
15673180,0.0719,age,20.0,-1.4668,active_member,0.0,0.2827
15673223,0.0676,products_number,2.0,-1.6718,active_member,0.0,0.4167
15673333,0.7145,active_member,1.0,-0.6307,age,53.0,1.4194
15673367,0.6099,age,35.0,-0.9386,country_germany,1.0,0.5295
15673481,0.7639,tenure,6.0,-0.2554,age,50.0,1.1913
15673529,0.1136,age,37.0,-1.0165,active_member,0.0,0.3381
15673539,0.1959,age,28.0,-1.4331,active_member,0.0,0.3831
15673570,0.0152,products_number,2.0,-1.3812,credit_card,0.0,0.0142
15673578,0.2399,products_number,2.0,-1.1801,active_member,0.0,0.2781
15673584,0.0141,products_number,2.0,-1.0556,gender_Female,1.0,0.1711
15673599,0.0795,age,33.0,-1.1168,products_number,1.0,0.1084
15673619,0.0502,age,26.0,-1.8103,active_member,0.0,0.3686
15673747,0.1683,age,23.0,-1.2473,products_number,1.0,0.464
15673790,0.1507,products_number,2.0,-1.2777,age,47.0,0.6296
15673820,0.0205,products_number,2.0,-1.3104,active_member,0.0,0.2955
15673837,0.1868,active_member,1.0,-1.2078,age,63.0,0.7803
15673907,0.0238,age,22.0,-1.2812,active_member,0.0,0.3378
15673908,0.5074,active_member,1.0,-0.4092,products_number,1.0,0.3133
15673929,0.0589,products_number,2.0,-1.2858,age,65.0,0.9861
15673995,0.781,tenure,9.0,-0.2822,age,66.0,1.3522
15674000,0.0335,products_number,2.0,-1.6857,age,45.0,0.3664
15674110,0.3568,active_member,1.0,-0.3441,age,45.0,0.6
15674149,0.0895,products_number,2.0,-1.228,limite_credito,142372.48,0.2643
15674156,0.0855,active_member,1.0,-1.2053,products_number,1.0,0.2557
15674179,0.2765,age,35.0,-1.0664,active_member,0.0,0.4142
15674206,0.021,age,23.0,-1.2723,gender_Female,1.0,0.2125
15674254,0.0689,products_number,2.0,-1.4816,age,47.0,0.5649
15674331,0.1496,age,32.0,-1.0808,active_member,0.0,0.3526
15674343,0.0888,products_number,2.0,-1.0879,age,45.0,0.4448
15674368,0.185,products_number,2.0,-0.8841,gender_Female,1.0,0.2295
15674398,0.0318,products_number,2.0,-1.5002,active_member,0.0,0.3246
15674433,0.3436,age,30.0,-1.37,products_number,1.0,0.4574
15674442,0.1684,age,25.0,-1.3382,active_member,0.0,0.3729
15674526,0.0821,active_member,1.0,-1.3938,products_number,1.0,0.1097
15674573,0.0921,age,27.0,-1.3685,products_number,1.0,0.1769
15674583,0.0292,age,27.0,-1.4468,products_number,1.0,0.1436
15674620,0.1286,products_number,2.0,-1.0047,limite_credito,98723.43,0.206
15674637,0.0992,active_member,1.0,-1.188,products_number,1.0,0.1027
15674671,0.0415,active_member,1.0,-1.0008,limite_credito,72035.52,0.2101
15674727,0.2621,active_member,1.0,-0.4074,age,44.0,0.3818
15674750,0.0718,products_number,2.0,-1.2463,active_member,0.0,0.279
15674765,0.64,gender_Female,0.0,-0.3268,products_number,1.0,0.4811
15674811,0.0412,age,31.0,-1.1689,limite_credito,77845.18,0.1757
15674833,0.0464,products_number,2.0,-1.1988,gender_Female,1.0,0.2535
15674840,0.0609,products_number,2.0,-1.0159,limite_credito,57152.51,0.1825
15674851,0.0241,products_number,2.0,-1.4637,active_member,0.0,0.2846
15674868,0.0248,products_number,2.0,-1.1226,gender_Female,1.0,0.1991
15674880,0.2946,products_number,2.0,-1.5077,age,51.0,1.4437
15674928,0.0258,products_number,2.0,-1.3889,active_member,0.0,0.2766
15674929,0.0432,age,33.0,-1.4438,active_member,0.0,0.1852
15674932,0.227,products_number,2.0,-1.4083,active_member,0.0,0.3495
15674950,0.1,products_number,2.0,-1.3413,active_member,0.0,0.3514
15674991,0.0335,products_number,2.0,-1.64,age,44.0,0.1735
15675141,0.2048,age,36.0,-1.2234,active_member,0.0,0.3295
15675176,0.4425,active_member,1.0,-0.564,age,52.0,1.347
15675190,0.0102,products_number,2.0,-1.1742,balance,0.0,0.0561
15675231,0.1178,products_number,2.0,-1.5055,age,47.0,0.7148
15675252,0.1409,products_number,2.0,-0.7632,limite_credito,156435.04,0.3347
15675256,0.0571,age,35.0,-0.9709,products_number,1.0,0.1146
15675316,0.0386,products_number,2.0,-1.3272,gender_Female,1.0,0.1785
15675320,0.302,products_number,2.0,-0.8272,limite_credito,237015.09,0.366
15675328,0.054,products_number,2.0,-1.2861,active_member,0.0,0.3232
15675360,0.0449,age,34.0,-1.2765,products_number,1.0,0.4517
15675422,0.1051,age,34.0,-1.1937,gender_Female,1.0,0.218
15675431,0.0914,products_number,2.0,-1.2578,active_member,0.0,0.3132
15675450,0.0404,products_number,2.0,-1.6414,age,49.0,0.9144
15675522,0.0711,age,31.0,-1.0699,gender_Female,1.0,0.1124
15675585,0.0318,age,27.0,-1.4266,gender_Female,1.0,0.1364
15675626,0.1649,age,29.0,-1.5232,products_number,1.0,0.4426
15675650,0.2104,active_member,1.0,-0.4544,gender_Female,1.0,0.1551
15675675,0.1138,age,34.0,-1.3054,active_member,0.0,0.3354
15675749,0.0265,age,24.0,-1.2435,gender_Female,1.0,0.2087
15675791,0.1254,age,38.0,-0.8498,active_member,0.0,0.3245
15675842,0.1282,age,28.0,-1.4915,active_member,0.0,0.3934
15675888,0.1274,age,34.0,-1.0173,products_number,1.0,0.2171
15675949,0.139,products_number,2.0,-1.3777,age,45.0,0.4221
15675963,0.1374,products_number,2.0,-1.4367,age,58.0,1.4735
15675983,0.2019,age,37.0,-0.7004,gender_Female,1.0,0.2435
15676091,0.2804,gender_Female,0.0,-0.488,products_number,1.0,0.5548
15676094,0.1983,age,35.0,-1.0213,products_number,1.0,0.4855
15676117,0.5938,tenure,9.0,-0.3183,age,45.0,0.4969
15676156,0.0963,age,34.0,-1.3647,active_member,0.0,0.2821
15676353,0.037,age,36.0,-1.0738,products_number,1.0,0.0812
15676433,0.3655,age,37.0,-0.9421,products_number,1.0,0.5115
15676513,0.331,age,37.0,-0.8659,products_number,1.0,0.4434
15676521,0.0434,age,33.0,-1.3261,active_member,0.0,0.2914
15676526,0.1489,age,35.0,-1.0694,gender_Female,1.0,0.2307
15676576,0.4274,cidade_marseille,1.0,-0.4491,age,45.0,0.3845
15676645,0.0346,products_number,2.0,-1.7345,age,47.0,0.599
15676707,0.0523,products_number,2.0,-1.37,active_member,0.0,0.2888
15676715,0.0128,active_member,1.0,-1.3069,age,70.0,0.1827
15676810,0.0333,age,32.0,-1.2547,credit_utilization,0.9489893145881001,0.0948
15676835,0.0237,products_number,2.0,-1.3967,active_member,0.0,0.3184
15676869,0.0179,products_number,2.0,-1.3677,balance,0.0,0.0249
15676909,0.0566,products_number,2.0,-1.3957,active_member,0.0,0.2788
15676958,0.0231,products_number,2.0,-1.1365,limite_credito,55019.56,0.145
15676966,0.0213,products_number,2.0,-1.5601,age,44.0,0.1172
15677049,0.0829,age,26.0,-1.2593,limite_credito,154469.92,0.2101
15677062,0.1561,active_member,1.0,-0.4275,products_number,1.0,0.1715
15677087,0.2576,age,40.0,-0.5495,active_member,0.0,0.3365
15677112,0.143,products_number,2.0,-0.8389,limite_credito,327300.49,0.3363
15677117,0.1024,products_number,2.0,-1.1928,age,62.0,0.7785
15677135,0.1796,active_member,1.0,-1.241,age,62.0,0.8769
15677136,0.027,age,24.0,-1.4999,active_member,0.0,0.2787
15677141,0.0365,age,30.0,-1.1011,country_france,0.0,0.0678
15677146,0.0808,age,30.0,-1.3261,active_member,0.0,0.2803
15677173,0.123,age,38.0,-1.0501,active_member,0.0,0.3266
15677184,0.0957,age,37.0,-0.7498,gender_Female,1.0,0.2162
15677217,0.0779,age,32.0,-1.3037,products_number,1.0,0.4213
15677243,0.0314,products_number,2.0,-1.6613,active_member,0.0,0.353
15677249,0.159,active_member,1.0,-0.4286,credit_score,731.0,0.1592
15677305,0.0228,age,36.0,-1.2069,gender_Female,1.0,0.1637
15677307,0.532,age,42.0,-0.314,products_number,1.0,0.4348
15677324,0.1642,active_member,1.0,-1.0918,country_germany,1.0,0.2783
15677369,0.5132,age,38.0,-0.7831,products_number,1.0,0.3944
15677371,0.396,age,32.0,-1.1564,active_member,0.0,0.4112
15677377,0.0172,products_number,2.0,-1.3724,credit_score,543.0,0.0729
15677382,0.158,active_member,1.0,-1.1331,gender_Female,1.0,0.1615
15677387,0.0862,age,34.0,-1.3226,products_number,1.0,0.2499
15677435,0.0423,age,30.0,-1.5418,active_member,0.0,0.2299
15677512,0.4104,age,24.0,-1.3263,products_number,1.0,0.5193
15677522,0.018,age,34.0,-1.3877,active_member,0.0,0.3384
15677538,0.1647,age,40.0,-0.4675,products_number,1.0,0.5299
15677550,0.038,products_number,2.0,-1.342,active_member,0.0,0.2839
15677586,0.0535,age,33.0,-1.3326,limite_credito,118257.75,0.1605
15677610,0.294,tenure,8.0,-0.4545,products_number,1.0,0.3499
15677739,0.0277,products_number,2.0,-1.3433,active_member,0.0,0.1882
15677764,0.0962,products_number,2.0,-0.7835,gender_Female,1.0,0.2612
15677783,0.1722,age,40.0,-0.8409,active_member,0.0,0.2903
15677785,0.0915,age,34.0,-1.3445,active_member,0.0,0.3628
15677871,0.0753,age,40.0,-0.4631,products_number,1.0,0.1032
15677906,0.6521,active_member,1.0,-0.8114,age,55.0,1.3943
15677908,0.027,products_number,2.0,-1.6541,active_member,0.0,0.302
15677939,0.0509,products_number,2.0,-1.4361,gender_Female,1.0,0.2547
15677955,0.4122,age,34.0,-1.315,active_member,0.0,0.4718
15678057,0.12,products_number,2.0,-1.1496,active_member,0.0,0.3395
15678058,0.1755,age,39.0,-0.9478,active_member,0.0,0.3187
15678067,0.0591,products_number,2.0,-1.6154,active_member,0.0,0.3251
15678129,0.4397,products_number,2.0,-0.9324,age,47.0,0.4197
15678168,0.0436,products_number,2.0,-1.2001,gender_Female,1.0,0.2762
15678173,0.0785,products_number,2.0,-0.801,limite_credito,501629.05,0.304
15678210,0.0436,products_number,2.0,-0.8999,limite_credito,107835.55,0.2935
15678317,0.0591,products_number,2.0,-1.7641,age,47.0,0.618
15678333,0.0279,age,28.0,-1.5122,active_member,0.0,0.2865
15678412,0.4634,tenure,8.0,-0.4361,age,47.0,0.6992
15678427,0.0392,age,28.0,-1.3876,limite_credito,235997.92,0.1817
15678460,0.1253,age,32.0,-1.3561,products_number,1.0,0.4831
15678571,0.0262,age,22.0,-1.2519,active_member,0.0,0.2933
15678626,0.0311,products_number,2.0,-1.3597,active_member,0.0,0.2708
15678720,0.1985,products_number,2.0,-1.5632,age,46.0,0.5021
15678725,0.0328,products_number,2.0,-1.2062,gender_Female,1.0,0.2284
15678779,0.0071,products_number,2.0,-1.2449,credit_utilization,,0.0156
15678882,0.5426,age,39.0,-0.7802,country_germany,1.0,0.5471
15678886,0.2114,products_number,2.0,-1.0788,limite_credito,247649.73,0.4367
15678910,0.0783,age,32.0,-1.1089,gender_Female,1.0,0.2243
15678916,0.5329,age,76.0,-0.3459,active_member,0.0,0.6552
15679024,0.0746,age,33.0,-1.4771,active_member,0.0,0.35
15679029,0.0621,age,35.0,-1.2787,active_member,0.0,0.3795
15679048,0.4294,active_member,1.0,-0.506,country_germany,1.0,0.4007
15679062,0.2409,products_number,2.0,-1.1315,age,48.0,0.8742
15679075,0.1288,age,39.0,-0.845,active_member,0.0,0.3401
15679148,0.174,products_number,2.0,-1.1819,limite_credito,177114.23,0.3135
15679200,0.0773,age,30.0,-1.3376,active_member,0.0,0.3349
15679283,0.1242,age,35.0,-1.2378,active_member,0.0,0.2612
15679284,0.4949,balance,79259.75,-0.255,age,47.0,0.4379
15679294,0.2561,products_number,2.0,-1.1259,age,47.0,0.4056
15679297,0.3819,gender_Female,0.0,-0.3292,active_member,0.0,0.3893
15679299,0.0813,age,28.0,-1.2031,gender_Female,1.0,0.2204
15679307,0.5715,active_member,1.0,-0.3615,age,45.0,0.6901
15679394,0.4391,active_member,1.0,-0.3779,balance,38617.2,0.336
15679429,0.0537,age,34.0,-1.2193,products_number,1.0,0.126
15679531,0.077,age,35.0,-1.0562,products_number,1.0,0.1011
15679550,0.0197,age,34.0,-1.3224,active_member,0.0,0.2126
15679587,0.0849,age,35.0,-1.0688,products_number,1.0,0.1841
15679611,0.2365,age,39.0,-0.849,active_member,0.0,0.3381
15679622,0.082,age,37.0,-0.7571,products_number,1.0,0.4971
15679642,0.0249,products_number,2.0,-1.6555,age,46.0,0.3224
15679651,0.1785,age,39.0,-0.8873,active_member,0.0,0.3422
15679663,0.0504,products_number,2.0,-1.3616,active_member,0.0,0.25
15679668,0.1068,age,40.0,-0.517,credit_utilization,0.9111665281503923,0.1151
15679693,0.0133,products_number,2.0,-1.1964,credit_utilization,,0.0251
15679733,0.0789,products_number,2.0,-1.3662,limite_credito,126436.08,0.3381
15679743,0.1197,age,35.0,-1.081,gender_Female,1.0,0.2257
15679760,0.1675,products_number,2.0,-1.1908,age,48.0,0.6019
15679801,0.0919,products_number,2.0,-0.7176,limite_credito,300266.82,0.1661
15679804,0.0532,products_number,2.0,-0.8063,limite_credito,220082.81,0.1735
15679810,0.02,products_number,2.0,-1.4723,active_member,0.0,0.281
15679813,0.1863,age,29.0,-1.4661,products_number,1.0,0.4942
15679909,0.0312,products_number,2.0,-1.4878,active_member,0.0,0.3496
15679928,0.0617,age,33.0,-1.1901,limite_credito,108756.47,0.212
15679961,0.227,active_member,1.0,-0.5419,age,47.0,0.6237
15679963,0.451,tenure,8.0,-0.4377,products_number,1.0,0.395
15679966,0.0839,age,32.0,-1.1668,gender_Female,1.0,0.1959
15679968,0.3206,gender_Female,0.0,-0.3463,active_member,0.0,0.3341
15679983,0.1179,age,36.0,-1.3272,products_number,1.0,0.4518
15679991,0.0299,products_number,2.0,-1.2116,gender_Female,1.0,0.2203
15680001,0.1053,products_number,2.0,-0.8607,limite_credito,176916.48,0.4426
15680046,0.0147,products_number,2.0,-1.3737,active_member,0.0,0.3114
15680112,0.3682,age,36.0,-1.0005,products_number,1.0,0.452
15680141,0.0584,age,36.0,-0.8797,gender_Female,1.0,0.2523
15680167,0.0857,age,80.0,-1.0865,balance,47536.4,0.2738
15680197,0.0212,products_number,2.0,-1.5784,balance,0.0,0.1132
15680234,0.1772,age,28.0,-1.6196,active_member,0.0,0.3629
15680243,0.0628,age,21.0,-1.2335,active_member,0.0,0.2942
15680346,0.2587,age,42.0,-0.5467,products_number,1.0,0.5292
15680370,0.0132,products_number,2.0,-1.4399,balance,0.0,0.0493
15680399,0.021,age,24.0,-1.3421,active_member,0.0,0.301
15680405,0.0535,products_number,2.0,-0.9979,limite_credito,391349.08,0.3595
15680421,0.2516,products_number,2.0,-1.4083,active_member,0.0,0.3396
15680430,0.7403,products_number,2.0,-1.02,age,50.0,1.3495
15680436,0.0395,products_number,2.0,-1.3249,active_member,0.0,0.2602
15680587,0.0601,age,25.0,-1.6043,active_member,0.0,0.307
15680597,0.2529,active_member,1.0,-0.4329,country_germany,1.0,0.3779
15680611,0.1526,active_member,1.0,-0.8998,products_number,3.0,2.0024
15680643,0.0578,products_number,2.0,-1.3867,gender_Female,1.0,0.2956
15680666,0.2031,products_number,2.0,-0.7786,limite_credito,123901.64,0.3677
15680683,0.1239,age,30.0,-1.2475,limite_credito,524750.78,0.5706
15680685,0.0818,age,31.0,-1.3728,active_member,0.0,0.3191
15680727,0.6268,cidade_paris,1.0,-0.3948,age,50.0,1.1757
15680736,0.2092,active_member,1.0,-0.9156,limite_credito,314621.81,0.3375
15680767,0.3145,active_member,1.0,-1.0025,age,66.0,0.8789
15680772,0.0748,products_number,2.0,-1.2806,gender_Female,1.0,0.3111
15680804,0.0151,products_number,2.0,-1.2184,balance,0.0,0.0447
15680843,0.0192,products_number,2.0,-1.3182,estimated_salary,184842.21,0.135
15680855,0.0331,age,34.0,-1.4541,products_number,1.0,0.1311
15680895,0.2942,age,37.0,-0.8293,products_number,1.0,0.5019
15680901,0.0544,age,35.0,-1.0833,limite_credito,153504.31,0.2234
15680918,0.1288,age,36.0,-1.179,active_member,0.0,0.3667
15680920,0.6572,tenure,7.0,-0.4111,age,48.0,0.9104
15680970,0.68,age,42.0,-0.3277,country_germany,1.0,0.3874
15680998,0.4047,active_member,1.0,-0.4835,age,46.0,0.5824
15681068,0.3453,active_member,1.0,-0.4561,age,46.0,0.6074
15681075,0.5541,active_member,1.0,-0.6908,age,59.0,1.2926
15681081,0.0905,products_number,2.0,-1.3638,age,49.0,0.8829
15681115,0.0744,gender_Female,0.0,-0.535,limite_credito,210030.95,0.0453
15681126,0.3076,active_member,1.0,-0.461,products_number,1.0,0.4759
15681174,0.1143,age,40.0,-0.6966,active_member,0.0,0.3078
15681180,0.1524,age,24.0,-1.4864,active_member,0.0,0.3724
15681196,0.0851,age,37.0,-0.8337,products_number,1.0,0.1501
15681220,0.0351,products_number,2.0,-1.3146,gender_Female,1.0,0.2563
15681274,0.5317,active_member,1.0,-0.8824,age,57.0,1.3512
15681316,0.2312,products_number,2.0,-1.0784,gender_Female,1.0,0.2539
15681327,0.0118,products_number,2.0,-1.179,credit_utilization,,0.024
15681342,0.0578,age,36.0,-1.0899,gender_Female,1.0,0.1699
15681402,0.4837,active_member,1.0,-0.9437,age,62.0,0.9716
15681439,0.045,age,26.0,-1.4054,active_member,0.0,0.3811
15681446,0.3984,age,38.0,-0.6251,products_number,1.0,0.3694
15681506,0.0528,products_number,2.0,-1.6487,age,45.0,0.4007
15681509,0.0429,products_number,2.0,-1.2021,gender_Female,1.0,0.2702
15681550,0.296,active_member,1.0,-0.4455,age,43.0,0.2746
15681554,0.1253,age,32.0,-1.1299,gender_Female,1.0,0.2337
15681562,0.3062,products_number,2.0,-0.9148,age,45.0,0.6048
15681671,0.0263,age,29.0,-1.241,limite_credito,83489.56,0.1471
15681697,0.0574,age,32.0,-1.3288,active_member,0.0,0.3573
15681705,0.016,age,30.0,-1.3218,active_member,0.0,0.3177
15681755,0.0174,products_number,2.0,-1.1877,gender_Female,1.0,0.178
15681758,0.0282,age,27.0,-1.5901,active_member,0.0,0.3305
15681843,0.088,products_number,2.0,-1.2018,active_member,0.0,0.2874
15681887,0.0788,products_number,2.0,-1.026,limite_credito,167890.5,0.3369
15681924,0.4664,age,39.0,-0.7634,country_germany,1.0,0.529
15681928,0.2028,age,37.0,-1.0233,active_member,0.0,0.3166
15681956,0.0136,products_number,2.0,-1.2765,credit_utilization,,0.0269
15681990,0.108,age,26.0,-1.355,active_member,0.0,0.3601
15681991,0.0897,age,34.0,-1.4488,active_member,0.0,0.347
15682021,0.094,age,24.0,-1.2536,active_member,0.0,0.3391
15682070,0.0348,active_member,1.0,-1.3521,age,66.0,0.8096
15682084,0.0259,age,32.0,-1.2276,active_member,0.0,0.3113
15682211,0.0332,products_number,2.0,-1.5111,age,59.0,1.2814
15682273,0.2698,age,39.0,-0.7615,active_member,0.0,0.3342
15682322,0.068,products_number,2.0,-0.8555,limite_credito,281408.37,0.4094
15682369,0.3873,active_member,1.0,-0.5189,age,48.0,0.9563
15682435,0.1352,age,37.0,-0.9918,active_member,0.0,0.3075
15682454,0.0339,products_number,2.0,-1.1635,gender_Female,1.0,0.1781
15682467,0.0693,age,37.0,-0.8557,products_number,1.0,0.2453
15682472,0.0318,age,36.0,-1.1761,active_member,0.0,0.293
15682489,0.0185,age,28.0,-1.3161,active_member,0.0,0.2806
15682523,0.0242,age,22.0,-1.4973,products_number,1.0,0.1116
15682528,0.0694,age,34.0,-1.2376,products_number,1.0,0.4408
15682533,0.1883,age,40.0,-0.5117,gender_Female,1.0,0.2103
15682540,0.0333,products_number,2.0,-1.1984,gender_Female,1.0,0.2358
15682547,0.0906,age,39.0,-0.6011,products_number,1.0,0.1378
15682576,0.0484,active_member,1.0,-1.238,limite_credito,282700.39,0.3745
15682585,0.087,age,36.0,-1.3116,active_member,0.0,0.3425
15682618,0.055,age,33.0,-1.2492,limite_credito,332131.84,0.1788
15682639,0.0161,products_number,2.0,-1.248,credit_utilization,,0.0263
15682686,0.0475,products_number,2.0,-1.4175,gender_Female,1.0,0.3099
15682728,0.0309,age,34.0,-1.3901,gender_Female,1.0,0.2259
15682757,0.0206,age,31.0,-1.3438,active_member,0.0,0.303
15682773,0.1586,products_number,2.0,-0.9157,active_member,0.0,0.2954
15682778,0.0099,products_number,2.0,-1.3031,credit_utilization,,0.0171
15682834,0.0925,products_number,2.0,-1.0766,limite_credito,56160.84,0.3288
15682839,0.4146,active_member,1.0,-0.9134,age,59.0,1.1264
15682860,0.0201,products_number,2.0,-1.4325,active_member,0.0,0.2895
15682890,0.0517,products_number,2.0,-1.1957,limite_credito,79320.32,0.2345
15682914,0.0699,age,36.0,-1.1128,products_number,1.0,0.1834
15682928,0.1694,active_member,1.0,-0.5243,products_number,1.0,0.1193
15682955,0.0817,age,34.0,-1.2288,gender_Female,1.0,0.2374
15682995,0.1211,age,34.0,-1.4887,active_member,0.0,0.36
15683007,0.3948,age,27.0,-1.4473,products_number,1.0,0.4556
15683027,0.0667,age,31.0,-1.0373,limite_credito,305804.34,0.2233
15683118,0.0231,age,34.0,-1.2946,active_member,0.0,0.3216
15683157,0.0593,age,27.0,-1.3692,products_number,1.0,0.1431
15683168,0.2002,age,31.0,-1.1588,products_number,1.0,0.5012
15683195,0.0485,age,34.0,-1.1782,products_number,1.0,0.1041
15683213,0.0538,age,36.0,-1.0192,gender_Female,1.0,0.2422
15683276,0.1889,products_number,2.0,-0.7666,gender_Female,1.0,0.2559
15683363,0.2224,active_member,1.0,-0.4023,products_number,1.0,0.5245
15683375,0.1534,age,33.0,-1.3404,products_number,1.0,0.4962
15683471,0.0173,products_number,2.0,-1.4579,active_member,0.0,0.3026
15683483,0.079,products_number,2.0,-0.8329,limite_credito,206434.02,0.4147
15683521,0.0649,age,29.0,-1.363,active_member,0.0,0.3515
15683522,0.3886,age,38.0,-0.6413,country_germany,1.0,0.3855
15683544,0.1493,active_member,1.0,-1.14,age,64.0,0.6881
15683553,0.0424,products_number,2.0,-1.2878,active_member,0.0,0.2679
15683560,0.0571,products_number,2.0,-1.4283,active_member,0.0,0.2711
15683562,0.0504,age,36.0,-1.04,estimated_salary,164255.69,0.1103
15683618,0.2006,age,37.0,-0.6914,gender_Female,1.0,0.2826
15683657,0.1735,age,32.0,-1.3028,active_member,0.0,0.4003
15683677,0.2572,gender_Female,0.0,-0.4337,products_number,1.0,0.5525
15683758,0.3699,cidade_nice,1.0,-0.4072,age,46.0,0.4814
15683841,0.0914,products_number,2.0,-1.3419,limite_credito,233043.97,0.2911
15683892,0.362,age,27.0,-1.4689,products_number,1.0,0.401
15683977,0.0512,products_number,2.0,-1.088,gender_Female,1.0,0.2162
15683993,0.0801,products_number,2.0,-0.9284,gender_Female,1.0,0.1702
15684010,0.0701,age,76.0,-1.4264,country_germany,1.0,0.2358
15684011,0.134,age,31.0,-1.1783,products_number,1.0,0.3333
15684042,0.057,products_number,2.0,-1.0778,limite_credito,39683.51,0.2715
15684103,0.0296,age,27.0,-1.2776,gender_Female,1.0,0.2473
15684171,0.133,active_member,1.0,-1.1462,age,63.0,0.6332
15684198,0.033,products_number,2.0,-1.2618,gender_Female,1.0,0.1672
15684211,0.4262,cidade_madrid,1.0,-0.5516,active_member,0.0,0.2614
15684248,0.0296,products_number,2.0,-1.313,credit_utilization,,0.0238
15684267,0.091,products_number,2.0,-1.2267,limite_credito,125536.55,0.3082
15684294,0.0403,products_number,2.0,-1.7079,age,52.0,1.0988
15684296,0.0605,age,36.0,-1.0368,products_number,1.0,0.1085
15684318,0.3893,products_number,2.0,-1.0853,age,52.0,1.1762
15684348,0.0378,active_member,1.0,-1.3109,age,64.0,1.0128
15684358,0.0313,products_number,2.0,-1.5949,balance,999999.99,0.1744
15684367,0.0245,age,28.0,-1.2723,active_member,0.0,0.3292
15684419,0.8774,age,38.0,-0.663,products_number,3.0,3.2439
15684440,0.0824,age,33.0,-1.5236,country_germany,1.0,0.2633
15684469,0.2329,age,34.0,-1.4117,country_germany,1.0,0.4014
15684484,0.0294,age,23.0,-1.3349,active_member,0.0,0.3362
15684512,0.1541,active_member,1.0,-1.0109,gender_Female,1.0,0.2881
15684516,0.1576,age,36.0,-1.1674,active_member,0.0,0.3573
15684592,0.0289,products_number,2.0,-1.6192,age,44.0,0.0847
15684645,0.129,products_number,2.0,-1.3666,active_member,0.0,0.3328
15684696,0.1692,age,28.0,-1.3214,active_member,0.0,0.377
15684722,0.044,age,36.0,-1.2652,active_member,0.0,0.2802
15684769,0.035,active_member,1.0,-1.463,products_number,1.0,0.1192
15684861,0.0741,products_number,2.0,-1.3066,active_member,0.0,0.3329
15684865,0.0603,active_member,1.0,-1.2835,gender_Female,1.0,0.1114
15684908,0.345,active_member,1.0,-1.1368,age,65.0,0.7986
15684925,0.1068,products_number,2.0,-1.5344,active_member,0.0,0.3202
15684934,0.0155,products_number,2.0,-1.3244,credit_score,726.0,0.1233
15684958,0.0654,products_number,2.0,-1.2124,limite_credito,101140.39,0.2607
15684995,0.114,active_member,1.0,-0.8789,age,51.0,1.1508
15684999,0.0373,age,28.0,-1.5267,gender_Female,1.0,0.1603
15685019,0.0646,age,30.0,-1.5856,active_member,0.0,0.3207
15685096,0.1423,products_number,2.0,-1.4924,age,51.0,1.2384
15685109,0.0205,products_number,2.0,-1.4511,active_member,0.0,0.1791
15685150,0.0133,age,29.0,-1.1091,limite_credito,476403.53,0.1251
15685226,0.1248,age,30.0,-1.1911,products_number,1.0,0.3299
15685243,0.0922,products_number,2.0,-1.0976,age,64.0,0.7816
15685245,0.127,products_number,2.0,-1.4188,age,57.0,1.3887
15685279,0.2682,active_member,1.0,-0.8796,age,59.0,1.117
15685314,0.0363,age,30.0,-1.2135,gender_Female,1.0,0.2432
15685320,0.1412,age,38.0,-1.0148,active_member,0.0,0.2645
15685346,0.1108,age,28.0,-1.1088,gender_Female,1.0,0.1993
15685357,0.1652,age,37.0,-0.6152,products_number,1.0,0.1599
15685476,0.0362,age,33.0,-1.3253,products_number,1.0,0.118
15685500,0.0668,age,28.0,-1.4068,limite_credito,239338.96,0.3756
15685536,0.0128,products_number,2.0,-1.2475,gender_Female,1.0,0.1515
15685564,0.1306,age,37.0,-0.6852,products_number,1.0,0.2011
15685576,0.06,products_number,2.0,-1.2805,gender_Female,1.0,0.2715
15685628,0.0412,products_number,2.0,-0.8522,limite_credito,128901.57,0.3087
15685640,0.2917,active_member,1.0,-0.4349,gender_Female,1.0,0.1848
15685653,0.1615,products_number,2.0,-1.2242,limite_credito,251086.65,0.3458
15685654,0.019,active_member,1.0,-1.3461,age,68.0,0.2136
15685706,0.1385,cidade_nantes,1.0,-0.4766,gender_Female,1.0,0.1766
15685805,0.0686,products_number,2.0,-1.3249,active_member,0.0,0.2972
15685826,0.0475,age,31.0,-1.4236,active_member,0.0,0.3586
15685829,0.0189,products_number,2.0,-1.3315,credit_score,551.0,0.0489
15685844,0.3213,age,36.0,-0.8373,products_number,1.0,0.4095
15685872,0.057,age,30.0,-1.4066,estimated_salary,173486.39,0.1725
15685920,0.0697,age,36.0,-1.1554,active_member,0.0,0.3035
15685997,0.31,products_number,2.0,-0.8293,limite_credito,141420.41,0.3047
15686137,0.0386,age,33.0,-1.1725,limite_credito,282047.12,0.1348
15686164,0.1713,age,32.0,-1.2721,products_number,1.0,0.3481
15686219,0.0754,age,39.0,-0.7717,limite_credito,183801.34,0.3278
15686255,0.5237,age,37.0,-0.8089,country_germany,1.0,0.5518
15686302,0.1105,age,33.0,-1.1344,gender_Female,1.0,0.222
15686345,0.0134,products_number,2.0,-1.2927,cidade_zaragoza,1.0,0.0261
15686436,0.0451,products_number,2.0,-1.2749,active_member,0.0,0.3889
15686461,0.3209,products_number,2.0,-0.8334,age,58.0,1.5123
15686538,0.0717,products_number,2.0,-1.5075,gender_Female,1.0,0.2784
15686588,0.1635,age,29.0,-1.2187,gender_Female,1.0,0.1826
15686611,0.0514,age,31.0,-1.3609,active_member,0.0,0.3723
15686696,0.0982,products_number,2.0,-0.8777,active_member,0.0,0.2561
15686718,0.2572,age,38.0,-0.6828,country_germany,1.0,0.5084
15686743,0.0675,age,31.0,-1.021,limite_credito,87146.77,0.2651
15686776,0.118,age,34.0,-1.1762,balance,184686.41,0.331
15686780,0.2649,active_member,1.0,-0.9927,age,57.0,1.4091
15686812,0.4594,active_member,1.0,-0.4009,age,45.0,0.4252
15686885,0.2248,products_number,2.0,-1.2502,age,46.0,0.5328
15686909,0.0796,age,28.0,-1.5769,country_germany,1.0,0.334
15686913,0.2426,age,40.0,-0.7435,products_number,1.0,0.5097
15686917,0.0822,products_number,2.0,-1.312,gender_Female,1.0,0.3268
15686941,0.0485,age,27.0,-1.3548,active_member,0.0,0.3026
15686957,0.0885,products_number,2.0,-1.2161,active_member,0.0,0.3768
15686963,0.4671,age,31.0,-1.1489,products_number,1.0,0.5621
15686964,0.1048,age,35.0,-1.3485,active_member,0.0,0.3368
15686983,0.0335,age,27.0,-1.3712,gender_Female,1.0,0.1849
15686999,0.1296,products_number,2.0,-1.321,active_member,0.0,0.3521
15687079,0.3414,cidade_madrid,1.0,-0.6028,active_member,0.0,0.9785
15687094,0.0994,age,30.0,-1.3745,active_member,0.0,0.3156
15687130,0.4186,active_member,1.0,-0.4232,products_number,1.0,0.4569
15687171,0.1362,age,35.0,-1.0306,active_member,0.0,0.4222
15687218,0.0613,age,28.0,-1.3745,gender_Female,1.0,0.1711
15687270,0.0724,products_number,2.0,-1.1835,age,62.0,0.9182
15687310,0.0147,products_number,2.0,-1.4267,active_member,0.0,0.2932
15687363,0.0622,age,33.0,-0.9363,estimated_salary,186064.34,0.2911
15687385,0.2773,active_member,1.0,-0.4019,products_number,1.0,0.5756
15687413,0.0621,products_number,2.0,-1.2361,gender_Female,1.0,0.2772
15687431,0.2703,active_member,1.0,-0.4499,age,43.0,0.2727
15687477,0.2515,age,30.0,-1.1845,active_member,0.0,0.4252
15687492,0.0822,age,33.0,-1.4391,active_member,0.0,0.352
15687527,0.0335,products_number,2.0,-1.3464,active_member,0.0,0.3803
15687540,0.0367,age,33.0,-1.0694,limite_credito,106077.76,0.2662
15687558,0.2953,age,32.0,-1.4433,active_member,0.0,0.3667
15687607,0.1335,age,31.0,-1.0956,gender_Female,1.0,0.1895
15687634,0.4477,active_member,1.0,-0.7097,age,50.0,1.1174
15687648,0.0116,age,29.0,-1.4738,active_member,0.0,0.2302
15687688,0.0874,age,34.0,-1.2223,active_member,0.0,0.3121
15687719,0.0505,products_number,2.0,-1.2601,gender_Female,1.0,0.2553
15687738,0.0799,products_number,2.0,-1.3857,active_member,0.0,0.2675
15687752,0.0335,age,32.0,-1.03,limite_credito,194582.63,0.2807
15687765,0.7345,balance,80380.24,-0.2392,active_member,0.0,0.3663
15687828,0.1504,age,32.0,-0.9892,products_number,1.0,0.2436
15687852,0.0967,age,31.0,-1.4054,active_member,0.0,0.3555
15687884,0.0832,age,39.0,-0.5999,products_number,1.0,0.0871
15687903,0.0324,age,30.0,-1.3603,active_member,0.0,0.2946
15687913,0.1047,age,36.0,-0.879,products_number,1.0,0.3553
15687946,0.203,active_member,1.0,-1.0823,age,63.0,0.6673
15687959,0.3424,active_member,1.0,-0.5787,age,46.0,0.4279
15688007,0.0296,age,21.0,-1.1242,country_france,0.0,0.0269
15688059,0.2749,products_number,2.0,-1.1181,gender_Female,1.0,0.2993
15688071,0.4818,active_member,1.0,-0.9216,age,54.0,1.6269
15688074,0.0974,age,33.0,-1.4352,country_germany,1.0,0.342
15688085,0.1064,age,30.0,-1.0314,products_number,1.0,0.2203
15688128,0.0526,age,36.0,-1.0512,estimated_salary,144725.14,0.1652
15688157,0.1885,products_number,2.0,-1.0322,limite_credito,118744.99,0.2961
15688172,0.0195,products_number,2.0,-1.517,active_member,0.0,0.3398
15688210,0.2368,age,40.0,-0.5958,active_member,0.0,0.333
15688251,0.1416,products_number,2.0,-1.2741,active_member,0.0,0.2286
15688264,0.0761,products_number,2.0,-1.4372,age,45.0,0.4883
15688337,0.1221,active_member,1.0,-0.5891,products_number,1.0,0.1136
15688395,0.0243,age,30.0,-1.3822,active_member,0.0,0.3008
15688498,0.151,age,23.0,-1.3135,active_member,0.0,0.3057
15688563,0.1058,products_number,2.0,-1.1464,active_member,0.0,0.38
15688612,0.0756,age,34.0,-1.3467,active_member,0.0,0.4148
15688619,0.1465,products_number,2.0,-0.8995,age,47.0,0.5198
15688637,0.0239,age,28.0,-1.2908,gender_Female,1.0,0.1536
15688644,0.0564,age,33.0,-1.659,active_member,0.0,0.3562
15688689,0.0748,products_number,2.0,-1.1941,limite_credito,137474.85,0.2254
15688713,0.3038,active_member,1.0,-0.4714,products_number,1.0,0.4793
15688760,0.3543,age,39.0,-0.5842,country_germany,1.0,0.3387
15688865,0.0951,products_number,2.0,-1.2039,active_member,0.0,0.3412
15688868,0.1141,age,28.0,-1.4262,active_member,0.0,0.3368
15688876,0.0179,products_number,2.0,-1.4761,cidade_zaragoza,1.0,0.048
15688973,0.0387,products_number,2.0,-1.3345,gender_Female,1.0,0.2788
15688984,0.1378,age,22.0,-1.4048,active_member,0.0,0.3078
15689031,0.2516,age,38.0,-0.9358,active_member,0.0,0.343
15689044,0.1293,age,38.0,-0.9324,active_member,0.0,0.2834
15689061,0.0362,active_member,1.0,-1.2139,limite_credito,229393.65,0.2568
15689096,0.2528,active_member,1.0,-0.5795,age,49.0,1.167
15689147,0.069,products_number,2.0,-1.4069,gender_Female,1.0,0.2793
15689152,0.1144,age,39.0,-0.9086,active_member,0.0,0.2841
15689168,0.096,products_number,2.0,-0.6324,limite_credito,299213.01,0.4018
15689176,0.0328,products_number,2.0,-1.7732,age,47.0,0.6157
15689201,0.5269,active_member,1.0,-0.4237,age,50.0,1.2635
15689237,0.0469,age,29.0,-1.3782,active_member,0.0,0.2722
15689268,0.157,age,38.0,-0.718,products_number,1.0,0.5074
15689288,0.0599,age,28.0,-1.4155,estimated_salary,182612.38,0.2779
15689294,0.6976,gender_Female,0.0,-0.299,country_germany,1.0,0.3843
15689322,0.165,age,32.0,-1.1389,active_member,0.0,0.4388
15689344,0.3829,cidade_barcelona,1.0,-0.6569,products_number,3.0,2.4264
15689412,0.1919,age,33.0,-1.4026,active_member,0.0,0.3446
15689425,0.0602,age,37.0,-0.993,active_member,0.0,0.3173
15689492,0.0453,products_number,2.0,-1.2928,limite_credito,268878.66,0.3725
15689517,0.1173,age,29.0,-1.3535,active_member,0.0,0.343
15689594,0.1423,age,31.0,-1.3309,active_member,0.0,0.3796
15689602,0.1402,active_member,1.0,-0.4212,products_number,1.0,0.1851
15689612,0.2159,age,36.0,-0.8909,products_number,1.0,0.4372
15689614,0.1771,active_member,1.0,-1.1806,age,64.0,0.8055
15689616,0.1531,age,36.0,-1.0821,active_member,0.0,0.3692
15689633,0.3793,age,40.0,-0.6834,active_member,0.0,0.323
15689661,0.0143,products_number,2.0,-1.1979,estimated_salary,131827.15,0.0047
15689671,0.1268,age,29.0,-1.2141,products_number,1.0,0.5001
15689751,0.0681,age,33.0,-1.5147,active_member,0.0,0.3411
15689952,0.281,active_member,1.0,-0.3973,products_number,1.0,0.5338
15689953,0.2609,tenure,10.0,-0.6118,active_member,0.0,0.3417
15689955,0.0844,products_number,2.0,-1.3823,active_member,0.0,0.315
15690079,0.0762,age,32.0,-1.1796,active_member,0.0,0.3644
15690130,0.1172,age,33.0,-1.1924,active_member,0.0,0.2909
15690134,0.381,active_member,1.0,-0.4274,products_number,1.0,0.3329
15690153,0.1309,products_number,2.0,-0.9055,limite_credito,107635.73,0.2503
15690164,0.2888,age,34.0,-1.3719,active_member,0.0,0.3759
15690175,0.0524,products_number,2.0,-1.5286,active_member,0.0,0.282
15690209,0.101,age,34.0,-1.2958,active_member,0.0,0.2701
15690231,0.2457,active_member,1.0,-1.0852,age,64.0,0.9069
15690330,0.3523,active_member,1.0,-0.3983,country_germany,1.0,0.3299
15690332,0.1342,age,36.0,-0.8531,country_germany,1.0,0.2892
15690337,0.0519,age,29.0,-1.3544,active_member,0.0,0.3183
15690372,0.1311,age,39.0,-0.8442,limite_credito,237483.67,0.4215
15690440,0.0185,products_number,2.0,-1.6468,age,49.0,0.8706
15690452,0.7682,cidade_toulouse,1.0,-0.3719,age,53.0,1.7051
15690456,0.138,age,34.0,-1.2708,products_number,1.0,0.2863
15690492,0.0785,products_number,2.0,-1.0047,limite_credito,108580.83,0.3217
15690526,0.0957,age,33.0,-1.2002,active_member,0.0,0.3545
15690540,0.2272,cidade_madrid,1.0,-0.675,active_member,0.0,0.2964
15690589,0.0842,age,39.0,-0.6911,products_number,1.0,0.1592
15690620,0.2076,age,40.0,-0.5363,balance,46323.57,0.3706
15690664,0.0246,products_number,2.0,-1.363,active_member,0.0,0.3216
15690670,0.0172,products_number,2.0,-1.2434,estimated_salary,141031.08,0.0634
15690673,0.0742,products_number,2.0,-1.4058,gender_Female,1.0,0.2862
15690678,0.0956,age,35.0,-1.1055,products_number,1.0,0.1791
15690695,0.0287,products_number,2.0,-1.1751,gender_Female,1.0,0.2211
15690731,0.0838,gender_Female,0.0,-0.4514,products_number,1.0,0.1451
15690744,0.1088,products_number,2.0,-1.2243,limite_credito,186912.94,0.2539
15690772,0.1074,products_number,2.0,-1.4432,age,49.0,0.8761
15690796,0.2515,age,39.0,-0.8471,products_number,1.0,0.5126
15690898,0.4433,gender_Female,0.0,-0.3336,age,46.0,0.5653
15690939,0.1086,age,30.0,-1.0538,products_number,1.0,0.4749
15690958,0.1267,age,24.0,-1.5423,country_germany,1.0,0.3239
15691011,0.0826,products_number,2.0,-1.1306,limite_credito,118187.16,0.2116
15691111,0.2435,products_number,2.0,-1.2968,active_member,0.0,0.2571
15691119,0.9243,gender_Female,0.0,-0.2292,age,69.0,1.1482
15691150,0.0656,age,33.0,-1.3699,gender_Female,1.0,0.1835
15691170,0.0713,age,31.0,-1.0442,gender_Female,1.0,0.2552
15691323,0.1236,products_number,2.0,-1.2541,active_member,0.0,0.3187
15691387,0.0779,age,31.0,-1.1127,products_number,1.0,0.4429
15691396,0.0464,age,33.0,-1.0884,limite_credito,392386.43,0.243
15691446,0.0133,products_number,2.0,-1.2308,country_france,0.0,0.0152
15691457,0.0136,products_number,2.0,-1.447,estimated_salary,182787.17,0.0429
15691483,0.0247,age,26.0,-1.4015,active_member,0.0,0.2784
15691543,0.4716,active_member,1.0,-0.9413,age,59.0,1.1379
15691624,0.047,age,35.0,-1.2261,active_member,0.0,0.3311
15691625,0.7374,tenure,3.0,-0.2132,products_number,1.0,0.4273
15691627,0.2677,age,38.0,-0.6367,products_number,1.0,0.4957
15691647,0.0286,products_number,2.0,-1.2791,gender_Female,1.0,0.2399
15691723,0.8827,tenure,9.0,-0.2718,age,56.0,2.189
15691792,0.1471,age,37.0,-1.002,products_number,1.0,0.5318
15691808,0.1451,estimated_salary,194691.95,-0.6081,age,45.0,0.2548
15691823,0.0526,age,39.0,-0.6109,products_number,1.0,0.0956
15691840,0.0345,products_number,2.0,-1.1987,limite_credito,444335.76,0.1653
15691863,0.0532,products_number,2.0,-1.4111,gender_Female,1.0,0.2758
15691871,0.4249,active_member,1.0,-0.4342,products_number,1.0,0.4247
15691874,0.1387,age,36.0,-1.0704,active_member,0.0,0.3072
15691875,0.597,age,40.0,-0.6021,country_germany,1.0,0.4775
15691910,0.1555,age,31.0,-1.4408,products_number,3.0,1.9194
15691950,0.1825,products_number,2.0,-1.4298,age,50.0,1.1313
15691952,0.0423,age,38.0,-0.7853,products_number,1.0,0.086
15692002,0.0479,age,34.0,-1.2244,products_number,1.0,0.1623
15692110,0.2245,age,35.0,-1.219,products_number,1.0,0.5317
15692132,0.13,age,23.0,-1.1478,gender_Female,1.0,0.159
15692137,0.66,active_member,1.0,-0.3531,age,47.0,0.846
15692207,0.1098,products_number,2.0,-1.443,age,54.0,1.424
15692226,0.0514,age,33.0,-1.5623,products_number,1.0,0.1895
15692235,0.0585,products_number,2.0,-1.3149,gender_Female,1.0,0.3232
15692258,0.1354,age,32.0,-1.2792,active_member,0.0,0.3976
15692259,0.0372,age,31.0,-1.313,active_member,0.0,0.2852
15692317,0.0317,products_number,2.0,-1.2848,estimated_salary,166376.54,0.2426
15692406,0.0182,products_number,2.0,-1.4054,balance,0.0,0.1044
15692430,0.0948,products_number,2.0,-1.2012,active_member,0.0,0.3183
15692577,0.4213,age,40.0,-0.5153,products_number,1.0,0.342
15692583,0.0243,age,33.0,-1.4132,active_member,0.0,0.2783
15692599,0.1252,age,36.0,-1.233,active_member,0.0,0.3165
15692631,0.3127,active_member,1.0,-0.5686,age,46.0,0.4567
15692664,0.3263,active_member,1.0,-0.7056,age,59.0,1.3307
15692671,0.0317,products_number,2.0,-1.366,active_member,0.0,0.3135
15692718,0.0756,products_number,2.0,-1.3332,active_member,0.0,0.3265
15692761,0.1462,age,38.0,-0.9195,products_number,1.0,0.4957
15692918,0.2268,age,37.0,-0.7292,country_germany,1.0,0.4847
15692926,0.0932,age,26.0,-1.4686,country_germany,1.0,0.3373
15692931,0.0563,age,23.0,-1.2569,products_number,1.0,0.1085
15692977,0.1551,products_number,2.0,-1.2141,active_member,0.0,0.2851
15692991,0.0409,products_number,2.0,-1.3432,gender_Female,1.0,0.2667
15693018,0.1086,age,24.0,-1.4652,country_germany,1.0,0.29
15693088,0.0568,products_number,2.0,-1.2477,gender_Female,1.0,0.2763
15693131,0.0736,age,26.0,-1.3541,products_number,1.0,0.163
15693162,0.1509,age,31.0,-1.2207,active_member,0.0,0.3752
15693200,0.0377,products_number,2.0,-1.3664,active_member,0.0,0.2681
15693203,0.0186,products_number,2.0,-0.975,gender_Female,1.0,0.1832
15693233,0.0842,products_number,2.0,-1.192,limite_credito,287193.74,0.348
15693259,0.0367,age,31.0,-1.2085,products_number,1.0,0.1011
15693264,0.0289,age,30.0,-1.2777,gender_Female,1.0,0.2326
15693267,0.4923,age,36.0,-1.0886,country_germany,1.0,0.4181
15693322,0.282,age,39.0,-0.5898,country_germany,1.0,0.3769
15693326,0.1639,products_number,2.0,-1.114,active_member,0.0,0.2285
15693337,0.1579,active_member,1.0,-0.4278,credit_utilization,1.0676711665784013,0.0982
15693347,0.0337,products_number,2.0,-1.174,gender_Female,1.0,0.2125
15693381,0.1318,products_number,2.0,-0.7182,limite_credito,283161.07,0.4451
15693382,0.0846,age,32.0,-1.2241,products_number,1.0,0.4322
15693468,0.3431,age,41.0,-0.4141,active_member,0.0,0.3631
15693526,0.4147,age,42.0,-0.3837,products_number,1.0,0.5042
15693543,0.0194,products_number,2.0,-1.204,gender_Female,1.0,0.2023
15693637,0.0688,products_number,2.0,-1.2961,cidade_marseille,1.0,0.2627
15693683,0.0136,age,31.0,-1.0802,limite_credito,152314.25,0.2006
15693690,0.5964,estimated_salary,196257.67,-0.6392,age,53.0,1.822
15693704,0.1154,age,25.0,-1.1861,limite_credito,227740.36,0.221
15693732,0.0373,active_member,1.0,-1.3084,age,67.0,0.2191
15693737,0.1637,age,32.0,-1.221,active_member,0.0,0.3321
15693752,0.0243,products_number,2.0,-1.416,balance,0.0,0.1394
15693814,0.0156,age,26.0,-1.4293,active_member,0.0,0.3427
15693817,0.0257,products_number,2.0,-1.2024,active_member,0.0,0.3238
15693877,0.4113,products_number,2.0,-0.9601,age,49.0,1.1411
15693893,0.4844,active_member,1.0,-1.1106,age,61.0,0.7719
15693902,0.0214,products_number,2.0,-1.171,balance,0.0,0.0958
15693904,0.0405,age,32.0,-1.1493,gender_Female,1.0,0.1383
15693906,0.1082,age,26.0,-1.2773,balance,34547.82,0.2972
15693926,0.068,age,38.0,-0.7191,products_number,1.0,0.1379
15693947,0.0814,age,21.0,-1.4186,active_member,0.0,0.2746
15693996,0.1357,age,34.0,-1.571,active_member,0.0,0.3025
15694039,0.3125,products_number,2.0,-1.2684,age,48.0,0.5953
15694098,0.5548,active_member,1.0,-0.7729,age,56.0,1.547
15694125,0.0272,products_number,2.0,-1.5528,age,59.0,1.2004
15694143,0.5283,tenure,10.0,-0.4775,products_number,1.0,0.4776
15694160,0.0249,products_number,2.0,-1.4095,active_member,0.0,0.2586
15694188,0.4865,products_number,2.0,-0.7899,age,48.0,0.9318
15694192,0.0599,products_number,2.0,-1.405,active_member,0.0,0.2661
15694209,0.0294,products_number,2.0,-1.2681,gender_Female,1.0,0.1693
15694237,0.1991,age,41.0,-0.5237,active_member,0.0,0.3963
15694253,0.127,products_number,2.0,-0.9164,limite_credito,150833.05,0.282
15694272,0.0421,age,32.0,-1.1221,products_number,1.0,0.1619
15694288,0.0159,age,29.0,-1.288,active_member,0.0,0.2989
15694296,0.0788,age,37.0,-0.9333,limite_credito,186429.3,0.3342
15694300,0.0311,age,28.0,-1.3484,active_member,0.0,0.2873
15694321,0.0364,age,30.0,-1.4132,active_member,0.0,0.2806
15694349,0.3399,active_member,1.0,-0.4806,age,46.0,0.5249
15694381,0.6083,cidade_bordeaux,1.0,-0.5571,age,52.0,1.2528
15694395,0.0548,age,31.0,-1.3972,active_member,0.0,0.2795
15694404,0.3136,active_member,1.0,-0.4245,age,44.0,0.3471
15694409,0.0627,age,24.0,-1.3592,limite_credito,272461.78,0.2096
15694450,0.3605,gender_Female,0.0,-0.4671,active_member,0.0,0.3815
15694453,0.0856,products_number,2.0,-1.1358,cidade_berlin,1.0,0.2067
15694506,0.0462,age,33.0,-1.2035,balance,107884.81,0.1659
15694510,0.3681,gender_Female,0.0,-0.4298,age,47.0,0.7007
15694518,0.0518,products_number,2.0,-1.3075,active_member,0.0,0.2891
15694530,0.0523,age,29.0,-1.2599,estimated_salary,169469.3,0.1161
15694581,0.0129,products_number,2.0,-1.6002,balance,0.0,0.0504
15694601,0.0956,age,33.0,-1.6607,active_member,0.0,0.3533
15694628,0.1173,products_number,2.0,-1.2642,limite_credito,202300.78,0.3003
15694644,0.2974,active_member,1.0,-0.51,products_number,1.0,0.4325
15694677,0.0126,products_number,2.0,-1.5069,balance,0.0,0.0474
15694717,0.1785,age,38.0,-0.6507,products_number,1.0,0.3369
15694805,0.1051,age,37.0,-0.7458,products_number,1.0,0.2107
15694852,0.0587,age,30.0,-1.037,limite_credito,111524.75,0.2846
15694859,0.0575,age,30.0,-1.3127,limite_credito,221011.42,0.2626
15694879,0.0384,products_number,2.0,-1.298,active_member,0.0,0.2442
15694890,0.1205,age,39.0,-0.8527,active_member,0.0,0.3021
15694946,0.0127,products_number,2.0,-1.3488,balance,0.0,0.0531
15694995,0.0174,products_number,2.0,-1.2057,balance,0.0,0.1104
15695078,0.0128,products_number,2.0,-1.2808,estimated_salary,170770.44,0.0493
15695097,0.1538,age,32.0,-1.262,active_member,0.0,0.312
15695103,0.0185,products_number,2.0,-1.3688,cidade_zaragoza,1.0,0.0281
15695129,0.0672,age,32.0,-1.1754,products_number,1.0,0.2097
15695148,0.0722,products_number,2.0,-1.173,gender_Female,1.0,0.3183
15695168,0.0275,products_number,2.0,-1.5549,active_member,0.0,0.3034
15695174,0.0556,age,30.0,-1.3157,products_number,1.0,0.0975
15695197,0.0713,age,27.0,-1.487,active_member,0.0,0.3338
15695225,0.0168,products_number,2.0,-1.3969,cidade_zaragoza,1.0,0.078
15695280,0.2786,age,26.0,-1.4625,country_germany,1.0,0.4514
15695299,0.6432,country_germany,0.0,-0.204,age,47.0,0.7043
15695301,0.28,active_member,1.0,-0.5345,age,46.0,0.5405
15695356,0.1383,products_number,2.0,-1.7476,age,48.0,0.5801
15695383,0.0658,products_number,2.0,-1.6528,active_member,0.0,0.4234
15695465,0.4856,age,38.0,-0.7682,products_number,1.0,0.547
15695474,0.0549,age,34.0,-1.4512,active_member,0.0,0.342
15695475,0.0193,age,30.0,-1.2162,limite_credito,104289.29,0.1339
15695492,0.3129,age,30.0,-1.226,active_member,0.0,0.3894
15695499,0.2143,products_number,2.0,-0.8991,age,46.0,0.5767
15695585,0.0863,age,35.0,-0.9119,products_number,1.0,0.1082
15695632,0.1574,age,40.0,-0.4614,gender_Female,1.0,0.1798
15695679,0.1377,age,40.0,-0.8497,active_member,0.0,0.3125
15695699,0.0163,products_number,2.0,-1.1984,active_member,0.0,0.2994
15695792,0.2248,active_member,1.0,-1.1809,age,66.0,0.5891
15695819,0.1023,products_number,2.0,-1.4827,active_member,0.0,0.2891
15695846,0.0326,products_number,2.0,-1.2453,gender_Female,1.0,0.1872
15695872,0.0409,age,31.0,-1.3129,gender_Female,1.0,0.2041
15695932,0.0956,age,37.0,-0.6935,products_number,1.0,0.1095
15696047,0.0685,age,37.0,-0.7272,products_number,1.0,0.117
15696054,0.1976,age,38.0,-0.7707,products_number,1.0,0.4805
15696098,0.0219,age,32.0,-1.4555,active_member,0.0,0.2833
15696120,0.0421,products_number,2.0,-1.3567,active_member,0.0,0.2898
15696141,0.3701,age,32.0,-1.1801,products_number,1.0,0.5708
15696175,0.073,products_number,2.0,-1.0171,limite_credito,242452.18,0.3917
15696231,0.0268,age,30.0,-1.3746,products_number,1.0,0.0714
15696277,0.0617,products_number,2.0,-1.2549,active_member,0.0,0.2804
15696355,0.5212,age,39.0,-0.7131,country_germany,1.0,0.5516
15696361,0.1388,age,32.0,-1.1578,country_germany,1.0,0.3349
15696371,0.2568,age,26.0,-1.4397,active_member,0.0,0.4011
15696506,0.0999,age,28.0,-1.43,active_member,0.0,0.4064
15696514,0.5604,age,39.0,-0.7464,country_germany,1.0,0.4143
15696539,0.1268,age,22.0,-0.8802,products_number,1.0,0.1743
15696552,0.0754,age,23.0,-1.3506,active_member,0.0,0.2799
15696564,0.0822,products_number,2.0,-0.8629,limite_credito,163712.51,0.3587
15696588,0.0576,products_number,2.0,-1.2098,gender_Female,1.0,0.2867
15696605,0.5765,estimated_salary,523.0,-0.3735,age,51.0,1.481
15696637,0.0623,age,25.0,-1.4939,products_number,1.0,0.1678
15696703,0.0352,age,28.0,-1.3691,active_member,0.0,0.3661
15696733,0.0815,age,30.0,-1.5376,products_number,1.0,0.4821
15696744,0.1458,age,32.0,-1.4274,active_member,0.0,0.3354
15696812,0.0261,products_number,2.0,-1.6034,age,44.0,0.0927
15696826,0.0466,age,34.0,-1.3641,gender_Female,1.0,0.1466
15696834,0.0271,age,30.0,-1.3441,active_member,0.0,0.2673
15696859,0.0792,products_number,2.0,-1.6609,active_member,0.0,0.3559
15696900,0.0434,products_number,2.0,-1.0802,limite_credito,320373.11,0.1897
15697000,0.0645,age,34.0,-1.3075,products_number,1.0,0.2848
15697028,0.0689,age,35.0,-1.0719,limite_credito,115851.59,0.2862
15697034,0.0468,products_number,2.0,-1.1553,gender_Female,1.0,0.2257
15697035,0.0596,products_number,2.0,-1.3581,active_member,0.0,0.297
15697042,0.1367,age,37.0,-0.9421,active_member,0.0,0.3471
15697045,0.0746,products_number,2.0,-1.1987,gender_Female,1.0,0.3356
15697095,0.0534,products_number,2.0,-1.7286,age,48.0,0.5206
15697127,0.1215,age,32.0,-1.2185,products_number,1.0,0.2473
15697129,0.1307,products_number,2.0,-1.4797,active_member,0.0,0.3507
15697183,0.0438,products_number,2.0,-1.6257,active_member,0.0,0.3633
15697201,0.5345,active_member,1.0,-0.3529,age,47.0,0.6893
15697214,0.0438,products_number,2.0,-1.3234,gender_Female,1.0,0.2346
15697249,0.2992,age,27.0,-1.5698,products_number,1.0,0.3889
15697270,0.0367,age,29.0,-1.1486,products_number,1.0,0.0976
15697283,0.0267,products_number,2.0,-1.272,active_member,0.0,0.3322
15697307,0.0214,products_number,2.0,-1.3158,active_member,0.0,0.3592
15697310,0.3668,age,29.0,-1.4046,active_member,0.0,0.4079
15697318,0.2268,age,34.0,-1.3705,active_member,0.0,0.4446
15697391,0.0583,products_number,2.0,-1.2834,active_member,0.0,0.3001
15697460,0.05,products_number,2.0,-1.1736,limite_credito,151653.76,0.2305
15697480,0.0133,products_number,2.0,-1.2662,credit_utilization,,0.0449
15697497,0.3144,products_number,2.0,-0.9586,age,46.0,0.6481
15697546,0.0737,products_number,2.0,-1.3351,gender_Female,1.0,0.2984
15697567,0.0195,products_number,2.0,-1.1936,balance,0.0,0.0214
15697574,0.4562,balance,0.0,-0.5296,products_number,3.0,2.2942
15697606,0.0859,age,22.0,-1.5856,active_member,0.0,0.3373
15697625,0.105,products_number,2.0,-0.8506,limite_credito,143748.98,0.3997
15697678,0.0792,products_number,2.0,-1.0814,limite_credito,127132.3,0.304
15697691,0.4785,active_member,1.0,-0.4123,products_number,1.0,0.4919
15697702,0.026,products_number,2.0,-1.3431,active_member,0.0,0.3448
15697789,0.3839,products_number,2.0,-1.1265,age,45.0,0.5553
15697879,0.1146,age,31.0,-1.075,active_member,0.0,0.3954
15697948,0.0544,products_number,2.0,-1.1811,gender_Female,1.0,0.2754
15698028,0.1567,products_number,2.0,-1.4984,gender_Female,1.0,0.2432
15698117,0.2889,active_member,1.0,-0.4486,country_germany,1.0,0.5079
15698167,0.0659,age,25.0,-1.4342,active_member,0.0,0.2772
15698184,0.5235,products_number,2.0,-0.9325,age,52.0,1.4563
15698246,0.0172,age,26.0,-1.3314,gender_Female,1.0,0.1761
15698271,0.0556,age,28.0,-1.3889,active_member,0.0,0.2898
15698294,0.0288,products_number,2.0,-1.359,active_member,0.0,0.34
15698321,0.0499,products_number,2.0,-1.1392,limite_credito,152110.85,0.2551
15698324,0.1631,age,35.0,-1.0232,products_number,1.0,0.4856
15698335,0.103,active_member,1.0,-0.8745,products_number,1.0,0.34
15698349,0.0379,products_number,2.0,-1.331,gender_Female,1.0,0.2688
15698442,0.0839,age,36.0,-0.9039,products_number,1.0,0.0904
15698462,0.0223,products_number,2.0,-1.3614,credit_score,532.0,0.0487
15698474,0.2781,products_number,2.0,-1.1074,age,56.0,1.6163
15698510,0.0927,products_number,2.0,-1.3398,active_member,0.0,0.3106
15698522,0.2132,products_number,2.0,-1.2829,limite_credito,299195.25,0.4271
15698572,0.4685,age,38.0,-0.9098,products_number,1.0,0.4861
15698619,0.0284,products_number,2.0,-1.6372,age,45.0,0.3458
15698664,0.243,products_number,2.0,-1.0502,limite_credito,278889.22,0.381
15698703,0.0631,products_number,2.0,-1.2829,limite_credito,211617.21,0.3981
15698732,0.7587,gender_Female,0.0,-0.3724,age,52.0,1.3032
15698749,0.3204,age,25.0,-1.4671,active_member,0.0,0.4078
15698758,0.0312,products_number,2.0,-1.2759,gender_Female,1.0,0.2456
15698792,0.4994,active_member,1.0,-0.4424,age,50.0,1.1236
15698816,0.153,age,34.0,-1.0717,gender_Female,1.0,0.212
15698839,0.169,products_number,2.0,-1.3252,age,48.0,0.841
15698872,0.0466,products_number,2.0,-1.4273,active_member,0.0,0.2638
15698927,0.0126,products_number,2.0,-1.571,credit_utilization,,0.0483
15698932,0.3024,tenure,10.0,-0.5352,products_number,1.0,0.2885
15699005,0.1906,active_member,1.0,-0.4108,products_number,1.0,0.1508
15699029,0.0655,products_number,2.0,-0.8635,limite_credito,189314.86,0.3456
15699047,0.0431,age,23.0,-1.2187,limite_credito,121072.72,0.1811
15699195,0.0874,age,25.0,-1.3189,gender_Female,1.0,0.1754
15699225,0.047,products_number,2.0,-1.6715,age,47.0,0.399
15699238,0.0681,products_number,2.0,-1.2655,gender_Female,1.0,0.2972
15699257,0.1883,products_number,2.0,-1.102,limite_credito,119898.31,0.322
15699284,0.7027,tenure,8.0,-0.2712,age,51.0,1.2608
15699294,0.0264,age,32.0,-1.269,active_member,0.0,0.3384
15699325,0.3829,active_member,1.0,-1.0579,age,64.0,0.5975
15699335,0.0419,age,34.0,-1.1972,gender_Female,1.0,0.1637
15699340,0.0227,products_number,2.0,-1.3445,active_member,0.0,0.2157
15699389,0.1077,active_member,1.0,-0.4557,age,43.0,0.241
15699446,0.0459,age,26.0,-1.313,limite_credito,235642.44,0.2247
15699450,0.0316,products_number,2.0,-1.7427,age,49.0,0.9739
15699461,0.0874,age,36.0,-0.8321,products_number,1.0,0.0998
15699467,0.261,cidade_madrid,1.0,-0.6383,products_number,1.0,0.4005
15699486,0.0879,age,36.0,-0.8933,products_number,1.0,0.1419
15699492,0.2663,age,28.0,-1.4792,products_number,1.0,0.4126
15699507,0.0217,products_number,2.0,-1.2073,gender_Female,1.0,0.228
15699515,0.0301,age,34.0,-1.1035,limite_credito,165378.62,0.2566
15699523,0.8064,products_number,2.0,-0.9675,age,56.0,2.0989
15699524,0.2721,age,32.0,-1.2068,products_number,1.0,0.5506
15699532,0.2281,products_number,2.0,-0.9662,age,53.0,1.3217
15699550,0.0326,products_number,2.0,-1.1892,gender_Female,1.0,0.2478
15699598,0.0286,products_number,2.0,-1.1924,gender_Female,1.0,0.1965
15699619,0.0505,age,33.0,-1.5651,active_member,0.0,0.3215
15699634,0.1446,products_number,2.0,-1.5332,age,50.0,1.1123
15699637,0.1453,active_member,1.0,-1.2071,age,59.0,1.1736
15699753,0.2846,gender_Female,0.0,-0.3522,active_member,0.0,0.4016
15699797,0.1103,age,32.0,-1.23,active_member,0.0,0.3614
15699830,0.0601,products_number,2.0,-1.3552,gender_Female,1.0,0.3528
15699839,0.0429,age,37.0,-0.8054,products_number,1.0,0.1425
15699911,0.3507,age,37.0,-0.8637,products_number,1.0,0.5534
15699963,0.1028,age,39.0,-0.584,products_number,1.0,0.1052
15700046,0.0932,products_number,2.0,-1.1696,active_member,0.0,0.2702
15700083,0.1452,products_number,2.0,-0.7959,active_member,0.0,0.3857
15700174,0.2658,age,31.0,-1.0559,active_member,0.0,0.4385
15700209,0.078,active_member,1.0,-1.2619,age,65.0,0.624
15700223,0.3919,active_member,1.0,-0.6016,age,49.0,1.2839
15700255,0.1386,products_number,2.0,-1.5428,active_member,0.0,0.4104
15700325,0.0722,age,26.0,-1.5172,active_member,0.0,0.2627
15700353,0.0556,products_number,2.0,-1.3265,active_member,0.0,0.2753
15700366,0.1442,active_member,1.0,-0.45,products_number,1.0,0.2114
15700383,0.0743,products_number,2.0,-0.8458,limite_credito,106252.33,0.2326
15700424,0.2345,age,37.0,-0.6832,products_number,1.0,0.5135
15700476,0.0996,products_number,2.0,-1.2665,limite_credito,267847.06,0.4267
15700511,0.0869,products_number,2.0,-1.202,limite_credito,262553.71,0.3667
15700540,0.5877,age,40.0,-0.6082,country_germany,1.0,0.4244
15700549,0.0279,products_number,2.0,-1.623,age,56.0,1.4216
15700601,0.0376,age,36.0,-1.0846,credit_utilization,0.3573955731558825,0.0911
15700650,0.031,products_number,2.0,-1.2342,active_member,0.0,0.3592
15700654,0.1757,products_number,2.0,-1.4374,active_member,0.0,0.3202
15700656,0.0294,age,34.0,-1.2461,active_member,0.0,0.38
15700657,0.6538,age,42.0,-0.3393,country_germany,1.0,0.37
15700693,0.0216,active_member,1.0,-1.211,age,70.0,0.1746
15700696,0.0616,age,32.0,-0.9713,products_number,1.0,0.1111
15700710,0.1643,age,39.0,-0.5121,gender_Female,1.0,0.1907
15700714,0.0315,products_number,2.0,-1.2423,cidade_marseille,1.0,0.1753
15700749,0.2947,active_member,1.0,-0.4367,products_number,1.0,0.5019
15700772,0.0861,products_number,2.0,-1.6643,active_member,0.0,0.3741
15700813,0.1114,age,27.0,-1.3742,active_member,0.0,0.3264
15700826,0.5596,products_number,2.0,-1.0754,age,55.0,1.6645
15700864,0.0263,age,22.0,-1.5317,active_member,0.0,0.2831
15700937,0.0235,age,25.0,-1.1777,gender_Female,1.0,0.2122
15700946,0.081,age,35.0,-1.052,products_number,1.0,0.2462
15700964,0.1291,age,28.0,-1.4282,products_number,1.0,0.3021
15700965,0.0288,products_number,2.0,-1.2541,gender_Female,1.0,0.1498
15701037,0.0229,products_number,2.0,-1.3986,active_member,0.0,0.2827
15701042,0.2227,age,28.0,-1.5627,products_number,1.0,0.3754
15701074,0.3117,age,37.0,-0.7097,country_germany,1.0,0.5163
15701081,0.0965,age,38.0,-0.7292,products_number,1.0,0.4932
15701096,0.3367,gender_Female,0.0,-0.4555,age,46.0,0.58
15701109,0.2665,age,39.0,-0.633,products_number,1.0,0.5001
15701160,0.5322,active_member,1.0,-0.419,country_germany,1.0,0.3867
15701164,0.1195,age,36.0,-1.1281,products_number,1.0,0.2795
15701166,0.0635,products_number,2.0,-0.9309,limite_credito,263320.65,0.4429
15701175,0.0703,age,35.0,-1.0694,products_number,1.0,0.159
15701176,0.0465,age,27.0,-1.4643,active_member,0.0,0.3289
15701200,0.0186,products_number,2.0,-1.3961,balance,0.0,0.0481
15701206,0.0624,products_number,2.0,-1.6176,active_member,0.0,0.4217
15701238,0.142,products_number,2.0,-1.6067,age,49.0,1.105
15701265,0.1083,products_number,2.0,-1.117,gender_Female,1.0,0.1813
15701281,0.0093,products_number,2.0,-1.1622,balance,0.0,0.0779
15701291,0.1011,products_number,2.0,-1.7024,active_member,0.0,0.3878
15701318,0.0852,active_member,1.0,-1.4384,limite_credito,212350.63,0.2351
15701333,0.3105,age,39.0,-0.775,active_member,0.0,0.3448
15701352,0.1475,age,29.0,-1.4151,active_member,0.0,0.3682
15701354,0.0813,products_number,2.0,-1.3302,active_member,0.0,0.304
15701364,0.0128,products_number,2.0,-1.216,balance,0.0,0.0518
15701376,0.056,products_number,2.0,-1.1306,limite_credito,422693.34,0.2081
15701392,0.0141,products_number,2.0,-1.328,credit_utilization,,0.0135
15701412,0.036,products_number,2.0,-1.5458,active_member,0.0,0.3756
15701522,0.021,age,30.0,-1.2086,gender_Female,1.0,0.2108
15701555,0.2719,active_member,1.0,-1.1117,age,55.0,1.4823
15701605,0.2601,age,38.0,-0.8351,active_member,0.0,0.3003
15701741,0.2611,age,40.0,-0.7475,active_member,0.0,0.3125
15701765,0.0667,products_number,2.0,-1.2854,active_member,0.0,0.2842
15701768,0.013,products_number,2.0,-1.3377,credit_utilization,,0.01
15701885,0.0533,products_number,2.0,-1.38,gender_Female,1.0,0.304
15701908,0.3628,active_member,1.0,-0.4234,products_number,1.0,0.4774
15701932,0.5362,active_member,1.0,-0.6222,age,53.0,1.3353
15701946,0.114,age,35.0,-1.2437,active_member,0.0,0.3382
15701962,0.1411,age,30.0,-1.3474,limite_credito,252285.54,0.3297
15701972,0.0672,age,36.0,-1.0498,products_number,1.0,0.1268
15702014,0.0997,age,35.0,-1.32,active_member,0.0,0.3594
15702030,0.1371,age,31.0,-1.5233,products_number,1.0,0.3541
15702061,0.0092,products_number,2.0,-1.273,credit_utilization,,0.035
15702138,0.0986,age,24.0,-1.4634,active_member,0.0,0.3549
15702145,0.0421,age,35.0,-0.9718,limite_credito,36609.26,0.1974
15702149,0.1294,age,34.0,-1.4414,products_number,1.0,0.3138
15702175,0.0686,age,30.0,-1.1968,limite_credito,122018.07,0.1861
15702190,0.026,products_number,2.0,-1.5693,age,45.0,0.3827
15702277,0.0412,age,35.0,-1.2702,products_number,1.0,0.2192
15702293,0.0409,products_number,2.0,-1.2744,gender_Female,1.0,0.2563
15702300,0.0293,age,29.0,-1.1989,active_member,0.0,0.3025
15702337,0.0148,products_number,2.0,-1.3648,credit_score,581.0,0.0378
15702377,0.6628,cidade_valencia,1.0,-0.288,age,49.0,1.1939
15702380,0.0336,active_member,1.0,-1.3853,age,65.0,0.9343
15702416,0.3932,tenure,7.0,-0.4333,age,45.0,0.4567
15702430,0.1728,age,37.0,-0.8002,products_number,1.0,0.4622
15702464,0.0502,products_number,2.0,-1.2387,active_member,0.0,0.2691
15702499,0.1621,cidade_madrid,1.0,-0.5036,age,47.0,0.6547
15702561,0.0955,age,34.0,-1.2017,products_number,1.0,0.4577
15702566,0.0563,age,28.0,-1.2915,estimated_salary,177966.24,0.1735
15702631,0.0238,products_number,2.0,-1.184,gender_Female,1.0,0.1628
15702656,0.0851,age,34.0,-1.5903,active_member,0.0,0.3596
15702669,0.2146,products_number,2.0,-1.2407,age,46.0,0.618
15702715,0.0231,products_number,2.0,-1.1443,gender_Female,1.0,0.198
15702741,0.0479,age,33.0,-1.7056,active_member,0.0,0.3406
15702788,0.1638,gender_Female,0.0,-0.5419,active_member,0.0,0.331
15702789,0.0982,age,34.0,-1.0332,products_number,1.0,0.285
15702806,0.1959,age,25.0,-1.3904,products_number,1.0,0.4948
15702919,0.2442,age,32.0,-1.231,active_member,0.0,0.4211
15702968,0.1807,active_member,1.0,-1.0511,products_number,1.0,0.2688
15703019,0.0995,products_number,2.0,-1.2634,gender_Female,1.0,0.2882
15703059,0.7113,active_member,1.0,-0.5356,age,51.0,1.3046
15703068,0.1212,products_number,2.0,-1.3457,limite_credito,301657.69,0.3472
15703106,0.0152,products_number,2.0,-1.6214,balance,0.0,0.0169
15703117,0.1088,products_number,2.0,-1.5118,age,45.0,0.5382
15703119,0.023,products_number,2.0,-1.5319,estimated_salary,145700.22,0.1392
15703143,0.0855,age,30.0,-1.2699,gender_Female,1.0,0.1856
15703167,0.2068,products_number,2.0,-1.5465,age,47.0,0.5239
15703177,0.1099,age,37.0,-0.7312,products_number,1.0,0.209
15703199,0.1194,age,40.0,-0.8765,active_member,0.0,0.3722
15703205,0.3186,products_number,2.0,-0.9259,age,48.0,0.9263
15703292,0.0848,age,27.0,-0.9881,limite_credito,169208.16,0.2694
15703354,0.1718,age,34.0,-1.3888,active_member,0.0,0.3285
15703394,0.0234,products_number,2.0,-1.2732,active_member,0.0,0.3289
15703399,0.0732,age,28.0,-1.2642,limite_credito,256096.53,0.2708
15703413,0.2921,age,40.0,-0.6639,active_member,0.0,0.3234
15703437,0.0166,products_number,2.0,-1.3501,active_member,0.0,0.2004
15703482,0.1402,products_number,2.0,-1.2076,active_member,0.0,0.359
15703544,0.2375,age,36.0,-1.1221,products_number,1.0,0.4953
15703563,0.0531,products_number,2.0,-1.01,active_member,0.0,0.3385
15703588,0.1079,age,26.0,-1.2681,active_member,0.0,0.3563
15703614,0.7096,tenure,5.0,-0.3328,age,50.0,1.3483
15703682,0.0949,age,35.0,-1.129,products_number,1.0,0.3635
15703707,0.3293,tenure,10.0,-0.6159,age,45.0,0.4226
15703763,0.3156,gender_Female,0.0,-0.366,age,45.0,0.7453
15703778,0.0305,age,35.0,-1.0411,products_number,1.0,0.0808
15703923,0.0616,products_number,2.0,-1.3015,limite_credito,232943.17,0.4018
15703979,0.6074,age,41.0,-0.2872,country_germany,1.0,0.502
15704014,0.0735,products_number,2.0,-1.1596,limite_credito,157096.35,0.3808
15704081,0.0431,products_number,2.0,-1.0489,limite_credito,306546.09,0.1638
15704144,0.0221,products_number,2.0,-1.0878,credit_utilization,0.5593099039892123,0.1237
15704231,0.1631,age,34.0,-1.1838,products_number,1.0,0.4826
15704250,0.0143,products_number,2.0,-1.3085,active_member,0.0,0.2881
15704315,0.0485,age,35.0,-1.0435,products_number,1.0,0.1308
15704340,0.2276,age,39.0,-0.718,active_member,0.0,0.3037
15704378,0.2489,age,38.0,-0.6112,country_germany,1.0,0.4889
15704466,0.0411,products_number,2.0,-1.3485,active_member,0.0,0.2883
15704483,0.0339,products_number,2.0,-1.526,active_member,0.0,0.3779
15704509,0.0561,age,36.0,-1.2323,active_member,0.0,0.3408
15704581,0.0313,products_number,2.0,-1.1402,limite_credito,77105.85,0.0829
15704586,0.0633,products_number,2.0,-1.5092,gender_Female,1.0,0.3116
15704597,0.0624,age,34.0,-1.1742,cidade_marseille,1.0,0.0719
15704629,0.0543,age,33.0,-1.4683,products_number,1.0,0.1749
15704681,0.039,products_number,2.0,-1.3617,limite_credito,54843.4,0.1877
15704769,0.0718,active_member,1.0,-1.2645,gender_Female,1.0,0.2164
15704770,0.0168,age,26.0,-1.2766,limite_credito,288974.82,0.2965
15704771,0.0734,products_number,2.0,-0.8806,gender_Female,1.0,0.1788
15704795,0.022,products_number,2.0,-1.0882,gender_Female,1.0,0.1765
15704819,0.2755,products_number,2.0,-0.7486,limite_credito,151806.58,0.3675
15704844,0.0848,active_member,1.0,-1.3522,age,64.0,0.6794
15704910,0.0328,products_number,2.0,-1.3017,active_member,0.0,0.3364
15704954,0.0766,age,38.0,-0.72,limite_credito,239218.65,0.1436
15704987,0.8224,tenure,8.0,-0.5124,age,54.0,1.9042
15705001,0.3806,age,37.0,-0.8534,active_member,0.0,0.3789
15705034,0.0141,products_number,2.0,-1.5583,estimated_salary,145613.17,0.116
15705050,0.0113,products_number,2.0,-1.2761,estimated_salary,148887.69,0.0332
15705085,0.0764,products_number,2.0,-1.3124,active_member,0.0,0.3096
15705113,0.0816,age,36.0,-1.0739,active_member,0.0,0.4119
15705174,0.1037,active_member,1.0,-1.3098,products_number,1.0,0.3002
15705281,0.2299,age,40.0,-0.8263,products_number,1.0,0.5348
15705298,0.2781,age,30.0,-1.279,active_member,0.0,0.4111
15705301,0.1184,products_number,2.0,-1.0934,limite_credito,164574.14,0.3253
15705309,0.023,products_number,2.0,-1.4567,active_member,0.0,0.3605
15705313,0.1755,age,35.0,-1.0043,products_number,1.0,0.3094
15705343,0.4143,age,33.0,-1.1716,products_number,1.0,0.5883
15705352,0.0636,age,39.0,-0.5883,limite_credito,277043.95,0.0714
15705379,0.0205,products_number,2.0,-1.4631,active_member,0.0,0.2226
15705383,0.0789,age,37.0,-0.7638,products_number,1.0,0.133
15705403,0.2837,active_member,1.0,-0.4786,age,48.0,0.7885
15705458,0.0699,products_number,2.0,-0.7348,limite_credito,333155.69,0.3601
15705506,0.0318,products_number,2.0,-1.3574,active_member,0.0,0.2983
15705512,0.3849,age,39.0,-0.6217,products_number,1.0,0.3844
15705515,0.1339,products_number,2.0,-1.3507,active_member,0.0,0.3316
15705521,0.4991,age,35.0,-1.0002,products_number,1.0,0.5099
15705544,0.1259,active_member,1.0,-1.2585,age,63.0,0.7628
15705620,0.0417,age,35.0,-1.3729,active_member,0.0,0.3236
15705639,0.0464,age,29.0,-1.4532,active_member,0.0,0.2802
15705657,0.3818,cidade_nantes,1.0,-0.4208,age,45.0,0.6758
15705663,0.1044,products_number,2.0,-1.2336,limite_credito,338220.18,0.2777
15705676,0.1045,products_number,2.0,-0.9954,active_member,0.0,0.2756
15705707,0.1637,age,30.0,-1.328,active_member,0.0,0.3143
15705739,0.2454,age,33.0,-1.3314,active_member,0.0,0.424
15705765,0.2065,products_number,2.0,-1.5152,age,48.0,0.6649
15705777,0.3714,tenure,10.0,-0.6931,age,51.0,1.1978
15705885,0.0194,products_number,2.0,-1.4065,balance,0.0,0.0547
15705890,0.4555,tenure,7.0,-0.3913,age,46.0,0.5626
15705899,0.0504,age,36.0,-1.0346,estimated_salary,155356.34,0.1255
15705918,0.0112,products_number,2.0,-1.1883,cidade_munich,0.0,0.0024
15705991,0.4103,age,39.0,-0.8004,products_number,1.0,0.3872
15705994,0.1693,age,28.0,-1.313,products_number,1.0,0.4733
15706036,0.0786,products_number,2.0,-1.1449,limite_credito,224921.59,0.385
15706116,0.3411,age,32.0,-1.2656,active_member,0.0,0.3887
15706128,0.0416,age,22.0,-1.4389,active_member,0.0,0.3206
15706131,0.1833,age,38.0,-0.7964,active_member,0.0,0.3181
15706170,0.0694,age,36.0,-1.363,active_member,0.0,0.3406
15706185,0.2405,products_number,2.0,-1.3686,age,49.0,1.0285
15706186,0.0544,age,34.0,-1.2366,active_member,0.0,0.3723
15706199,0.3657,age,37.0,-0.8535,products_number,1.0,0.412
15706200,0.1486,products_number,2.0,-1.4645,active_member,0.0,0.3221
15706217,0.0443,age,29.0,-1.1328,limite_credito,243928.58,0.2615
15706223,0.0571,products_number,2.0,-0.9254,limite_credito,49326.31,0.2711
15706268,0.4497,active_member,1.0,-0.6097,age,52.0,1.271
15706269,0.128,products_number,2.0,-1.1774,age,48.0,0.8053
15706365,0.4817,active_member,1.0,-0.6298,age,51.0,1.3193
15706394,0.14,products_number,2.0,-1.5706,age,54.0,1.5047
15706463,0.0403,products_number,2.0,-1.2748,gender_Female,1.0,0.2797
15706464,0.0869,age,37.0,-1.0202,active_member,0.0,0.3088
15706537,0.5776,active_member,1.0,-0.9101,age,60.0,0.903
15706552,0.1491,age,37.0,-0.8378,products_number,1.0,0.1946
15706587,0.0586,products_number,2.0,-1.4898,age,58.0,1.4987
15706593,0.2071,products_number,2.0,-1.2954,age,52.0,1.084
15706602,0.0886,age,34.0,-1.2007,limite_credito,125373.11,0.2124
15706637,0.0314,products_number,2.0,-1.4246,active_member,0.0,0.381
15706647,0.5342,age,33.0,-1.3569,products_number,3.0,3.2275
15706706,0.0299,products_number,2.0,-1.2229,limite_credito,320523.51,0.1992
15706729,0.1181,age,40.0,-0.5014,products_number,1.0,0.1549
15706762,0.1727,products_number,2.0,-0.9436,limite_credito,319721.58,0.303
15706764,0.0426,products_number,2.0,-1.2695,gender_Female,1.0,0.2837
15706810,0.0889,age,33.0,-1.409,balance,106301.85,0.1508
15706899,0.0273,products_number,2.0,-1.2172,balance,0.0,0.0933
15706904,0.2282,gender_Female,0.0,-0.482,age,45.0,0.659
15707007,0.3328,age,40.0,-0.7406,products_number,1.0,0.5384
15707011,0.3804,tenure,10.0,-0.6406,age,48.0,0.8836
15707025,0.0237,products_number,2.0,-1.2488,gender_Female,1.0,0.2174
15707042,0.1359,age,26.0,-1.4727,active_member,0.0,0.349
15707078,0.1391,age,27.0,-1.4969,active_member,0.0,0.3396
15707110,0.0953,age,29.0,-1.2698,active_member,0.0,0.389
15707114,0.0115,products_number,2.0,-1.2501,credit_utilization,,0.0125
15707120,0.4161,gender_Female,0.0,-0.3633,age,47.0,0.7758
15707132,0.0149,products_number,2.0,-1.2097,credit_utilization,,0.0302
15707138,0.0164,products_number,2.0,-1.3989,balance,0.0,0.0302
15707144,0.1381,age,27.0,-1.2156,active_member,0.0,0.3594
15707189,0.3502,age,37.0,-0.727,country_germany,1.0,0.4556
15707242,0.0264,products_number,2.0,-1.4881,active_member,0.0,0.3155
15707291,0.2827,products_number,2.0,-1.2392,age,49.0,1.0449
15707441,0.0618,age,27.0,-1.1969,products_number,1.0,0.0827
15707473,0.8341,tenure,6.0,-0.2348,age,49.0,0.9587
15707479,0.2085,age,42.0,-0.4263,active_member,0.0,0.3227
15707488,0.0306,age,29.0,-1.322,active_member,0.0,0.319
15707505,0.0665,age,33.0,-1.3952,active_member,0.0,0.3173
15707551,0.0307,age,31.0,-1.0003,limite_credito,117398.03,0.1556
15707559,0.0276,products_number,2.0,-1.2924,gender_Female,1.0,0.2082
15707634,0.0514,age,33.0,-1.2161,gender_Female,1.0,0.1622
15707681,0.0818,products_number,2.0,-1.0186,limite_credito,192936.61,0.2658
15707696,0.0246,products_number,2.0,-1.2472,gender_Female,1.0,0.1669
15707918,0.1705,products_number,2.0,-1.2358,active_member,0.0,0.3274
15707962,0.1352,products_number,2.0,-0.9719,active_member,0.0,0.3422
15707974,0.3916,age,39.0,-0.799,balance,48387.0,0.3449
15708046,0.0905,age,33.0,-1.3901,active_member,0.0,0.3242
15708048,0.151,age,36.0,-1.2797,active_member,0.0,0.3465
15708139,0.2601,cidade_nice,1.0,-0.436,active_member,0.0,0.312
15708162,0.1575,products_number,2.0,-1.0699,limite_credito,120186.3,0.2817
15708193,0.0339,products_number,2.0,-1.2944,active_member,0.0,0.3029
15708196,0.076,active_member,1.0,-1.3018,age,61.0,0.6667
15708228,0.1703,age,32.0,-1.3809,active_member,0.0,0.4171
15708236,0.0709,active_member,1.0,-1.0308,products_number,1.0,0.0932
15708256,0.0187,age,30.0,-1.3577,active_member,0.0,0.3051
15708289,0.0585,age,27.0,-1.4738,active_member,0.0,0.3611
15708362,0.0909,active_member,1.0,-1.3436,age,64.0,0.9322
15708422,0.1104,products_number,2.0,-1.2622,active_member,0.0,0.3037
15708505,0.1138,products_number,2.0,-0.9755,gender_Female,1.0,0.246
15708513,0.2083,age,40.0,-0.6724,products_number,1.0,0.3208
15708608,0.0966,age,24.0,-1.0405,limite_credito,338913.72,0.2127
15708610,0.2676,products_number,2.0,-1.4294,age,46.0,0.3914
15708650,0.0719,age,32.0,-1.1829,balance,52192.08,0.2112
15708693,0.0669,age,34.0,-1.3116,active_member,0.0,0.3129
15708710,0.3314,age,39.0,-0.579,products_number,1.0,0.4181
15708713,0.019,products_number,2.0,-1.3818,balance,0.0,0.0609
15708714,0.0328,age,34.0,-1.4594,active_member,0.0,0.2902
15708791,0.1569,age,33.0,-1.2839,active_member,0.0,0.389
15708904,0.4151,age,39.0,-0.7815,products_number,1.0,0.5357
15708916,0.0307,products_number,2.0,-1.3136,active_member,0.0,0.2857
15708917,0.3452,active_member,1.0,-0.876,age,54.0,1.3182
15709004,0.0299,age,24.0,-1.1792,limite_credito,264634.57,0.2513
15709135,0.0662,age,32.0,-1.344,active_member,0.0,0.3361
15709142,0.0989,age,32.0,-1.3232,active_member,0.0,0.3338
15709183,0.4698,active_member,1.0,-0.8742,age,59.0,1.207
15709199,0.3178,active_member,1.0,-0.393,products_number,1.0,0.4631
15709222,0.1054,age,36.0,-0.9334,products_number,1.0,0.4596
15709232,0.2495,products_number,2.0,-1.2086,age,49.0,0.9363
15709256,0.0273,products_number,2.0,-1.2505,gender_Female,1.0,0.2378
15709295,0.0397,age,26.0,-1.1359,gender_Female,1.0,0.1432
15709324,0.0173,products_number,2.0,-1.2355,active_member,0.0,0.2831
15709338,0.0398,age,31.0,-1.3898,products_number,1.0,0.1935
15709354,0.0831,products_number,2.0,-1.476,gender_Female,1.0,0.2441
15709368,0.0823,products_number,2.0,-1.4803,age,45.0,0.4856
15709387,0.6345,active_member,1.0,-0.6672,age,53.0,1.4514
15709396,0.0161,products_number,2.0,-1.7019,age,44.0,0.1063
15709412,0.0142,products_number,2.0,-1.2999,estimated_salary,63908.86,0.0487
15709441,0.2984,active_member,1.0,-1.185,age,61.0,0.74
15709447,0.1398,age,28.0,-1.6031,active_member,0.0,0.3542
15709451,0.0774,products_number,2.0,-1.1574,gender_Female,1.0,0.2278
15709459,0.3033,active_member,1.0,-1.0963,age,65.0,0.5755
15709476,0.2092,products_number,2.0,-0.896,limite_credito,159329.14,0.2826
15709478,0.1078,products_number,2.0,-1.2278,limite_credito,114087.86,0.2588
15709487,0.0887,age,36.0,-1.0568,active_member,0.0,0.3844
15709511,0.0603,products_number,2.0,-1.6731,active_member,0.0,0.3067
15709523,0.059,age,31.0,-1.1645,gender_Female,1.0,0.0994
15709531,0.1332,age,40.0,-0.6339,active_member,0.0,0.3336
15709604,0.0778,age,25.0,-1.6088,active_member,0.0,0.3047
15709621,0.0182,products_number,2.0,-1.2254,balance,0.0,0.0921
15709639,0.0664,age,24.0,-1.2486,products_number,1.0,0.1701
15709643,0.2003,age,34.0,-1.733,products_number,3.0,2.51
15709737,0.0287,products_number,2.0,-0.9988,limite_credito,91215.82,0.1901
15709741,0.0465,age,30.0,-1.417,active_member,0.0,0.2998
15709780,0.0717,products_number,2.0,-0.8209,limite_credito,190877.24,0.1953
15709846,0.2379,cidade_nice,1.0,-0.3973,active_member,0.0,0.3224
15709861,0.0579,products_number,2.0,-1.0583,limite_credito,153753.91,0.2893
15709917,0.6948,country_germany,0.0,-0.2281,age,48.0,0.8326
15709928,0.0871,products_number,2.0,-1.2259,active_member,0.0,0.3457
15710053,0.2926,products_number,2.0,-1.2345,age,45.0,0.5259
15710111,0.0272,products_number,2.0,-1.2596,active_member,0.0,0.3084
15710138,0.0201,products_number,2.0,-1.5588,balance,0.0,0.0278
15710161,0.0401,products_number,2.0,-1.1706,gender_Female,1.0,0.296
15710206,0.2151,age,40.0,-0.8284,active_member,0.0,0.3427
15710257,0.1926,age,40.0,-0.4862,products_number,1.0,0.1402
15710295,0.2017,products_number,2.0,-1.2303,limite_credito,212706.3,0.3601
15710316,0.3353,active_member,1.0,-0.6137,age,50.0,1.1182
15710375,0.0368,products_number,2.0,-1.5282,active_member,0.0,0.3285
15710390,0.1601,products_number,2.0,-0.8251,limite_credito,213418.91,0.3133
15710397,0.0288,age,27.0,-1.2325,active_member,0.0,0.3542
15710404,0.0267,age,36.0,-1.1173,products_number,1.0,0.0887
15710408,0.0494,products_number,2.0,-1.3229,gender_Female,1.0,0.1968
15710421,0.1729,age,37.0,-0.8605,active_member,0.0,0.3441
15710424,0.2229,age,38.0,-0.7517,products_number,1.0,0.5529
15710450,0.098,age,23.0,-0.7588,estimated_salary,185510.34,0.1224
15710456,0.0327,age,29.0,-1.5591,active_member,0.0,0.2886
15710527,0.307,age,37.0,-0.7193,products_number,1.0,0.5218
15710553,0.0951,products_number,2.0,-1.4944,age,50.0,1.0442
15710726,0.0668,products_number,2.0,-1.6222,age,54.0,1.4258
15710825,0.1305,age,32.0,-1.1786,active_member,0.0,0.3705
15710853,0.0508,age,25.0,-1.3419,active_member,0.0,0.3026
15710928,0.4159,active_member,1.0,-0.7589,age,56.0,1.5167
15710978,0.0844,products_number,2.0,-1.3079,age,44.0,0.1975
15711015,0.0201,products_number,2.0,-1.4046,balance,0.0,0.0255
15711062,0.0554,products_number,2.0,-1.2289,limite_credito,156785.44,0.3089
15711181,0.1624,products_number,2.0,-1.5184,age,52.0,1.1835
15711218,0.1585,products_number,2.0,-1.2644,active_member,0.0,0.312
15711249,0.0409,products_number,2.0,-1.2618,active_member,0.0,0.351
15711254,0.0473,products_number,2.0,-1.2981,gender_Female,1.0,0.3438
15711287,0.224,age,36.0,-1.0339,active_member,0.0,0.4054
15711288,0.0271,age,25.0,-1.2815,active_member,0.0,0.29
15711299,0.7337,active_member,1.0,-0.5833,age,53.0,1.3746
15711309,0.2596,age,35.0,-0.9784,country_germany,1.0,0.4958
15711316,0.015,products_number,2.0,-1.2991,salary_missing_flag,0.0,0.0057
15711352,0.0696,age,32.0,-1.1985,limite_credito,372056.41,0.1957
15711378,0.0236,products_number,2.0,-1.5089,active_member,0.0,0.2747
15711386,0.0266,products_number,2.0,-1.1947,gender_Female,1.0,0.1124
15711396,0.0102,products_number,2.0,-1.5134,country_spain,1.0,0.0064
15711398,0.0419,age,27.0,-1.3205,active_member,0.0,0.3417
15711468,0.0276,products_number,2.0,-1.2222,gender_Female,1.0,0.2408
15711489,0.2081,age,34.0,-1.0142,products_number,1.0,0.4743
15711521,0.1355,active_member,1.0,-0.4759,products_number,1.0,0.1856
15711540,0.1975,age,30.0,-1.2944,products_number,1.0,0.4695
15711571,0.1524,estimated_salary,194890.33,-0.5759,active_member,0.0,0.3555
15711572,0.1301,age,33.0,-1.404,active_member,0.0,0.2968
15711602,0.1365,age,38.0,-0.7252,products_number,1.0,0.2656
15711635,0.2332,products_number,2.0,-1.1942,active_member,0.0,0.223
15711687,0.2011,gender_Female,0.0,-0.4407,products_number,1.0,0.1557
15711742,0.2023,age,36.0,-1.085,products_number,1.0,0.4749
15711750,0.0548,products_number,2.0,-1.24,gender_Female,1.0,0.2546
15711759,0.1171,age,31.0,-1.0853,gender_Female,1.0,0.2455
15711825,0.1324,age,36.0,-1.1502,active_member,0.0,0.3192
15711889,0.5435,gender_Female,0.0,-0.3165,active_member,0.0,0.4301
15711901,0.2246,active_member,1.0,-0.5458,age,46.0,0.6791
15711921,0.0127,products_number,2.0,-1.1788,balance,0.0,0.0499
15711977,0.12,age,37.0,-1.0129,active_member,0.0,0.2925
15711991,0.0097,age,32.0,-1.2255,active_member,0.0,0.1995
15712068,0.2196,active_member,1.0,-0.5192,age,46.0,0.5058
15712121,0.214,age,36.0,-1.167,active_member,0.0,0.4221
15712176,0.0063,products_number,2.0,-1.2873,salary_missing_flag,0.0,0.0062
15712199,0.4693,active_member,1.0,-0.9009,age,63.0,1.1178
15712264,0.0758,products_number,2.0,-1.2574,gender_Female,1.0,0.3504
15712287,0.0342,products_number,2.0,-1.0318,gender_Female,1.0,0.2327
15712303,0.1072,active_member,1.0,-1.335,age,67.0,0.2547
15712319,0.2,products_number,2.0,-0.9398,age,47.0,0.6545
15712409,0.0317,active_member,1.0,-1.3288,limite_credito,274723.43,0.2594
15712568,0.1469,tenure,10.0,-0.6449,active_member,0.0,0.3851
15712584,0.0248,products_number,2.0,-1.2091,gender_Female,1.0,0.1362
15712596,0.1185,age,33.0,-1.6759,products_number,1.0,0.5211
15712608,0.2589,products_number,2.0,-1.1289,age,44.0,0.2868
15712772,0.0832,age,29.0,-1.2218,limite_credito,51428.5,0.2624
15712777,0.2153,age,40.0,-0.6655,active_member,0.0,0.342
15712825,0.0312,products_number,2.0,-1.2816,gender_Female,1.0,0.2629
15712877,0.0312,products_number,2.0,-1.298,active_member,0.0,0.3804
15712903,0.1177,age,23.0,-1.2092,gender_Female,1.0,0.2492
15712930,0.6252,gender_Female,0.0,-0.3202,products_number,1.0,0.5375
15712938,0.0672,products_number,2.0,-1.7338,age,46.0,0.4379
15712960,0.1132,age,39.0,-0.6251,credit_utilization,1.2108308565780586,0.1114
15713043,0.0365,products_number,2.0,-1.2127,gender_Female,1.0,0.1784
15713094,0.0202,age,27.0,-1.3317,gender_Female,1.0,0.2248
15713144,0.4692,cidade_madrid,1.0,-0.6501,age,48.0,0.658
15713160,0.1089,age,26.0,-1.3202,limite_credito,208061.12,0.3953
15713267,0.0568,products_number,2.0,-1.1986,gender_Female,1.0,0.3589
15713346,0.0184,age,25.0,-1.538,products_number,1.0,0.1122
15713347,0.4958,estimated_salary,193580.32,-0.6215,age,50.0,1.2396
15713374,0.2519,active_member,1.0,-1.3062,limite_credito,275512.02,0.3554
15713378,0.0292,products_number,2.0,-1.338,active_member,0.0,0.3111
15713379,0.0155,products_number,2.0,-1.2909,balance,0.0,0.0273
15713479,0.0183,products_number,2.0,-1.2865,active_member,0.0,0.2973
15713517,0.0923,products_number,2.0,-0.8369,limite_credito,235570.99,0.4239
15713532,0.609,age,31.0,-1.1599,products_number,1.0,0.4224
15713559,0.0371,age,33.0,-1.1564,gender_Female,1.0,0.1534
15713578,0.123,products_number,2.0,-1.4424,age,51.0,1.1445
15713594,0.1338,age,34.0,-1.4013,active_member,0.0,0.3237
15713599,0.032,age,31.0,-1.1958,credit_utilization,0.33838732339561445,0.1692
15713604,0.021,products_number,2.0,-1.2946,limite_credito,426625.53,0.0937
15713608,0.0835,products_number,2.0,-1.4458,gender_Female,1.0,0.3723
15713621,0.0268,products_number,2.0,-1.3519,limite_credito,300925.22,0.3256
15713637,0.1079,age,36.0,-1.2465,active_member,0.0,0.3597
15713644,0.0293,products_number,2.0,-1.288,active_member,0.0,0.3074
15713673,0.1206,age,35.0,-1.1635,products_number,1.0,0.2177
15713769,0.178,age,39.0,-0.6172,products_number,1.0,0.5123
15713770,0.3877,gender_Female,0.0,-0.283,active_member,0.0,0.3681
15713819,0.4722,active_member,1.0,-0.5857,age,49.0,1.2367
15713843,0.0145,products_number,2.0,-1.3297,country_france,0.0,0.0236
15713853,0.1576,products_number,2.0,-1.3944,limite_credito,221576.18,0.324
15713854,0.0686,products_number,2.0,-1.386,active_member,0.0,0.26
15713890,0.027,products_number,2.0,-1.7349,age,45.0,0.4037
15713912,0.2427,active_member,1.0,-0.518,age,46.0,0.4223
15713949,0.1388,gender_Female,0.0,-0.5136,active_member,0.0,0.2863
15713983,0.1036,age,36.0,-1.0639,active_member,0.0,0.381
15714006,0.1129,age,37.0,-0.6991,gender_Female,1.0,0.1706
15714046,0.0716,age,34.0,-0.9582,limite_credito,225921.83,0.1479
15714057,0.0717,products_number,2.0,-1.4266,active_member,0.0,0.4036
15714080,0.1547,products_number,2.0,-1.2819,active_member,0.0,0.3214
15714087,0.7716,tenure,5.0,-0.3722,age,46.0,0.6183
15714227,0.6923,active_member,1.0,-0.7315,age,55.0,1.5318
15714240,0.1915,products_number,2.0,-1.1199,active_member,0.0,0.817
15714256,0.0426,age,31.0,-1.1407,estimated_salary,163625.56,0.1337
15714260,0.0873,products_number,2.0,-1.3987,active_member,0.0,0.3168
15714355,0.1952,age,34.0,-1.2984,country_germany,1.0,0.3637
15714380,0.0151,products_number,2.0,-1.3734,active_member,0.0,0.3184
15714397,0.061,age,32.0,-1.2131,limite_credito,197686.28,0.1361
15714431,0.0604,products_number,2.0,-0.8569,limite_credito,161572.96,0.2923
15714493,0.0373,products_number,2.0,-1.2452,gender_Female,1.0,0.2385
15714567,0.0423,products_number,2.0,-1.359,active_member,0.0,0.28
15714586,0.3177,active_member,1.0,-0.5542,age,44.0,0.2646
15714610,0.0276,products_number,2.0,-1.2878,credit_score,575.0,0.1871
15714634,0.101,age,27.0,-1.2651,limite_credito,112277.69,0.3203
15714642,0.4756,age,42.0,-0.4591,products_number,1.0,0.4857
15714658,0.0344,products_number,2.0,-1.2114,gender_Female,1.0,0.1754
15714680,0.0789,active_member,1.0,-1.0016,gender_Female,1.0,0.2392
15714750,0.2173,products_number,2.0,-1.1201,active_member,0.0,0.2554
15714789,0.1539,age,26.0,-1.3714,products_number,1.0,0.4627
15714832,0.4248,age,38.0,-0.8695,country_germany,1.0,0.5023
15714874,0.0644,products_number,2.0,-1.4618,gender_Female,1.0,0.3042
15714877,0.0312,age,31.0,-1.4121,active_member,0.0,0.2848
15714883,0.0496,age,26.0,-1.3843,products_number,1.0,0.1578
15714920,0.3943,tenure,7.0,-0.3927,age,45.0,0.6234
15714939,0.2258,age,35.0,-1.0283,products_number,1.0,0.4024
15714970,0.317,age,34.0,-1.3206,active_member,0.0,0.4704
15714993,0.3863,cidade_lyon,1.0,-0.474,active_member,0.0,0.3312
15715003,0.3667,active_member,1.0,-0.6804,age,50.0,1.0213
15715031,0.0282,products_number,2.0,-1.1951,gender_Female,1.0,0.1581
15715078,0.0605,products_number,2.0,-0.8972,limite_credito,372072.95,0.1343
15715079,0.3907,gender_Female,0.0,-0.3891,active_member,0.0,0.3682
15715117,0.3826,cidade_marseille,1.0,-0.4124,products_number,1.0,0.5376
15715160,0.0286,products_number,2.0,-1.011,limite_credito,89139.17,0.1322
15715184,0.1026,age,33.0,-1.2826,active_member,0.0,0.2936
15715199,0.0321,age,28.0,-1.1615,limite_credito,305656.79,0.1734
15715208,0.1345,age,35.0,-1.1049,country_germany,1.0,0.3855
15715297,0.3734,active_member,1.0,-0.4077,country_germany,1.0,0.2957
15715345,0.0325,age,26.0,-1.2877,active_member,0.0,0.3254
15715394,0.0685,age,36.0,-0.9298,limite_credito,301247.16,0.3187
15715414,0.2399,age,40.0,-0.7274,active_member,0.0,0.2998
15715465,0.1812,age,29.0,-1.5146,active_member,0.0,0.413
15715510,0.0448,products_number,2.0,-0.8234,limite_credito,154372.25,0.289
15715512,0.0653,age,31.0,-1.2841,country_germany,1.0,0.3467
15715519,0.0266,products_number,2.0,-1.3386,active_member,0.0,0.3131
15715527,0.4776,age,42.0,-0.5097,products_number,1.0,0.4535
15715532,0.4919,active_member,1.0,-0.4122,country_germany,1.0,0.5407
15715541,0.2649,estimated_salary,198193.75,-0.3766,age,44.0,0.3395
15715597,0.0874,age,38.0,-1.0478,active_member,0.0,0.2498
15715638,0.0087,active_member,1.0,-1.131,limite_credito,18954.3,0.2154
15715643,0.0182,products_number,2.0,-1.7107,age,46.0,0.399
15715667,0.0303,age,34.0,-1.3426,active_member,0.0,0.2632
15715707,0.0239,age,33.0,-1.1585,limite_credito,73332.93,0.1628
15715709,0.4854,active_member,1.0,-0.4666,country_germany,1.0,0.4286
15715715,0.0153,products_number,2.0,-1.4856,balance,0.0,0.0658
15715744,0.4948,gender_Female,0.0,-0.3734,products_number,1.0,0.5919
15715745,0.0849,age,28.0,-1.329,gender_Female,1.0,0.2318
15715769,0.0297,age,27.0,-1.6029,products_number,1.0,0.1666
15715796,0.0211,products_number,2.0,-1.3729,balance,0.0,0.1164
15715877,0.0239,age,29.0,-1.3772,active_member,0.0,0.3106
15715888,0.1632,age,39.0,-0.6473,products_number,1.0,0.1829
15715939,0.017,age,34.0,-1.2591,active_member,0.0,0.2973
15715941,0.0434,products_number,2.0,-1.6394,age,56.0,1.4673
15715951,0.3258,cidade_nice,1.0,-0.4413,active_member,0.0,0.4064
15715988,0.0104,products_number,2.0,-1.3821,balance,0.0,0.0464
15716000,0.0382,products_number,2.0,-1.6072,age,50.0,0.936
15716023,0.0111,products_number,2.0,-1.3442,estimated_salary,182270.88,0.0882
15716024,0.0257,products_number,2.0,-1.6338,active_member,0.0,0.3466
15716041,0.0131,products_number,2.0,-1.3643,country_france,0.0,0.0069
15716082,0.0832,age,40.0,-0.7621,active_member,0.0,0.3146
15716134,0.1099,products_number,2.0,-0.9804,limite_credito,260220.77,0.4011
15716155,0.1833,age,38.0,-0.7839,active_member,0.0,0.3345
15716164,0.396,cidade_nice,1.0,-0.3529,active_member,0.0,0.3109
15716186,0.0608,products_number,2.0,-1.4244,active_member,0.0,0.2774
15716218,0.4878,active_member,1.0,-0.3785,age,47.0,0.9254
15716236,0.0188,products_number,2.0,-1.2414,active_member,0.0,0.3677
15716276,0.1526,age,36.0,-1.1684,active_member,0.0,0.2878
15716284,0.0238,products_number,2.0,-1.6388,age,45.0,0.4207
15716324,0.0659,age,24.0,-1.3609,gender_Female,1.0,0.2413
15716328,0.0871,products_number,2.0,-1.436,gender_Female,1.0,0.2622
15716334,0.3264,active_member,1.0,-0.5515,age,46.0,0.4697
15716347,0.0477,products_number,2.0,-1.2944,limite_credito,288750.37,0.304
15716420,0.0374,cidade_madrid,1.0,-0.5611,products_number,1.0,0.042
15716431,0.2019,age,31.0,-0.9078,balance,191091.74,0.6716
15716449,0.1294,age,35.0,-1.0774,active_member,0.0,0.3668
15716501,0.0495,age,34.0,-1.1892,products_number,1.0,0.1996
15716518,0.052,age,28.0,-1.4744,gender_Female,1.0,0.2209
15716605,0.0814,age,26.0,-1.3842,active_member,0.0,0.3142
15716619,0.2731,age,38.0,-0.6568,products_number,1.0,0.3256
15716728,0.1227,products_number,2.0,-1.2587,gender_Female,1.0,0.3205
15716800,0.014,products_number,2.0,-1.2568,credit_score,582.0,0.061
15716822,0.0547,age,32.0,-1.197,products_number,1.0,0.1608
15716835,0.1085,age,25.0,-1.2201,cidade_paris,1.0,0.2176
15716984,0.7037,products_number,2.0,-1.1275,age,57.0,2.2999
15717010,0.2644,active_member,1.0,-1.0695,age,61.0,0.6571
15717046,0.0347,products_number,2.0,-1.5661,age,54.0,1.3769
15717056,0.2618,age,27.0,-1.5447,products_number,1.0,0.4134
15717065,0.177,age,37.0,-0.8219,active_member,0.0,0.3309
15717138,0.0586,age,32.0,-1.2499,active_member,0.0,0.3255
15717156,0.0294,age,32.0,-0.9177,limite_credito,336061.06,0.2298
15717164,0.0366,age,34.0,-1.0209,limite_credito,127119.93,0.3605
15717185,0.0091,age,29.0,-1.2577,estimated_salary,64286.39,0.012
15717225,0.0455,age,23.0,-1.2445,active_member,0.0,0.2562
15717231,0.4666,age,39.0,-0.8147,country_germany,1.0,0.4831
15717290,0.0994,products_number,2.0,-1.326,limite_credito,200828.17,0.3739
15717307,0.0237,age,33.0,-1.324,active_member,0.0,0.2996
15717426,0.1254,age,37.0,-0.8244,products_number,1.0,0.5257
15717498,0.1024,products_number,2.0,-1.1689,limite_credito,189888.66,0.3517
15717527,0.7239,cidade_paris,1.0,-0.2981,age,50.0,0.9966
15717629,0.142,products_number,2.0,-1.26,limite_credito,171016.9,0.3171
15717643,0.0679,age,36.0,-0.8608,gender_Female,1.0,0.1626
15717700,0.0511,age,36.0,-0.9233,limite_credito,85812.82,0.2006
15717706,0.0549,age,34.0,-1.1834,gender_Female,1.0,0.1683
15717736,0.3171,products_number,2.0,-1.1124,age,47.0,0.7062
15717879,0.0525,age,81.0,-0.9828,gender_Female,1.0,0.1936
15717893,0.474,age,38.0,-0.8551,country_germany,1.0,0.5464
15717898,0.0903,age,33.0,-1.1314,products_number,1.0,0.1184
15717935,0.0202,age,23.0,-1.3547,gender_Female,1.0,0.1628
15717937,0.7069,tenure,5.0,-0.3696,products_number,1.0,0.4209
15717962,0.1273,active_member,1.0,-1.3576,age,64.0,0.7538
15717995,0.0065,products_number,2.0,-1.2189,cidade_frankfurt,0.0,0.0081
15718039,0.3309,products_number,2.0,-1.0893,age,49.0,1.1532
15718064,0.0294,products_number,2.0,-1.3707,active_member,0.0,0.3148
15718106,0.0264,products_number,2.0,-1.3308,active_member,0.0,0.2726
15718153,0.0531,age,76.0,-1.0721,gender_Female,1.0,0.0924
15718216,0.4505,gender_Female,0.0,-0.3687,products_number,1.0,0.5111
15718231,0.039,age,29.0,-1.2776,limite_credito,89909.98,0.1565
15718245,0.0117,products_number,2.0,-1.3333,credit_utilization,,0.0138
15718247,0.1064,products_number,2.0,-1.4582,age,47.0,0.5757
15718280,0.0503,products_number,2.0,-1.4417,limite_credito,124552.48,0.3062
15718406,0.0497,products_number,2.0,-1.6534,active_member,0.0,0.3376
15718443,0.038,products_number,2.0,-1.4997,active_member,0.0,0.38
15718454,0.1128,products_number,2.0,-1.3411,active_member,0.0,0.308
15718572,0.2934,products_number,2.0,-1.223,age,58.0,1.4542
15718588,0.0593,products_number,2.0,-1.3449,active_member,0.0,0.2734
15718667,0.1129,age,37.0,-0.9561,active_member,0.0,0.3132
15718673,0.2026,age,35.0,-1.1358,active_member,0.0,0.3819
15718769,0.1449,age,38.0,-1.0252,active_member,0.0,0.3596
15718773,0.0378,age,34.0,-1.4102,active_member,0.0,0.2197
15718779,0.0602,age,36.0,-1.1508,products_number,1.0,0.4575
15718780,0.1263,age,34.0,-1.0709,gender_Female,1.0,0.1626
15718789,0.026,products_number,2.0,-1.2189,active_member,0.0,0.3098
15718839,0.1222,products_number,2.0,-1.1576,gender_Female,1.0,0.2517
15718843,0.248,age,42.0,-0.4994,active_member,0.0,0.4243
15718852,0.3655,active_member,1.0,-0.8882,age,57.0,1.5757
15718921,0.0431,age,33.0,-1.183,country_france,0.0,0.0604
15718944,0.0507,products_number,2.0,-1.4069,gender_Female,1.0,0.2409
15719017,0.041,products_number,2.0,-1.1245,gender_Female,1.0,0.2855
15719090,0.2042,age,36.0,-1.0605,products_number,1.0,0.3
15719170,0.0688,age,32.0,-1.3021,estimated_salary,179435.21,0.1629
15719212,0.0675,age,35.0,-1.2427,active_member,0.0,0.3426
15719265,0.0796,products_number,2.0,-1.6698,age,48.0,0.5427
15719276,0.1313,age,36.0,-1.0741,active_member,0.0,0.3575
15719294,0.0517,products_number,2.0,-1.3064,active_member,0.0,0.287
15719309,0.2061,products_number,2.0,-0.8936,limite_credito,317210.26,0.3072
15719352,0.2081,products_number,2.0,-0.7611,limite_credito,111078.87,0.4447
15719479,0.1553,products_number,2.0,-1.3697,age,57.0,1.4934
15719541,0.0785,age,33.0,-1.3241,active_member,0.0,0.3778
15719561,0.427,tenure,5.0,-0.5273,products_number,3.0,2.0927
15719579,0.0515,age,34.0,-1.119,limite_credito,201245.2,0.1783
15719606,0.2609,products_number,2.0,-1.5082,age,52.0,1.4455
15719649,0.1508,age,39.0,-0.8741,active_member,0.0,0.3193
15719778,0.0204,age,34.0,-1.432,active_member,0.0,0.2908
15719779,0.1218,age,26.0,-1.3314,active_member,0.0,0.3632
15719793,0.0362,active_member,1.0,-1.3529,age,64.0,0.9604
15719809,0.0869,age,34.0,-1.22,active_member,0.0,0.3276
15719827,0.2213,age,38.0,-0.9411,products_number,1.0,0.4904
15719856,0.5773,active_member,1.0,-0.3554,age,47.0,0.837
15719858,0.0457,products_number,2.0,-1.2848,gender_Female,1.0,0.2484
15719898,0.0452,products_number,2.0,-0.898,limite_credito,239451.4,0.4078
15719931,0.0122,products_number,2.0,-1.3087,active_member,0.0,0.2751
15719950,0.203,active_member,1.0,-1.3236,age,63.0,0.6459
15719958,0.0559,products_number,2.0,-1.2618,limite_credito,290545.71,0.368
15720050,0.091,age,30.0,-1.7348,active_member,0.0,0.3701
15720083,0.0373,products_number,2.0,-1.5921,age,44.0,0.1582
15720110,0.0442,age,34.0,-1.2256,products_number,1.0,0.1252
15720123,0.0427,products_number,2.0,-1.3793,active_member,0.0,0.3941
15720134,0.0923,products_number,2.0,-1.0595,limite_credito,154079.71,0.3252
15720187,0.1422,age,31.0,-1.1325,active_member,0.0,0.3004
15720203,0.1933,age,29.0,-1.208,products_number,1.0,0.485
15720284,0.5895,age,38.0,-0.7746,products_number,1.0,0.4589
15720338,0.2065,active_member,1.0,-1.0959,age,56.0,1.4967
15720353,0.0359,products_number,2.0,-1.4765,active_member,0.0,0.3847
15720354,0.0223,products_number,2.0,-1.2539,credit_score,581.0,0.0955
15720463,0.0417,age,32.0,-1.1985,limite_credito,189604.15,0.2898
15720508,0.0579,age,33.0,-1.755,active_member,0.0,0.3249
15720509,0.0569,age,35.0,-1.0072,products_number,1.0,0.1662
15720644,0.0152,age,29.0,-1.3495,active_member,0.0,0.1824
15720649,0.1569,age,37.0,-0.9961,active_member,0.0,0.3146
15720662,0.0605,age,36.0,-1.0769,gender_Female,1.0,0.1808
15720671,0.1118,products_number,2.0,-1.1184,limite_credito,283513.89,0.3244
15720676,0.0793,products_number,2.0,-1.3563,gender_Female,1.0,0.2932
15720706,0.2279,active_member,1.0,-0.4231,gender_Female,1.0,0.133
15720713,0.0304,products_number,2.0,-1.2634,gender_Female,1.0,0.2416
15720725,0.0176,products_number,2.0,-1.2735,active_member,0.0,0.2728
15720745,0.0788,age,26.0,-1.2244,credit_utilization,0.5309467717427171,0.0861
15720814,0.1331,products_number,2.0,-1.1283,active_member,0.0,0.3014
15720820,0.038,age,25.0,-1.396,gender_Female,1.0,0.1568
15720838,0.1705,age,32.0,-0.9451,gender_Female,1.0,0.1597
15720847,0.0221,products_number,2.0,-1.3782,balance,0.0,0.0586
15720893,0.0447,products_number,2.0,-1.2808,active_member,0.0,0.2926
15720910,0.1219,active_member,1.0,-1.2746,products_number,1.0,0.3024
15720924,0.0918,age,35.0,-1.1691,products_number,1.0,0.4366
15720941,0.017,products_number,2.0,-1.2266,limite_credito,412610.33,0.1819
15721019,0.1574,age,26.0,-1.4298,active_member,0.0,0.3403
15721024,0.0754,age,27.0,-1.6253,products_number,1.0,0.4404
15721181,0.0875,products_number,2.0,-1.6952,age,48.0,0.4853
15721189,0.0393,active_member,1.0,-1.2869,age,68.0,0.2507
15721207,0.6122,gender_Female,0.0,-0.3186,products_number,1.0,0.4082
15721251,0.2835,active_member,1.0,-0.503,gender_Female,1.0,0.1598
15721292,0.033,products_number,2.0,-1.3916,active_member,0.0,0.3072
15721303,0.1607,age,36.0,-1.0978,active_member,0.0,0.4286
15721307,0.1281,products_number,2.0,-0.9877,limite_credito,232386.0,0.3583
15721377,0.088,age,35.0,-1.2225,active_member,0.0,0.3109
15721383,0.0233,products_number,2.0,-1.5561,credit_score,999.0,0.1269
15721433,0.1162,products_number,2.0,-1.1282,active_member,0.0,0.288
15721469,0.1435,products_number,2.0,-1.4833,age,47.0,0.4099
15721487,0.1612,age,28.0,-1.5323,products_number,1.0,0.539
15721504,0.0428,products_number,2.0,-1.396,active_member,0.0,0.3947
15721569,0.7617,active_member,1.0,-0.7441,age,57.0,1.4025
15721585,0.0195,products_number,2.0,-1.0975,limite_credito,329116.06,0.2304
15721592,0.0725,products_number,2.0,-1.4062,gender_Female,1.0,0.3703
15721715,0.2322,active_member,1.0,-0.4173,gender_Female,1.0,0.1839
15721719,0.0811,products_number,2.0,-0.9626,limite_credito,228439.08,0.3582
15721730,0.2751,products_number,2.0,-1.4813,active_member,0.0,0.418
15721740,0.2559,estimated_salary,195937.16,-0.5932,age,52.0,1.1917
15721779,0.1091,products_number,2.0,-0.9137,limite_credito,174136.46,0.3909
15721793,0.565,active_member,1.0,-0.5761,age,52.0,1.0668
15721835,0.1398,age,26.0,-1.4401,products_number,1.0,0.5189
15721917,0.0896,age,40.0,-0.5493,products_number,1.0,0.1947
15721921,0.2006,active_member,1.0,-0.5041,age,46.0,0.5837
15721935,0.0207,products_number,2.0,-1.1892,estimated_salary,157878.67,0.1011
15722004,0.1363,age,32.0,-1.5257,active_member,0.0,0.3543
15722037,0.2269,age,38.0,-0.6112,country_germany,1.0,0.5081
15722053,0.0197,products_number,2.0,-1.357,credit_score,576.0,0.0553
15722061,0.2378,products_number,2.0,-1.3574,active_member,0.0,0.2516
15722072,0.2289,active_member,1.0,-1.0484,age,55.0,1.5696
15722090,0.2283,active_member,1.0,-0.807,age,53.0,1.319
15722212,0.1335,products_number,2.0,-1.3182,active_member,0.0,0.3504
15722322,0.0292,products_number,2.0,-1.1053,gender_Female,1.0,0.1973
15722350,0.2794,age,39.0,-0.5166,products_number,1.0,0.3852
15722364,0.1135,products_number,2.0,-1.1563,age,45.0,0.3742
15722404,0.0264,products_number,2.0,-1.2485,gender_Female,1.0,0.1878
15722409,0.2355,active_member,1.0,-0.7324,age,49.0,1.039
15722425,0.0169,age,33.0,-1.3825,active_member,0.0,0.3257
15722473,0.0337,products_number,2.0,-1.6757,active_member,0.0,0.3394
15722479,0.0165,products_number,2.0,-1.4049,balance,0.0,0.0214
15722532,0.0875,age,38.0,-0.7263,gender_Female,1.0,0.2814
15722533,0.0707,products_number,2.0,-1.4058,gender_Female,1.0,0.3095
15722535,0.1069,age,35.0,-1.0567,gender_Female,1.0,0.2539
15722548,0.6188,cidade_nantes,1.0,-0.3627,age,49.0,1.1934
15722578,0.1558,age,23.0,-1.3368,products_number,1.0,0.2945
15722583,0.0895,age,30.0,-1.097,gender_Female,1.0,0.1959
15722599,0.0933,age,38.0,-0.9324,active_member,0.0,0.2541
15722611,0.4129,active_member,1.0,-0.6989,age,54.0,1.489
15722692,0.1278,age,39.0,-0.9556,active_member,0.0,0.3318
15722701,0.2575,age,20.0,-1.6194,country_germany,1.0,0.41
15722758,0.0326,products_number,2.0,-1.5077,active_member,0.0,0.3071
15722813,0.1174,age,31.0,-1.062,active_member,0.0,0.3592
15722845,0.0509,age,30.0,-1.0116,limite_credito,302032.93,0.2775
15722993,0.1172,age,28.0,-1.4871,active_member,0.0,0.3445
15723006,0.0189,products_number,2.0,-1.4143,balance,999999.99,0.052
15723013,0.0265,age,30.0,-1.1356,limite_credito,112675.74,0.2267
15723028,0.0172,products_number,2.0,-1.239,active_member,0.0,0.3546
15723053,0.0147,products_number,2.0,-1.0618,limite_credito,479795.92,0.1043
15723064,0.0944,age,26.0,-1.2628,active_member,0.0,0.3389
15723105,0.231,age,29.0,-1.2015,products_number,1.0,0.4712
15723153,0.0123,products_number,2.0,-1.3333,active_member,0.0,0.2876
15723169,0.1068,age,33.0,-1.4406,active_member,0.0,0.3341
15723216,0.1685,age,35.0,-0.9712,country_germany,1.0,0.3259
15723217,0.1402,age,39.0,-0.9221,products_number,1.0,0.525
15723250,0.0278,products_number,2.0,-1.628,credit_score,519.0,0.0986
15723320,0.132,age,27.0,-1.4493,active_member,0.0,0.2895
15723339,0.1414,products_number,2.0,-0.879,limite_credito,169198.36,0.2883
15723373,0.3408,age,35.0,-0.9842,active_member,0.0,0.3908
15723400,0.0208,products_number,2.0,-1.2169,estimated_salary,123969.64,0.0413
15723411,0.1573,age,37.0,-0.5943,gender_Female,1.0,0.1598
15723481,0.025,products_number,2.0,-1.5681,balance,0.0,0.0388
15723484,0.8046,tenure,1.0,-0.1177,country_germany,1.0,0.4116
15723604,0.3307,gender_Female,0.0,-0.3327,active_member,0.0,0.3491
15723613,0.0536,age,29.0,-1.3715,active_member,0.0,0.2886
15723620,0.0195,products_number,2.0,-1.6299,credit_utilization,,0.0487
15723654,0.0417,age,26.0,-1.6172,active_member,0.0,0.3352
15723671,0.0552,age,37.0,-1.0512,active_member,0.0,0.2199
15723685,0.1165,age,28.0,-1.4316,active_member,0.0,0.335
15723706,0.1827,age,35.0,-1.2846,active_member,0.0,0.3479
15723721,0.0912,age,31.0,-1.3177,active_member,0.0,0.3405
15723737,0.1507,age,28.0,-1.6611,products_number,1.0,0.4719
15723786,0.0977,products_number,2.0,-1.2682,active_member,0.0,0.3252
15723818,0.1223,age,38.0,-0.9161,limite_credito,216009.58,0.3303
15723827,0.0866,age,31.0,-1.317,active_member,0.0,0.4067
15723851,0.1903,cidade_madrid,1.0,-0.6301,products_number,1.0,0.4582
15723856,0.052,age,30.0,-1.2354,limite_credito,152291.3,0.2396
15723858,0.0217,products_number,2.0,-1.455,credit_score,517.0,0.1753
15723872,0.103,products_number,2.0,-1.4102,age,48.0,0.7749
15723873,0.1587,age,33.0,-1.3172,active_member,0.0,0.3973
15723884,0.0247,products_number,2.0,-1.5259,active_member,0.0,0.3394
15723886,0.1176,age,21.0,-1.0528,limite_credito,207260.59,0.3381
15723894,0.3415,tenure,7.0,-0.4496,age,46.0,0.5134
15723907,0.4141,products_number,2.0,-1.1262,age,51.0,1.4534
15723989,0.0816,products_number,2.0,-1.1749,estimated_salary,179473.26,0.3891
15724099,0.0461,age,27.0,-1.2898,limite_credito,466534.09,0.1275
15724127,0.0668,age,28.0,-1.3908,active_member,0.0,0.2684
15724145,0.2773,age,30.0,-1.4189,active_member,0.0,0.4146
15724150,0.4585,active_member,1.0,-0.4912,age,49.0,1.2165
15724200,0.1014,age,40.0,-0.438,products_number,1.0,0.1342
15724269,0.0108,products_number,2.0,-1.2189,credit_utilization,,0.0499
15724282,0.1461,products_number,2.0,-1.1871,age,45.0,0.4016
15724296,0.1833,products_number,2.0,-0.9706,limite_credito,162330.07,0.3901
15724307,0.0238,active_member,1.0,-1.022,products_number,1.0,0.0765
15724334,0.1512,age,24.0,-1.5292,products_number,1.0,0.4378
15724336,0.7075,balance,171601.27,-0.5155,age,51.0,1.1104
15724402,0.0633,age,32.0,-1.2478,active_member,0.0,0.3413
15724423,0.2502,products_number,2.0,-0.9271,limite_credito,130175.73,0.3182
15724428,0.0285,products_number,2.0,-1.5003,active_member,0.0,0.3402
15724443,0.2299,age,31.0,-1.1451,products_number,1.0,0.312
15724444,0.1313,products_number,2.0,-0.7993,limite_credito,331267.85,0.3125
15724453,0.1541,age,24.0,-1.5179,products_number,1.0,0.4767
15724466,0.5312,estimated_salary,197548.63,-0.466,products_number,1.0,0.4415
15724527,0.0195,products_number,2.0,-1.2699,estimated_salary,31933.06,0.0731
15724536,0.0267,products_number,2.0,-1.1993,gender_Female,1.0,0.2162
15724543,0.0347,products_number,2.0,-1.2739,age,63.0,0.921
15724563,0.2454,products_number,2.0,-1.1496,age,44.0,0.2428
15724620,0.178,age,39.0,-0.8348,active_member,0.0,0.3339
15724632,0.0406,products_number,2.0,-1.3999,gender_Female,1.0,0.1064
15724648,0.0523,age,27.0,-1.6657,active_member,0.0,0.3523
15724663,0.1155,products_number,2.0,-1.3536,gender_Female,1.0,0.3055
15724684,0.4476,tenure,5.0,-0.3767,age,47.0,0.5431
15724691,0.0145,products_number,2.0,-1.323,balance,0.0,0.0972
15724719,0.3256,age,24.0,-1.2305,active_member,0.0,0.3827
15724764,0.2115,products_number,2.0,-1.2547,active_member,0.0,0.3615
15724834,0.0281,age,31.0,-1.4267,active_member,0.0,0.2569
15724838,0.6768,cidade_nice,1.0,-0.3343,products_number,1.0,0.4885
15724851,0.3219,age,33.0,-1.36,active_member,0.0,0.4156
15724876,0.1445,age,40.0,-0.4905,gender_Female,1.0,0.1631
15724889,0.1902,age,39.0,-0.5764,products_number,1.0,0.4829
15724890,0.1405,age,38.0,-0.9373,active_member,0.0,0.3112
15724924,0.2279,age,38.0,-0.6354,gender_Female,1.0,0.2053
15724944,0.0201,products_number,2.0,-1.2841,estimated_salary,180427.24,0.1191
15724955,0.0305,products_number,2.0,-1.3688,active_member,0.0,0.3379
15725002,0.0296,products_number,2.0,-1.314,active_member,0.0,0.3423
15725024,0.0939,products_number,2.0,-1.2142,country_germany,1.0,0.1589
15725028,0.0158,products_number,2.0,-1.213,estimated_salary,63687.06,0.0484
15725036,0.1928,active_member,1.0,-0.5675,age,43.0,0.2531
15725039,0.0497,age,33.0,-1.2309,products_number,1.0,0.1523
15725068,0.0499,products_number,2.0,-1.1336,gender_Female,1.0,0.2714
15725076,0.0383,age,28.0,-1.2162,gender_Female,1.0,0.1661
15725094,0.1919,age,39.0,-0.5213,products_number,1.0,0.196
15725166,0.0121,age,32.0,-1.3575,active_member,0.0,0.314
15725221,0.1969,active_member,1.0,-1.2144,age,63.0,0.8229
15725302,0.0792,products_number,2.0,-1.294,active_member,0.0,0.2906
15725311,0.0506,age,33.0,-1.2395,limite_credito,245967.77,0.2257
15725355,0.4518,active_member,1.0,-0.4389,products_number,1.0,0.4581
15725429,0.1263,age,35.0,-0.9681,country_germany,1.0,0.3717
15725478,0.0847,products_number,2.0,-1.3262,age,62.0,0.9891
15725509,0.0836,products_number,2.0,-1.0699,limite_credito,130676.91,0.2916
15725511,0.0969,age,33.0,-1.3126,products_number,1.0,0.177
15725639,0.1308,active_member,1.0,-1.1488,age,64.0,0.5792
15725660,0.0466,age,21.0,-1.5892,active_member,0.0,0.3541
15725664,0.2244,age,40.0,-0.696,active_member,0.0,0.2195
15725698,0.1477,age,36.0,-0.8703,products_number,1.0,0.1145
15725737,0.032,products_number,2.0,-1.7804,age,48.0,0.8198
15725762,0.062,age,25.0,-1.5843,active_member,0.0,0.3103
15725767,0.0301,age,25.0,-1.29,active_member,0.0,0.3113
15725772,0.0896,products_number,2.0,-1.2567,gender_Female,1.0,0.3107
15725776,0.2496,age,26.0,-1.4471,country_germany,1.0,0.4264
15725811,0.026,age,26.0,-1.6191,products_number,1.0,0.1348
15725818,0.4472,active_member,1.0,-0.412,country_germany,1.0,0.5713
15725882,0.1709,products_number,2.0,-1.215,gender_Female,1.0,0.213
15726032,0.0698,age,34.0,-1.4596,active_member,0.0,0.3349
15726046,0.1245,age,28.0,-1.5297,active_member,0.0,0.2863
15726058,0.0983,age,28.0,-1.0669,cidade_cologne,1.0,0.3024
15726087,0.2705,active_member,1.0,-1.1226,age,63.0,0.6713
15726088,0.4194,gender_Female,0.0,-0.2973,products_number,1.0,0.5988
15726153,0.0336,age,32.0,-1.1341,products_number,1.0,0.1307
15726167,0.0304,products_number,2.0,-1.4061,credit_score,655.0,0.0337
15726178,0.3276,products_number,2.0,-1.4547,age,49.0,0.9955
15726186,0.1156,age,30.0,-1.2404,active_member,0.0,0.3339
15726234,0.5034,active_member,1.0,-0.4207,products_number,1.0,0.4776
15726250,0.1214,products_number,2.0,-0.9234,limite_credito,225905.7,0.3027
15726267,0.025,age,34.0,-1.037,limite_credito,77047.7,0.1506
15726289,0.1063,age,26.0,-1.4526,active_member,0.0,0.3709
15726310,0.0531,age,28.0,-1.4349,active_member,0.0,0.2936
15726313,0.3189,products_number,2.0,-1.3762,age,52.0,1.2911
15726354,0.2266,age,34.0,-1.2866,active_member,0.0,0.3841
15726358,0.0264,products_number,2.0,-1.2326,active_member,0.0,0.2825
15726466,0.2849,cidade_nantes,1.0,-0.3354,age,45.0,0.4371
15726484,0.0808,age,38.0,-0.7522,products_number,1.0,0.1333
15726487,0.123,active_member,1.0,-1.2294,age,65.0,0.6136
15726556,0.0968,age,28.0,-1.479,active_member,0.0,0.2917
15726557,0.4316,cidade_bordeaux,1.0,-0.3505,active_member,0.0,0.3458
15726588,0.0561,products_number,2.0,-1.3371,active_member,0.0,0.285
15726589,0.4131,balance,82531.11,-0.4744,active_member,0.0,0.4455
15726631,0.2721,active_member,1.0,-0.4265,gender_Female,1.0,0.2404
15726634,0.6517,gender_Female,0.0,-0.3634,age,49.0,1.1329
15726676,0.0096,products_number,2.0,-1.3841,credit_utilization,,0.0133
15726695,0.1409,age,21.0,-1.1598,active_member,0.0,0.3067
15726747,0.164,active_member,1.0,-1.2453,age,65.0,0.6957
15726774,0.0749,age,37.0,-1.037,active_member,0.0,0.2939
15726776,0.1115,age,37.0,-0.7126,products_number,1.0,0.1581
15726796,0.043,age,39.0,-0.6436,limite_credito,277706.44,0.0963
15726832,0.4332,active_member,1.0,-1.0373,age,63.0,0.9955
15727021,0.1053,age,32.0,-1.1616,gender_Female,1.0,0.2019
15727041,0.013,products_number,2.0,-1.2333,balance,0.0,0.0577
15727059,0.1625,products_number,2.0,-1.4408,gender_Female,1.0,0.2398
15727138,0.0556,products_number,2.0,-1.6444,age,48.0,0.8228
15727198,0.094,age,29.0,-1.4633,active_member,0.0,0.3185
15727251,0.081,age,32.0,-1.3948,active_member,0.0,0.3632
15727281,0.0321,age,28.0,-1.4888,active_member,0.0,0.2884
15727291,0.0877,products_number,2.0,-1.3683,active_member,0.0,0.2977
15727311,0.0427,age,23.0,-1.3586,limite_credito,107475.13,0.1986
15727350,0.1716,age,39.0,-0.8361,active_member,0.0,0.306
15727361,0.2154,products_number,2.0,-1.4324,age,53.0,1.3681
15727391,0.0688,age,30.0,-1.2497,active_member,0.0,0.3788
15727408,0.055,age,29.0,-1.4062,active_member,0.0,0.3536
15727421,0.0626,products_number,2.0,-1.3175,gender_Female,1.0,0.2966
15727467,0.0472,age,29.0,-1.3921,active_member,0.0,0.2944
15727499,0.1631,products_number,2.0,-1.2573,active_member,0.0,0.2751
15727539,0.0616,products_number,2.0,-1.2676,active_member,0.0,0.2892
15727556,0.1176,age,27.0,-1.1307,estimated_salary,181694.44,0.17
15727605,0.1522,products_number,2.0,-1.3341,age,45.0,0.4613
15727688,0.0203,products_number,2.0,-1.2489,estimated_salary,54405.79,0.0188
15727696,0.1154,products_number,2.0,-0.9802,limite_credito,262786.41,0.4587
15727703,0.2907,age,36.0,-1.142,country_germany,1.0,0.5363
15727819,0.0748,age,35.0,-0.8479,gender_Female,1.0,0.2117
15727829,0.0281,products_number,2.0,-1.7492,estimated_salary,167984.61,0.1235
15727857,0.0336,products_number,2.0,-1.5006,active_member,0.0,0.3249
15727915,0.1345,age,37.0,-1.0875,active_member,0.0,0.2246
15727919,0.0956,products_number,2.0,-1.2982,active_member,0.0,0.3178
15727944,0.6872,active_member,1.0,-0.5337,age,50.0,1.2912
15728005,0.8863,products_number,2.0,-0.769,age,59.0,2.2463
15728006,0.4324,age,41.0,-0.3831,active_member,0.0,0.3325
15728010,0.0203,products_number,2.0,-1.4244,estimated_salary,170226.47,0.2639
15728012,0.2889,age,42.0,-0.5215,active_member,0.0,0.3136
15728043,0.192,products_number,2.0,-0.9937,active_member,0.0,0.2986
15728078,0.0217,age,28.0,-1.5123,products_number,1.0,0.0677
15728082,0.0384,products_number,2.0,-1.3016,active_member,0.0,0.336
15728167,0.427,country_germany,0.0,-0.3223,age,46.0,0.6016
15728333,0.3029,active_member,1.0,-0.4314,age,45.0,0.5883
15728352,0.0715,age,28.0,-1.5941,active_member,0.0,0.3389
15728362,0.0506,age,30.0,-1.3695,active_member,0.0,0.3011
15728474,0.1901,age,33.0,-1.3619,country_germany,1.0,0.3383
15728480,0.0313,products_number,2.0,-1.2915,gender_Female,1.0,0.1987
15728505,0.1102,products_number,2.0,-1.0519,age,46.0,0.469
15728523,0.1225,active_member,1.0,-0.4244,products_number,1.0,0.1772
15728542,0.0609,products_number,2.0,-1.0459,gender_Female,1.0,0.2235
15728605,0.024,products_number,2.0,-1.6129,estimated_salary,26543.28,0.0602
15728608,0.0733,products_number,2.0,-1.1363,gender_Female,1.0,0.2012
15728683,0.0129,products_number,2.0,-1.1959,cidade_frankfurt,0.0,0.0092
15728693,0.7146,active_member,1.0,-0.3841,age,45.0,0.6623
15728709,0.1372,products_number,2.0,-1.338,active_member,0.0,0.361
15728773,0.0907,products_number,2.0,-1.5404,age,48.0,0.8844
15728823,0.0813,products_number,2.0,-1.2316,gender_Female,1.0,0.3901
15728829,0.1128,age,20.0,-1.0768,active_member,0.0,0.323
15728885,0.1878,gender_Female,0.0,-0.51,products_number,1.0,0.4968
15728906,0.0135,products_number,2.0,-1.2436,estimated_salary,161579.85,0.1865
15728912,0.5575,cidade_nice,1.0,-0.3045,age,46.0,0.4625
15729018,0.0784,age,35.0,-1.0132,gender_Female,1.0,0.1726
15729019,0.097,age,35.0,-1.1889,active_member,0.0,0.4134
15729040,0.0289,products_number,2.0,-1.6587,active_member,0.0,0.3296
15729054,0.106,age,34.0,-1.4596,country_germany,1.0,0.269
15729065,0.0702,age,29.0,-1.0761,limite_credito,124304.89,0.2668
15729083,0.1039,age,38.0,-0.6762,products_number,1.0,0.1569
15729087,0.2388,products_number,2.0,-1.0703,age,55.0,1.4984
15729117,0.057,age,33.0,-1.4242,gender_Female,1.0,0.172
15729224,0.0676,products_number,2.0,-1.3702,active_member,0.0,0.2741
15729246,0.0096,products_number,2.0,-1.2214,salary_missing_flag,0.0,0.0084
15729279,0.1335,age,27.0,-1.512,active_member,0.0,0.2968
15729359,0.0388,products_number,2.0,-1.218,gender_Female,1.0,0.3088
15729362,0.1382,age,38.0,-1.0458,active_member,0.0,0.2878
15729377,0.0094,products_number,2.0,-1.4638,balance,0.0,0.0118
15729412,0.0735,age,39.0,-0.6103,products_number,1.0,0.0794
15729435,0.0162,products_number,2.0,-1.5796,balance,0.0,0.0276
15729454,0.0148,products_number,2.0,-1.3061,active_member,0.0,0.2912
15729515,0.0348,products_number,2.0,-0.8809,limite_credito,154758.67,0.2775
15729574,0.0209,products_number,2.0,-1.2555,balance,0.0,0.0242
15729582,0.7272,balance,80697.44,-0.3942,age,49.0,1.0886
15729668,0.2157,age,30.0,-1.3743,active_member,0.0,0.3525
15729689,0.1173,products_number,2.0,-1.0864,limite_credito,99682.31,0.2816
15729763,0.072,age,36.0,-0.9623,products_number,1.0,0.1351
15729804,0.0106,products_number,2.0,-1.2177,balance,0.0,0.0273
15729832,0.0451,age,30.0,-1.8532,active_member,0.0,0.3361
15729908,0.2241,age,38.0,-0.9785,products_number,1.0,0.4616
15729956,0.0484,age,28.0,-1.3123,gender_Female,1.0,0.1976
15729958,0.153,age,39.0,-0.647,products_number,1.0,0.5539
15729970,0.1509,age,30.0,-1.3944,country_germany,1.0,0.3462
15729975,0.4213,tenure,8.0,-0.4726,age,47.0,0.8565
15730059,0.1101,products_number,2.0,-0.875,age,46.0,0.4128
15730150,0.134,age,38.0,-1.0587,active_member,0.0,0.3227
15730161,0.0748,products_number,2.0,-1.4082,gender_Female,1.0,0.3272
15730272,0.2331,active_member,1.0,-1.1341,age,60.0,1.0649
15730273,0.0706,age,29.0,-1.5478,products_number,1.0,0.4538
15730339,0.1515,age,32.0,-1.0781,active_member,0.0,0.3966
15730345,0.1547,age,36.0,-0.9845,gender_Female,1.0,0.2339
15730353,0.1118,products_number,2.0,-1.1376,active_member,0.0,0.3553
15730360,0.0208,products_number,2.0,-1.2052,estimated_salary,66263.87,0.0844
15730397,0.043,active_member,1.0,-0.4878,products_number,1.0,0.088
15730418,0.029,age,34.0,-1.3947,active_member,0.0,0.2794
15730441,0.006,products_number,2.0,-1.1847,balance,0.0,0.0326
15730447,0.0706,products_number,2.0,-1.5534,age,50.0,1.0335
15730448,0.0569,age,26.0,-1.4565,products_number,1.0,0.2598
15730460,0.2912,age,38.0,-0.9345,products_number,1.0,0.4889
15730469,0.0642,age,33.0,-1.1049,limite_credito,289795.56,0.3868
15730488,0.1683,age,28.0,-1.3314,products_number,1.0,0.434
15730540,0.1696,products_number,2.0,-1.0894,active_member,0.0,0.3387
15730579,0.0682,active_member,1.0,-1.3138,estimated_salary,186335.07,0.1706
15730590,0.1234,products_number,2.0,-1.2703,active_member,0.0,0.2873
15730639,0.1498,age,25.0,-1.1548,limite_credito,213755.41,0.3697
15730657,0.1766,active_member,1.0,-0.4169,products_number,1.0,0.1384
15730673,0.5994,tenure,7.0,-0.4372,country_germany,1.0,0.4909
15730705,0.1033,age,38.0,-0.9498,active_member,0.0,0.2961
15730735,0.0698,products_number,2.0,-0.874,limite_credito,91071.73,0.2538
15730738,0.0145,products_number,2.0,-1.3014,estimated_salary,18210.36,0.0748
15730796,0.1568,age,22.0,-0.9959,gender_Female,1.0,0.2518
15730810,0.1418,active_member,1.0,-0.6333,age,46.0,0.5145
15730830,0.0321,products_number,2.0,-1.2348,gender_Female,1.0,0.1722
15730868,0.0225,products_number,2.0,-1.6745,balance,0.0,0.0577
15731117,0.1377,age,30.0,-1.3011,active_member,0.0,0.3556
15731166,0.0463,age,32.0,-1.4,products_number,1.0,0.1993
15731246,0.0373,products_number,2.0,-1.388,active_member,0.0,0.3854
15731267,0.1216,age,38.0,-0.9608,active_member,0.0,0.3263
15731281,0.0683,products_number,2.0,-1.1301,gender_Female,1.0,0.1656
15731327,0.019,age,28.0,-1.2121,limite_credito,342357.7,0.154
15731330,0.1545,active_member,1.0,-0.4447,gender_Female,1.0,0.1896
15731412,0.3648,age,39.0,-0.6288,country_germany,1.0,0.3384
15731463,0.6166,tenure,10.0,-0.4315,age,45.0,0.7962
15731478,0.3662,cidade_nice,1.0,-0.4844,active_member,0.0,0.3538
15731507,0.2891,age,34.0,-1.1434,active_member,0.0,0.3553
15731511,0.1663,products_number,2.0,-1.1818,age,47.0,0.4393
15731519,0.0384,products_number,2.0,-1.2984,active_member,0.0,0.276
15731522,0.0387,active_member,1.0,-1.3509,gender_Female,1.0,0.2487
15731553,0.0267,age,24.0,-1.27,active_member,0.0,0.3245
15731569,0.0074,products_number,2.0,-1.1774,balance,0.0,0.0384
15731586,0.0808,age,32.0,-1.0687,active_member,0.0,0.2983
15731669,0.3084,gender_Female,0.0,-0.3398,active_member,0.0,0.3381
15731755,0.2796,products_number,2.0,-1.4686,age,51.0,1.4954
15731760,0.0627,age,27.0,-1.3352,products_number,1.0,0.4284
15731781,0.0599,products_number,2.0,-1.6751,active_member,0.0,0.3853
15731829,0.0245,products_number,2.0,-1.2441,estimated_salary,25662.27,0.2708
15731865,0.022,age,29.0,-1.3902,active_member,0.0,0.3377
15731890,0.1324,active_member,1.0,-0.4962,products_number,1.0,0.1847
15731989,0.0772,age,37.0,-1.0092,active_member,0.0,0.3295
15732020,0.2572,products_number,2.0,-1.2605,age,58.0,1.4611
15732102,0.0523,age,28.0,-1.4736,active_member,0.0,0.3478
15732113,0.4094,active_member,1.0,-0.6659,age,51.0,1.3185
15732175,0.0983,age,38.0,-0.7307,products_number,1.0,0.4897
15732199,0.0519,age,32.0,-0.9404,products_number,1.0,0.1285
15732235,0.1597,active_member,1.0,-1.2326,age,65.0,0.8219
15732265,0.021,products_number,2.0,-1.2464,active_member,0.0,0.328
15732268,0.062,age,30.0,-1.5589,active_member,0.0,0.3191
15732293,0.0105,products_number,2.0,-1.2927,estimated_salary,99086.74,0.025
15732299,0.2376,active_member,1.0,-1.0357,products_number,3.0,2.081
15732307,0.1073,age,34.0,-1.1716,products_number,1.0,0.2522
15732334,0.0526,products_number,2.0,-1.3514,active_member,0.0,0.298
15732430,0.8543,cidade_madrid,1.0,-0.5232,age,56.0,2.1851
15732448,0.1257,age,29.0,-1.3254,products_number,1.0,0.4714
15732476,0.0253,products_number,2.0,-1.1883,gender_Female,1.0,0.1793
15732563,0.0928,age,34.0,-1.2193,limite_credito,159248.48,0.2751
15732610,0.0514,age,29.0,-1.3397,active_member,0.0,0.2872
15732621,0.0659,age,36.0,-1.1905,products_number,1.0,0.459
15732628,0.3942,active_member,1.0,-0.3468,age,47.0,0.8999
15732660,0.1514,age,29.0,-1.3284,products_number,1.0,0.4943
15732672,0.0801,age,37.0,-0.6827,products_number,1.0,0.1597
15732674,0.0534,products_number,2.0,-0.8211,limite_credito,180754.05,0.3317
15732740,0.2972,age,33.0,-1.1544,active_member,0.0,0.368
15732774,0.1087,age,38.0,-0.8869,active_member,0.0,0.2968
15732778,0.0156,age,31.0,-1.1709,limite_credito,88654.9,0.1476
15732791,0.1329,age,34.0,-1.2617,country_germany,1.0,0.3448
15732832,0.103,products_number,2.0,-1.3862,gender_Female,1.0,0.3427
15732884,0.1066,age,30.0,-1.3758,active_member,0.0,0.2986
15732903,0.1044,products_number,2.0,-0.9459,limite_credito,150391.85,0.35
15732963,0.0332,products_number,2.0,-1.2802,gender_Female,1.0,0.2442
15732967,0.0225,products_number,2.0,-1.3038,estimated_salary,151581.79,0.1308
15732987,0.3835,gender_Female,0.0,-0.3078,active_member,0.0,0.4107
15733014,0.1391,active_member,1.0,-1.1515,age,63.0,0.8974
15733032,0.0309,products_number,2.0,-1.5997,age,48.0,0.6662
15733111,0.1027,age,34.0,-1.0005,products_number,1.0,0.0778
15733138,0.1852,active_member,1.0,-0.567,country_germany,1.0,0.3543
15733169,0.0567,age,24.0,-1.2138,estimated_salary,161253.08,0.1037
15733229,0.0674,products_number,2.0,-1.2226,active_member,0.0,0.33
15733297,0.1814,tenure,10.0,-0.4296,gender_Female,1.0,0.2584
15733303,0.0117,active_member,1.0,-1.3604,age,68.0,0.2116
15733387,0.4012,active_member,1.0,-0.857,age,54.0,1.2591
15733429,0.0312,products_number,2.0,-1.2546,country_germany,1.0,0.1528
15733444,0.0433,products_number,2.0,-1.3131,active_member,0.0,0.2841
15733460,0.0153,products_number,2.0,-1.3571,credit_utilization,,0.0174
15733476,0.0849,age,32.0,-1.1877,products_number,1.0,0.2397
15733491,0.1335,products_number,2.0,-1.2635,active_member,0.0,0.2832
15733581,0.0965,age,33.0,-1.3391,active_member,0.0,0.3681
15733597,0.136,products_number,2.0,-0.9688,limite_credito,206640.55,0.2615
15733602,0.1226,products_number,2.0,-1.0353,cidade_zaragoza,1.0,0.4029
15733616,0.0999,active_member,1.0,-0.4474,products_number,1.0,0.1896
15733661,0.0928,age,28.0,-1.4063,active_member,0.0,0.3184
15733705,0.0698,age,32.0,-1.1575,credit_utilization,-1.337933064064805,0.1769
15733768,0.0871,age,34.0,-1.3438,products_number,1.0,0.4335
15733797,0.0516,products_number,2.0,-1.4113,active_member,0.0,0.3098
15733842,0.0845,age,26.0,-1.6832,active_member,0.0,0.3122
15733876,0.0196,products_number,2.0,-1.3724,estimated_salary,40062.29,0.065
15733883,0.027,age,30.0,-1.2982,active_member,0.0,0.3291
15733904,0.0547,age,33.0,-1.4647,active_member,0.0,0.4047
15733964,0.3205,active_member,1.0,-0.8569,age,55.0,1.4149
15733974,0.1321,age,39.0,-0.8931,active_member,0.0,0.318
15734005,0.1394,products_number,2.0,-1.5204,gender_Female,1.0,0.348
15734044,0.246,age,32.0,-1.0392,limite_credito,26017.29,0.3025
15734058,0.0512,age,33.0,-1.257,country_germany,1.0,0.2312
15734085,0.0751,age,25.0,-1.474,country_germany,1.0,0.3529
15734161,0.0382,products_number,2.0,-1.7242,active_member,0.0,0.1909
15734177,0.0212,products_number,2.0,-1.2958,estimated_salary,152992.04,0.0679
15734202,0.9317,balance,86891.84,-0.2222,age,54.0,1.8089
15734246,0.0401,age,22.0,-1.1066,limite_credito,143102.7,0.2304
15734311,0.0295,age,29.0,-1.1846,gender_Female,1.0,0.2442
15734312,0.0321,products_number,2.0,-1.646,age,45.0,0.3219
15734438,0.0315,age,30.0,-1.4321,active_member,0.0,0.2165
15734461,0.1359,age,33.0,-1.2946,products_number,1.0,0.3057
15734491,0.0796,products_number,2.0,-1.2043,gender_Female,1.0,0.3061
15734565,0.0198,products_number,2.0,-1.3518,active_member,0.0,0.2976
15734588,0.0997,products_number,2.0,-1.6371,age,48.0,0.8885
15734626,0.0431,products_number,2.0,-1.1374,gender_Female,1.0,0.2689
15734628,0.0318,products_number,2.0,-1.2168,active_member,0.0,0.2774
15734634,0.1913,age,29.0,-1.2038,active_member,0.0,0.3909
15734659,0.3607,products_number,2.0,-1.3728,age,47.0,0.4467
15734714,0.0889,age,30.0,-1.708,active_member,0.0,0.3543
15734737,0.0507,products_number,2.0,-1.6196,age,58.0,1.4246
15734765,0.1555,age,21.0,-1.1242,gender_Female,1.0,0.1707
15734850,0.1023,age,37.0,-0.9955,active_member,0.0,0.4225
15734886,0.1197,age,35.0,-1.1791,active_member,0.0,0.3238
15734892,0.0293,products_number,2.0,-1.3868,cidade_bilbao,1.0,0.1011
15734917,0.0525,age,23.0,-1.2938,active_member,0.0,0.379
15734942,0.3892,age,39.0,-0.7377,active_member,0.0,0.3489
15734948,0.0261,age,25.0,-1.2909,active_member,0.0,0.3193
15734970,0.0806,age,40.0,-0.8867,active_member,0.0,0.2868
15734987,0.1284,products_number,2.0,-1.2012,age,45.0,0.249
15734999,0.1376,age,37.0,-0.9774,active_member,0.0,0.3389
15735025,0.0615,products_number,2.0,-0.7735,limite_credito,421072.9,0.2185
15735078,0.5469,products_number,2.0,-1.0572,age,55.0,1.5803
15735080,0.2705,active_member,1.0,-1.0047,age,65.0,0.6927
15735106,0.0934,age,30.0,-1.2601,active_member,0.0,0.3587
15735203,0.1483,age,34.0,-1.4225,country_germany,1.0,0.3013
15735221,0.0991,products_number,2.0,-1.4203,gender_Female,1.0,0.3112
15735222,0.0467,products_number,2.0,-1.1421,gender_Female,1.0,0.241
15735263,0.0928,age,28.0,-1.3059,limite_credito,31968.06,0.3228
15735330,0.1666,age,39.0,-0.8392,products_number,1.0,0.489
15735339,0.4532,gender_Female,0.0,-0.3669,products_number,1.0,0.5711
15735346,0.4226,tenure,10.0,-0.5315,country_germany,1.0,0.3608
15735358,0.569,active_member,1.0,-0.4818,age,48.0,0.9678
15735388,0.0415,age,27.0,-1.4469,active_member,0.0,0.2768
15735400,0.0695,age,29.0,-1.4418,active_member,0.0,0.3315
15735428,0.1105,products_number,2.0,-1.2416,active_member,0.0,0.2931
15735439,0.2488,age,33.0,-1.2403,active_member,0.0,0.4149
15735522,0.0766,products_number,2.0,-1.2626,limite_credito,238073.05,0.3685
15735549,0.0422,products_number,2.0,-1.1058,limite_credito,70825.95,0.1411
15735632,0.2581,gender_Female,0.0,-0.4003,products_number,1.0,0.5681
15735687,0.14,age,38.0,-0.987,active_member,0.0,0.345
15735688,0.1177,age,33.0,-1.3932,active_member,0.0,0.3421
15735719,0.0448,products_number,2.0,-1.3769,gender_Female,1.0,0.2711
15735782,0.0937,age,32.0,-1.3417,active_member,0.0,0.4019
15735784,0.152,age,40.0,-0.7728,products_number,1.0,0.4017
15735788,0.0226,products_number,2.0,-1.2104,credit_utilization,,0.0204
15735799,0.4742,active_member,1.0,-1.0623,age,60.0,0.968
15735837,0.025,products_number,2.0,-1.3443,country_france,0.0,0.0747
15735849,0.0968,age,27.0,-1.1649,estimated_salary,168834.38,0.1754
15735968,0.0227,products_number,2.0,-1.5552,balance,0.0,0.0966
15736043,0.0538,age,36.0,-1.173,products_number,1.0,0.1145
15736112,0.2266,active_member,1.0,-0.9323,age,59.0,1.1863
15736124,0.0344,age,27.0,-1.3214,limite_credito,227544.29,0.2438
15736146,0.0887,age,29.0,-1.557,country_germany,1.0,0.271
15736154,0.0664,products_number,2.0,-1.4936,age,45.0,0.4743
15736228,0.1548,active_member,1.0,-0.4477,products_number,1.0,0.1975
15736254,0.0536,age,30.0,-1.5637,active_member,0.0,0.3555
15736271,0.2968,age,31.0,-1.2562,products_number,1.0,0.5545
15736274,0.0101,age,33.0,-1.5557,active_member,0.0,0.314
15736287,0.1138,age,34.0,-1.4235,products_number,1.0,0.4701
15736299,0.1846,age,38.0,-0.9159,products_number,1.0,0.2888
15736302,0.0447,products_number,2.0,-1.7455,age,49.0,0.9362
15736327,0.3446,products_number,2.0,-1.1218,age,47.0,0.883
15736371,0.0624,age,36.0,-1.1249,limite_credito,220489.01,0.1973
15736397,0.0403,age,25.0,-1.7802,active_member,0.0,0.3417
15736399,0.0374,products_number,2.0,-1.5341,active_member,0.0,0.3493
15736413,0.0131,products_number,2.0,-1.3067,estimated_salary,164484.78,0.1469
15736431,0.0302,products_number,2.0,-1.2814,active_member,0.0,0.3369
15736495,0.1148,age,36.0,-1.2851,active_member,0.0,0.3887
15736533,0.5147,age,39.0,-0.7685,country_germany,1.0,0.423
15736578,0.1909,active_member,1.0,-0.4385,products_number,1.0,0.4774
15736601,0.0756,age,36.0,-1.2722,active_member,0.0,0.2631
15736656,0.1014,products_number,2.0,-1.4682,age,50.0,1.0264
15736717,0.0684,age,33.0,-1.2874,estimated_salary,179446.31,0.2245
15736730,0.6023,active_member,1.0,-0.4366,age,46.0,0.6669
15736760,0.5882,tenure,9.0,-0.2429,products_number,1.0,0.4904
15736769,0.0324,age,29.0,-1.4176,active_member,0.0,0.2785
15736778,0.3549,active_member,1.0,-0.9738,age,62.0,1.2121
15736816,0.3222,age,37.0,-0.6872,products_number,1.0,0.4398
15736879,0.0152,age,24.0,-1.3927,active_member,0.0,0.3146
15736990,0.0819,age,30.0,-1.5539,active_member,0.0,0.2453
15737051,0.019,products_number,2.0,-1.2877,active_member,0.0,0.2836
15737080,0.014,age,33.0,-1.2249,gender_Female,1.0,0.1326
15737133,0.1097,active_member,1.0,-1.3804,products_number,1.0,0.1205
15737169,0.0753,age,27.0,-1.0447,products_number,1.0,0.0975
15737173,0.0274,age,26.0,-1.3663,active_member,0.0,0.3809
15737194,0.0244,products_number,2.0,-1.2804,active_member,0.0,0.2665
15737265,0.482,age,40.0,-0.5913,country_germany,1.0,0.488
15737275,0.0724,active_member,1.0,-0.4836,products_number,1.0,0.0716
15737310,0.0727,age,31.0,-1.3672,active_member,0.0,0.3371
15737354,0.1093,products_number,2.0,-1.5375,age,49.0,0.9763
15737385,0.1066,products_number,2.0,-1.4112,age,48.0,0.4972
15737404,0.0469,age,32.0,-1.2488,products_number,1.0,0.1272
15737408,0.4267,cidade_lyon,1.0,-0.4798,active_member,0.0,0.3503
15737414,0.108,age,36.0,-1.2473,active_member,0.0,0.3476
15737489,0.5307,tenure,5.0,-0.379,age,48.0,0.6876
15737506,0.6176,gender_Female,0.0,-0.3403,products_number,1.0,0.6096
15737509,0.1124,age,36.0,-1.0847,active_member,0.0,0.406
15737521,0.1673,products_number,2.0,-1.3608,limite_credito,148444.93,0.3646
15737542,0.4932,age,38.0,-0.8273,country_germany,1.0,0.4307
15737571,0.0899,age,30.0,-1.048,gender_Female,1.0,0.1734
15737605,0.4678,products_number,2.0,-0.8303,age,47.0,0.7964
15737627,0.1093,age,22.0,-1.3233,active_member,0.0,0.3241
15737647,0.5279,age,79.0,-0.5815,active_member,0.0,0.7064
15737705,0.1405,age,28.0,-1.5323,active_member,0.0,0.2901
15737732,0.2091,products_number,2.0,-1.3922,gender_Female,1.0,0.3327
15737748,0.1005,age,34.0,-1.203,active_member,0.0,0.3188
15737782,0.0749,age,31.0,-1.2169,products_number,1.0,0.4796
15737792,0.231,age,32.0,-1.1506,active_member,0.0,0.3186
15737888,0.2688,active_member,1.0,-0.4802,age,45.0,0.4674
15737909,0.1463,products_number,2.0,-1.1539,limite_credito,240915.08,0.3977
15737910,0.0792,products_number,2.0,-1.3081,active_member,0.0,0.3405
15737961,0.0679,age,30.0,-1.2946,limite_credito,225469.92,0.1919
15737971,0.0302,products_number,2.0,-1.2772,active_member,0.0,0.23
15737977,0.0327,products_number,2.0,-1.2093,gender_Female,1.0,0.1456
15738018,0.0245,products_number,2.0,-1.4903,active_member,0.0,0.3127
15738042,0.0446,products_number,2.0,-1.224,limite_credito,324170.08,0.1779
15738063,0.0139,products_number,2.0,-1.2205,credit_score,631.0,0.0077
15738150,0.0326,products_number,2.0,-1.7507,age,46.0,0.3973
15738166,0.3649,active_member,1.0,-0.4268,credit_score,999.0,0.2224
15738174,0.0183,products_number,2.0,-1.2351,gender_Female,1.0,0.2065
15738191,0.0175,products_number,2.0,-1.2149,credit_score,577.0,0.0537
15738219,0.0784,products_number,2.0,-1.2668,gender_Female,1.0,0.2629
15738220,0.0161,products_number,2.0,-1.3957,active_member,0.0,0.2863
15738224,0.0897,age,34.0,-1.4019,active_member,0.0,0.3557
15738291,0.4384,products_number,2.0,-0.806,age,50.0,1.101
15738411,0.02,age,36.0,-1.114,products_number,1.0,0.078
15738448,0.0479,age,26.0,-1.3302,active_member,0.0,0.278
15738487,0.0252,age,28.0,-1.3917,active_member,0.0,0.3319
15738497,0.3078,products_number,2.0,-0.9876,active_member,0.0,0.4056
15738516,0.4967,age,37.0,-0.8028,products_number,1.0,0.5365
15738546,0.0492,products_number,2.0,-1.378,gender_Female,1.0,0.2759
15738588,0.5821,age,38.0,-0.7566,country_germany,1.0,0.4323
15738627,0.0154,products_number,2.0,-1.1988,credit_utilization,,0.0236
15738634,0.3348,active_member,1.0,-0.5322,age,49.0,1.1814
15738662,0.4628,balance,159434.03,-0.3191,products_number,1.0,0.4143
15738672,0.1771,products_number,2.0,-1.1643,active_member,0.0,0.2679
15738721,0.1652,active_member,1.0,-0.5322,age,43.0,0.1259
15738751,0.2175,products_number,2.0,-1.5529,age,48.0,0.9059
15738785,0.0127,products_number,2.0,-1.1859,credit_score,545.0,0.0412
15738828,0.7887,gender_Female,0.0,-0.2577,age,47.0,0.582
15738835,0.1485,products_number,2.0,-1.0654,active_member,0.0,0.3622
15738884,0.6093,gender_Female,0.0,-0.2832,products_number,1.0,0.4532
15738936,0.0611,products_number,2.0,-1.0252,credit_utilization,0.544795520873833,0.1464
15738954,0.069,age,37.0,-0.9866,active_member,0.0,0.2952
15738980,0.0594,products_number,2.0,-1.7177,active_member,0.0,0.3147
15739042,0.1062,products_number,2.0,-1.2485,active_member,0.0,0.3323
15739046,0.1816,age,25.0,-1.0776,gender_Female,1.0,0.286
15739054,0.1331,age,31.0,-1.1536,gender_Female,1.0,0.2086
15739068,0.0363,age,27.0,-1.1767,limite_credito,123779.0,0.2523
15739123,0.6943,products_number,2.0,-1.1288,age,51.0,1.426
15739131,0.2539,age,29.0,-1.444,active_member,0.0,0.4589
15739160,0.4559,cidade_nice,1.0,-0.2883,active_member,0.0,0.3275
15739168,0.1606,age,32.0,-1.1286,estimated_salary,161854.98,0.2489
15739189,0.0491,products_number,2.0,-1.3156,active_member,0.0,0.3414
15739194,0.129,age,39.0,-0.8772,limite_credito,198914.54,0.2884
15739223,0.0411,products_number,2.0,-1.1154,gender_Female,1.0,0.2049
15739248,0.0481,products_number,2.0,-1.6481,age,54.0,1.4252
15739271,0.1126,age,34.0,-1.4104,country_germany,1.0,0.3169
15739357,0.182,age,32.0,-1.1107,active_member,0.0,0.4069
15739476,0.1395,age,33.0,-1.2163,products_number,1.0,0.4744
15739502,0.0816,age,33.0,-1.2388,limite_credito,114953.83,0.1649
15739514,0.0205,age,33.0,-1.215,gender_Female,1.0,0.1374
15739548,0.0514,age,29.0,-1.5809,active_member,0.0,0.2507
15739576,0.0149,products_number,2.0,-1.1597,balance,999999.99,0.0632
15739692,0.0521,products_number,2.0,-1.6559,active_member,0.0,0.3669
15739803,0.0192,products_number,2.0,-1.3274,active_member,0.0,0.3517
15739847,0.337,age,39.0,-0.854,country_germany,1.0,0.5122
15739931,0.0511,age,35.0,-1.0398,products_number,1.0,0.1312
15739997,0.0574,age,25.0,-1.3435,estimated_salary,185900.88,0.153
15740043,0.0658,age,34.0,-1.201,products_number,1.0,0.1466
15740072,0.1119,products_number,2.0,-0.8724,limite_credito,320687.2,0.2262
15740147,0.5467,tenure,10.0,-0.4463,age,45.0,0.6676
15740164,0.0992,age,35.0,-1.0932,products_number,1.0,0.2243
15740175,0.3215,products_number,2.0,-1.2834,active_member,0.0,0.2577
15740237,0.3004,age,37.0,-0.8232,products_number,1.0,0.4978
15740264,0.0265,products_number,2.0,-1.4628,active_member,0.0,0.3248
15740283,0.0122,age,30.0,-1.4353,active_member,0.0,0.3104
15740356,0.1457,age,27.0,-1.4628,country_germany,1.0,0.3327
15740383,0.1478,products_number,2.0,-1.1995,gender_Female,1.0,0.2918
15740404,0.0485,products_number,2.0,-1.2178,gender_Female,1.0,0.262
15740411,0.0382,products_number,2.0,-1.162,limite_credito,161645.04,0.26
15740428,0.0873,products_number,2.0,-1.1553,active_member,0.0,0.2687
15740458,0.1249,age,37.0,-0.991,active_member,0.0,0.3475
15740470,0.153,products_number,2.0,-1.0029,limite_credito,161573.77,0.3882
15740476,0.0694,age,34.0,-1.1282,gender_Female,1.0,0.2007
15740494,0.0295,age,34.0,-1.3564,active_member,0.0,0.2596
15740557,0.0927,products_number,2.0,-1.5609,gender_Female,1.0,0.2927
15740602,0.2794,age,29.0,-1.3046,country_germany,1.0,0.3164
15740630,0.0345,products_number,2.0,-1.3481,active_member,0.0,0.2516
15740846,0.1296,active_member,1.0,-0.4652,products_number,1.0,0.1545
15740868,0.5683,active_member,1.0,-0.4652,age,46.0,0.6627
15740878,0.0377,products_number,2.0,-1.2188,gender_Female,1.0,0.2706
15740900,0.0285,products_number,2.0,-1.2483,estimated_salary,177896.92,0.101
15741032,0.4326,active_member,1.0,-0.5358,age,50.0,1.3121
15741049,0.0195,products_number,2.0,-1.1754,credit_utilization,,0.0547
15741092,0.0574,age,36.0,-1.2468,active_member,0.0,0.3842
15741094,0.0077,products_number,2.0,-1.1843,credit_score,693.0,0.0529
15741181,0.0911,active_member,1.0,-0.5567,products_number,1.0,0.1146
15741195,0.1633,age,21.0,-1.1679,products_number,1.0,0.4467
15741275,0.3584,products_number,2.0,-0.8691,age,58.0,1.6137
15741295,0.0435,products_number,2.0,-1.6737,age,50.0,1.1113
15741403,0.2177,age,39.0,-0.8346,active_member,0.0,0.3983
15741416,0.5159,active_member,1.0,-0.4546,age,44.0,0.4841
15741417,0.1048,age,36.0,-0.9431,limite_credito,190865.22,0.2539
15741429,0.0967,age,33.0,-1.1189,limite_credito,193878.82,0.3072
15741554,0.0788,age,32.0,-0.9852,products_number,1.0,0.1206
15741633,0.0508,age,33.0,-1.0906,credit_utilization,0.5597763433502375,0.0783
15741643,0.2481,age,37.0,-0.7038,country_germany,1.0,0.4974
15741652,0.0815,age,38.0,-0.685,credit_score,600.0,0.0497
15741693,0.1753,active_member,1.0,-0.4219,credit_utilization,0.5094277418037791,0.1813
15741719,0.1764,active_member,1.0,-0.3345,gender_Female,1.0,0.1793
15741728,0.0865,age,37.0,-0.6747,products_number,1.0,0.1103
15741745,0.0217,age,29.0,-1.2964,limite_credito,159673.97,0.2454
15741865,0.1377,age,40.0,-0.47,gender_Female,1.0,0.2
15741875,0.2426,age,27.0,-1.3967,active_member,0.0,0.4017
15741921,0.0454,products_number,2.0,-1.1399,gender_Female,1.0,0.2776
15742009,0.0747,products_number,2.0,-1.3349,age,60.0,1.1952
15742019,0.1024,products_number,2.0,-1.3439,active_member,0.0,0.3495
15742028,0.0366,products_number,2.0,-1.2653,active_member,0.0,0.2706
15742116,0.6905,products_number,2.0,-1.0875,age,49.0,1.0079
15742126,0.1106,products_number,2.0,-1.2317,limite_credito,253498.97,0.4165
15742172,0.0867,age,34.0,-1.1326,active_member,0.0,0.3224
15742204,0.1945,age,33.0,-1.3421,country_germany,1.0,0.3233
15742210,0.0977,age,39.0,-0.6036,products_number,1.0,0.1509
15742229,0.1839,active_member,1.0,-1.1527,age,60.0,0.9635
15742238,0.1064,products_number,2.0,-1.2363,active_member,0.0,0.3321
15742269,0.0225,age,25.0,-1.4944,active_member,0.0,0.2878
15742285,0.1399,active_member,1.0,-1.2471,age,64.0,0.5381
15742297,0.0525,age,36.0,-1.0764,products_number,1.0,0.1406
15742323,0.032,products_number,2.0,-1.5674,active_member,0.0,0.3273
15742358,0.1057,age,33.0,-1.3866,country_germany,1.0,0.3455
15742369,0.0124,products_number,2.0,-1.2095,country_france,0.0,0.0068
15742378,0.274,age,33.0,-1.4941,active_member,0.0,0.4131
15742404,0.0272,products_number,2.0,-1.4145,active_member,0.0,0.3487
15742442,0.3324,active_member,1.0,-0.4795,age,48.0,0.8075
15742480,0.0856,products_number,2.0,-1.067,limite_credito,300737.92,0.3448
15742504,0.0687,age,38.0,-0.9442,active_member,0.0,0.219
15742511,0.1437,age,37.0,-0.9596,active_member,0.0,0.3746
15742534,0.0642,age,29.0,-1.3176,limite_credito,302041.28,0.2415
15742607,0.1324,age,38.0,-0.7466,country_germany,1.0,0.4987
15742613,0.1809,products_number,2.0,-1.4397,active_member,0.0,0.2385
15742632,0.1364,age,33.0,-1.3063,products_number,1.0,0.4691
15742638,0.024,age,26.0,-1.1823,gender_Female,1.0,0.1189
15742668,0.264,age,38.0,-0.9602,active_member,0.0,0.3726
15742681,0.1397,age,28.0,-1.5064,country_germany,1.0,0.3533
15742809,0.1957,age,30.0,-1.2437,active_member,0.0,0.3496
15742820,0.1467,products_number,2.0,-1.5631,age,46.0,0.5109
15742824,0.2734,tenure,7.0,-0.4293,products_number,1.0,0.3401
15742834,0.3068,gender_Female,0.0,-0.4604,age,47.0,0.912
15742848,0.415,active_member,1.0,-0.4697,products_number,1.0,0.578
15742854,0.1584,products_number,2.0,-1.3777,age,48.0,0.582
15742886,0.0272,age,27.0,-1.119,limite_credito,367512.87,0.2596
15742971,0.2084,products_number,2.0,-1.0487,age,46.0,0.34
15743016,0.2924,age,24.0,-1.2437,active_member,0.0,0.4028
15743040,0.0325,products_number,2.0,-1.3262,limite_credito,307425.16,0.2832
15743067,0.2916,age,27.0,-1.5568,country_germany,1.0,0.4144
15743076,0.0863,age,31.0,-1.0367,products_number,1.0,0.4872
15743149,0.2749,age,37.0,-0.6745,products_number,1.0,0.4973
15743153,0.1951,products_number,2.0,-1.1932,limite_credito,170010.86,0.2942
15743192,0.1688,products_number,2.0,-1.4799,active_member,0.0,0.3633
15743456,0.0243,age,34.0,-1.4617,active_member,0.0,0.2809
15743478,0.0519,products_number,2.0,-1.324,limite_credito,36108.06,0.4491
15743538,0.0216,age,33.0,-1.5824,active_member,0.0,0.2367
15743545,0.0517,age,30.0,-1.3314,active_member,0.0,0.3519
15743570,0.0306,products_number,2.0,-1.2619,gender_Female,1.0,0.1706
15743582,0.0869,age,29.0,-1.3469,gender_Female,1.0,0.2628
15743617,0.3747,estimated_salary,197529.23,-1.0433,age,48.0,0.6493
15743709,0.1328,age,31.0,-1.162,products_number,1.0,0.1519
15743714,0.2976,tenure,7.0,-0.5345,age,48.0,0.8812
15743759,0.0144,products_number,2.0,-1.5783,balance,0.0,0.0643
15743760,0.0219,age,32.0,-1.172,limite_credito,142646.6,0.2193
15743818,0.155,active_member,1.0,-1.2494,age,60.0,1.0565
15743893,0.3399,gender_Female,0.0,-0.3756,active_member,0.0,0.3054
15743976,0.3979,active_member,1.0,-0.3908,products_number,1.0,0.392
15744041,0.1128,age,28.0,-1.6049,active_member,0.0,0.2735
15744046,0.0203,products_number,2.0,-1.2899,credit_score,606.0,0.1014
15744105,0.0262,age,30.0,-1.5991,limite_credito,161365.33,0.1771
15744109,0.1311,age,34.0,-1.2681,products_number,1.0,0.4594
15744127,0.0491,products_number,2.0,-1.2748,active_member,0.0,0.3293
15744200,0.1578,age,37.0,-1.024,active_member,0.0,0.3315
15744240,0.7015,active_member,1.0,-0.4008,age,47.0,0.8826
15744273,0.0765,products_number,2.0,-1.1908,active_member,0.0,0.3835
15744279,0.1211,products_number,2.0,-1.2995,age,59.0,1.2302
15744295,0.2663,tenure,1.0,-0.3416,active_member,0.0,0.3733
15744368,0.2068,active_member,1.0,-1.1353,age,59.0,1.054
15744398,0.0454,age,24.0,-1.4499,estimated_salary,160249.1,0.2474
15744423,0.0164,age,34.0,-1.3782,active_member,0.0,0.3078
15744529,0.0342,products_number,2.0,-1.273,age,64.0,0.9187
15744553,0.0758,age,35.0,-1.3373,active_member,0.0,0.2841
15744606,0.0255,age,30.0,-1.1898,country_france,0.0,0.0785
15744614,0.0535,age,38.0,-0.6953,products_number,1.0,0.1106
15744622,0.0877,age,33.0,-1.5302,active_member,0.0,0.3422
15744691,0.0341,age,30.0,-2.1732,products_number,3.0,1.5499
15744695,0.0891,age,40.0,-0.4707,products_number,1.0,0.2301
15744717,0.115,products_number,2.0,-1.4952,age,46.0,0.4827
15744770,0.0529,products_number,2.0,-1.7053,active_member,0.0,0.4439
15744789,0.3419,age,34.0,-1.0538,active_member,0.0,0.3894
15744843,0.1447,age,35.0,-0.9866,active_member,0.0,0.2957
15744913,0.0264,age,37.0,-0.7124,estimated_salary,16149.13,0.1062
15744914,0.6191,balance,177728.55,-0.3842,products_number,1.0,0.4213
15744919,0.1332,age,39.0,-0.5883,gender_Female,1.0,0.2048
15744979,0.3077,age,37.0,-0.649,products_number,1.0,0.5148
15744983,0.1863,cidade_madrid,1.0,-0.5593,age,48.0,0.8381
15745001,0.0909,products_number,2.0,-1.2718,gender_Female,1.0,0.3294
15745012,0.037,products_number,2.0,-1.5078,gender_Female,1.0,0.2823
15745030,0.0649,products_number,2.0,-1.4997,active_member,0.0,0.3849
15745080,0.093,age,28.0,-1.6086,products_number,1.0,0.4686
15745088,0.0627,age,31.0,-1.2493,active_member,0.0,0.299
15745107,0.409,active_member,1.0,-0.461,country_germany,1.0,0.5412
15745196,0.0538,products_number,2.0,-1.2516,active_member,0.0,0.287
15745201,0.2046,products_number,2.0,-0.9689,age,45.0,0.4383
15745232,0.044,products_number,2.0,-1.3994,gender_Female,1.0,0.2101
15745307,0.2015,active_member,1.0,-0.6359,age,50.0,1.0396
15745354,0.0599,products_number,2.0,-1.3592,active_member,0.0,0.2686
15745355,0.1371,active_member,1.0,-0.4996,products_number,1.0,0.188
15745375,0.1849,age,25.0,-1.5117,active_member,0.0,0.422
15745417,0.2127,active_member,1.0,-1.0816,age,59.0,1.126
15745431,0.0195,products_number,2.0,-1.255,credit_utilization,,0.0539
15745433,0.1308,age,31.0,-1.0713,active_member,0.0,0.3152
15745452,0.3938,balance,90218.11,-0.4926,country_germany,1.0,0.3484
15745455,0.2279,active_member,1.0,-1.1722,age,64.0,1.0368
15745527,0.1128,products_number,2.0,-0.7612,limite_credito,232731.48,0.4059
15745543,0.0254,products_number,2.0,-1.4418,active_member,0.0,0.3261
15745621,0.0635,age,33.0,-1.0996,gender_Female,1.0,0.153
15745623,0.0551,age,33.0,-1.5066,active_member,0.0,0.3242
15745624,0.0158,products_number,2.0,-1.3906,active_member,0.0,0.2691
15745716,0.0397,products_number,2.0,-1.5817,age,54.0,1.5165
15745794,0.0216,products_number,2.0,-1.2272,credit_score,547.0,0.0279
15745804,0.009,products_number,2.0,-1.2965,credit_utilization,,0.0302
15745826,0.0181,products_number,2.0,-1.4093,estimated_salary,180012.39,0.0822
15745827,0.0875,age,32.0,-1.346,active_member,0.0,0.3395
15745843,0.0526,products_number,2.0,-1.2696,gender_Female,1.0,0.2609
15746035,0.0251,age,26.0,-1.0209,limite_credito,47128.11,0.2894
15746065,0.02,products_number,2.0,-1.2647,country_germany,1.0,0.1404
15746076,0.292,products_number,2.0,-1.4822,age,52.0,1.4925
15746127,0.2213,products_number,2.0,-1.5884,age,48.0,0.759
15746139,0.0635,age,34.0,-1.4532,active_member,0.0,0.2546
15746183,0.0343,products_number,2.0,-1.2169,gender_Female,1.0,0.1846
15746190,0.0478,products_number,2.0,-1.2043,gender_Female,1.0,0.2376
15746258,0.0427,age,31.0,-1.1402,products_number,1.0,0.1247
15746326,0.0242,products_number,2.0,-1.7642,age,44.0,0.1479
15746338,0.0574,products_number,2.0,-1.3964,gender_Female,1.0,0.1785
15746341,0.0154,products_number,2.0,-1.5404,balance,0.0,0.0407
15746410,0.0167,products_number,2.0,-1.4409,active_member,0.0,0.2878
15746422,0.4235,age,40.0,-0.6406,products_number,1.0,0.5303
15746451,0.1396,gender_Female,0.0,-0.4885,balance,-102749.72,0.1842
15746461,0.0326,products_number,2.0,-1.3489,active_member,0.0,0.3301
15746490,0.4102,active_member,1.0,-0.8783,age,55.0,1.2935
15746564,0.2647,active_member,1.0,-0.5695,age,44.0,0.4199
15746594,0.1692,age,34.0,-1.3086,products_number,1.0,0.5337
15746662,0.0987,age,28.0,-1.2398,products_number,1.0,0.1875
15746664,0.0705,age,22.0,-1.3421,active_member,0.0,0.3799
15746695,0.4214,age,40.0,-0.5898,products_number,1.0,0.3025
15746704,0.0442,age,31.0,-0.9005,limite_credito,168972.12,0.3447
15746726,0.1048,age,32.0,-1.3839,active_member,0.0,0.3981
15746737,0.2168,active_member,1.0,-1.1973,age,61.0,0.6674
15746749,0.0611,products_number,2.0,-1.1926,gender_Female,1.0,0.2484
15746802,0.1359,age,31.0,-1.1677,active_member,0.0,0.2871
15746805,0.0289,products_number,2.0,-1.1985,active_member,0.0,0.3107
15746970,0.1271,products_number,2.0,-1.3092,age,59.0,1.2276
15746986,0.235,products_number,2.0,-1.1382,active_member,0.0,0.2648
15746995,0.2915,age,32.0,-1.2914,active_member,0.0,0.4338
15747000,0.012,age,29.0,-1.2421,credit_score,592.0,0.0395
15747014,0.0311,age,29.0,-1.4806,gender_Female,1.0,0.1571
15747043,0.0489,products_number,2.0,-1.3741,active_member,0.0,0.3256
15747130,0.0106,products_number,2.0,-1.4326,credit_score,521.0,0.0529
15747174,0.0806,products_number,2.0,-1.2611,age,59.0,0.9872
15747222,0.0477,products_number,2.0,-1.2682,gender_Female,1.0,0.2709
15747265,0.1103,age,28.0,-1.336,products_number,1.0,0.2714
15747345,0.0296,age,24.0,-1.163,limite_credito,239513.49,0.1183
15747358,0.2913,active_member,1.0,-1.1054,age,61.0,0.7886
15747458,0.2449,products_number,2.0,-0.7685,age,45.0,0.4907
15747558,0.1289,products_number,2.0,-1.2243,gender_Female,1.0,0.2896
15747591,0.2221,active_member,1.0,-0.455,gender_Female,1.0,0.1405
15747647,0.0677,products_number,2.0,-1.3115,active_member,0.0,0.2899
15747649,0.1096,products_number,2.0,-1.1311,limite_credito,179588.57,0.2352
15747677,0.0952,active_member,1.0,-1.2356,products_number,1.0,0.1441
15747724,0.4759,age,36.0,-0.9911,products_number,1.0,0.5078
15747762,0.0646,age,34.0,-1.4397,active_member,0.0,0.3351
15747772,0.1069,products_number,2.0,-1.1572,active_member,0.0,0.3488
15747807,0.2513,products_number,2.0,-1.0696,limite_credito,184407.6,0.211
15747808,0.0495,age,30.0,-1.3563,products_number,1.0,0.0953
15747821,0.3917,age,32.0,-1.1819,products_number,1.0,0.3966
15747854,0.2385,age,37.0,-1.0779,products_number,3.0,2.2419
15747867,0.1253,age,26.0,-1.4318,active_member,0.0,0.4436
15747878,0.3592,active_member,1.0,-1.1977,age,62.0,0.8045
15747927,0.0992,age,28.0,-1.5088,active_member,0.0,0.3625
15747960,0.095,age,35.0,-1.1412,products_number,1.0,0.4872
15747980,0.0542,products_number,2.0,-0.9554,limite_credito,95915.1,0.2744
15748034,0.0442,age,30.0,-1.243,products_number,1.0,0.1071
15748068,0.0313,products_number,2.0,-1.2665,gender_Female,1.0,0.2409
15748069,0.0493,age,27.0,-1.4561,products_number,1.0,0.194
15748116,0.0783,age,31.0,-1.1589,gender_Female,1.0,0.1747
15748123,0.0229,products_number,2.0,-1.1831,credit_score,613.0,0.0741
15748231,0.1154,products_number,2.0,-1.0793,active_member,0.0,0.3289
15748327,0.1067,products_number,2.0,-1.1686,active_member,0.0,0.3319
15748352,0.0636,age,36.0,-0.9414,products_number,1.0,0.1331
15748360,0.0504,products_number,2.0,-1.1817,gender_Female,1.0,0.1941
15748381,0.1297,age,31.0,-0.9399,balance,185709.28,0.242
15748432,0.0254,products_number,2.0,-1.1867,gender_Female,1.0,0.1949
15748473,0.0226,products_number,2.0,-1.4507,active_member,0.0,0.3075
15748532,0.1732,tenure,10.0,-0.5218,products_number,1.0,0.4564
15748589,0.0669,products_number,2.0,-1.2326,active_member,0.0,0.3144
15748595,0.0349,age,30.0,-1.3108,limite_credito,166251.57,0.1729
15748608,0.2806,active_member,1.0,-0.5043,age,44.0,0.34
15748616,0.0177,age,28.0,-1.3936,active_member,0.0,0.3102
15748625,0.0768,products_number,2.0,-1.5864,age,58.0,1.5032
15748649,0.2707,tenure,8.0,-0.3607,active_member,0.0,0.3492
15748673,0.1183,products_number,2.0,-1.2899,active_member,0.0,0.297
15748691,0.0928,age,31.0,-1.0507,gender_Female,1.0,0.2475
15748696,0.273,active_member,1.0,-0.4921,age,43.0,0.3496
15748718,0.1048,age,30.0,-1.4727,active_member,0.0,0.3183
15748752,0.0869,age,34.0,-1.394,active_member,0.0,0.3914
15748854,0.2179,age,30.0,-1.543,active_member,0.0,0.3662
15748856,0.0538,age,34.0,-0.9888,balance,999999.99,0.3422
15748920,0.0747,products_number,2.0,-1.4921,age,51.0,1.1916
15748936,0.082,products_number,2.0,-1.516,age,47.0,0.5506
15748947,0.2161,active_member,1.0,-0.4259,age,43.0,0.2349
15748986,0.0727,products_number,2.0,-1.2639,limite_credito,286951.86,0.3433
15748995,0.0116,products_number,2.0,-1.2125,country_france,0.0,0.0407
15749004,0.0487,age,33.0,-1.5174,limite_credito,268401.46,0.2352
15749019,0.1767,products_number,2.0,-1.1872,age,46.0,0.5118
15749050,0.4196,age,37.0,-0.8605,products_number,1.0,0.5352
15749093,0.1404,products_number,2.0,-1.1453,active_member,0.0,0.3006
15749114,0.025,products_number,2.0,-1.2801,cidade_zaragoza,1.0,0.0708
15749119,0.0254,products_number,2.0,-1.2501,gender_Female,1.0,0.1864
15749123,0.3418,tenure,7.0,-0.4446,age,47.0,0.5322
15749130,0.0429,age,28.0,-1.6501,products_number,1.0,0.2505
15749167,0.0191,products_number,2.0,-1.345,balance,0.0,0.0667
15749177,0.1481,products_number,2.0,-1.362,age,54.0,1.3764
15749265,0.395,active_member,1.0,-0.4722,products_number,1.0,0.4004
15749300,0.5385,active_member,1.0,-0.5069,age,49.0,1.2576
15749345,0.0368,age,23.0,-1.5419,products_number,1.0,0.2064
15749365,0.0402,products_number,2.0,-1.2062,gender_Female,1.0,0.3271
15749381,0.4278,cidade_marseille,1.0,-0.2826,active_member,0.0,0.2873
15749472,0.5699,tenure,8.0,-0.3771,age,47.0,0.6211
15749482,0.1529,age,32.0,-1.1542,active_member,0.0,0.368
15749489,0.3722,age,24.0,-1.482,active_member,0.0,0.4093
15749528,0.0343,products_number,2.0,-1.4487,age,59.0,1.186
15749540,0.0275,products_number,2.0,-1.3032,active_member,0.0,0.3187
15749557,0.0677,products_number,2.0,-1.553,age,46.0,0.3494
15749669,0.0315,products_number,2.0,-1.2057,gender_Female,1.0,0.1871
15749671,0.0229,products_number,2.0,-1.2397,balance,0.0,0.1165
15749679,0.2118,active_member,1.0,-0.4394,products_number,1.0,0.2143
15749688,0.0189,age,34.0,-1.3494,active_member,0.0,0.2074
15749693,0.03,age,33.0,-1.4343,active_member,0.0,0.2838
15749727,0.0421,products_number,2.0,-1.6055,age,52.0,1.222
15749799,0.0369,products_number,2.0,-1.2086,gender_Female,1.0,0.1909
15749807,0.0507,age,33.0,-1.4254,active_member,0.0,0.3554
15749851,0.1497,age,28.0,-1.0044,gender_Female,1.0,0.2301
15749947,0.084,products_number,2.0,-1.5373,age,46.0,0.45
15749964,0.079,age,29.0,-1.4236,active_member,0.0,0.2701
15750014,0.1414,products_number,2.0,-1.0136,limite_credito,278058.45,0.233
15750055,0.023,age,33.0,-1.1858,limite_credito,216501.24,0.2691
15750056,0.1406,age,31.0,-1.0404,gender_Female,1.0,0.2177
15750099,0.3177,age,37.0,-0.9005,products_number,1.0,0.5313
15750104,0.2063,products_number,2.0,-1.4663,limite_credito,212007.92,0.3194
15750121,0.1507,age,40.0,-0.8267,products_number,1.0,0.4422
15750141,0.1268,products_number,2.0,-1.1128,active_member,0.0,0.2882
15750181,0.1912,products_number,2.0,-1.5342,active_member,0.0,0.3792
15750243,0.0131,products_number,2.0,-1.4912,balance,0.0,0.0412
15750248,0.155,age,36.0,-1.1851,active_member,0.0,0.2606
15750258,0.1579,age,34.0,-1.2682,active_member,0.0,0.3585
15750264,0.0751,products_number,2.0,-1.0284,limite_credito,149364.32,0.2719
15750299,0.0281,age,26.0,-1.3118,country_france,0.0,0.0607
15750396,0.0105,products_number,2.0,-1.2178,credit_utilization,,0.0162
15750407,0.2884,products_number,2.0,-1.4117,active_member,0.0,0.2518
15750410,0.0825,age,26.0,-1.2772,gender_Female,1.0,0.1796
15750441,0.0218,products_number,2.0,-0.8375,limite_credito,221720.36,0.144
15750458,0.0583,products_number,2.0,-1.4183,gender_Female,1.0,0.285
15750466,0.2868,estimated_salary,198182.73,-0.7428,products_number,1.0,0.3971
15750476,0.0127,age,25.0,-1.3996,active_member,0.0,0.3674
15750497,0.1562,age,38.0,-0.6762,gender_Female,1.0,0.3355
15750547,0.0164,products_number,2.0,-1.1696,credit_utilization,,0.0176
15750549,0.0337,age,31.0,-1.1239,limite_credito,79294.84,0.1476
15750569,0.4495,products_number,2.0,-1.2406,age,47.0,0.4191
15750574,0.0557,products_number,2.0,-1.2103,gender_Female,1.0,0.2454
15750602,0.1011,age,30.0,-1.5136,active_member,0.0,0.3495
15750649,0.1007,products_number,2.0,-1.5366,age,46.0,0.498
15750658,0.1849,age,39.0,-0.9064,products_number,3.0,2.2614
15750671,0.029,products_number,2.0,-1.3653,active_member,0.0,0.3119
15750728,0.65,cidade_sevilla,1.0,-0.1914,products_number,1.0,0.4834
15750755,0.0257,products_number,2.0,-1.3782,active_member,0.0,0.2719
15750765,0.1273,active_member,1.0,-0.9049,products_number,1.0,0.3403
15750769,0.115,age,36.0,-1.2574,active_member,0.0,0.3473
15750772,0.1814,age,39.0,-0.5743,products_number,1.0,0.1899
15750803,0.138,age,32.0,-1.025,gender_Female,1.0,0.1522
15750808,0.1813,products_number,2.0,-0.9173,age,47.0,0.6624
15750811,0.3685,estimated_salary,197643.24,-1.1031,products_number,1.0,0.3511
15750837,0.2754,active_member,1.0,-0.5376,country_germany,1.0,0.4289
15750839,0.1095,age,30.0,-1.0745,balance,45022.23,0.2667
15750874,0.0315,age,33.0,-1.4964,products_number,1.0,0.2395
15750921,0.0592,products_number,2.0,-0.7907,limite_credito,292546.04,0.3208
15750929,0.0205,products_number,2.0,-1.4053,active_member,0.0,0.3193
15750970,0.1009,active_member,1.0,-0.4798,products_number,1.0,0.0929
15751022,0.2042,products_number,2.0,-1.0433,gender_Female,1.0,0.2824
15751032,0.2452,products_number,2.0,-1.0193,active_member,0.0,0.3008
15751057,0.216,age,34.0,-1.4932,active_member,0.0,0.416
15751084,0.0698,age,31.0,-1.0967,products_number,1.0,0.2245
15751120,0.1688,age,37.0,-0.9086,active_member,0.0,0.3361
15751131,0.2082,active_member,1.0,-0.4515,gender_Female,1.0,0.2147
15751137,0.3563,age,37.0,-0.7974,products_number,1.0,0.4449
15751167,0.0734,products_number,2.0,-1.4569,age,45.0,0.435
15751175,0.1313,products_number,2.0,-1.4938,age,46.0,0.4717
15751180,0.4381,tenure,7.0,-0.3456,active_member,0.0,0.3314
15751185,0.5496,estimated_salary,193785.87,-0.5793,age,51.0,1.3702
15751193,0.0141,products_number,2.0,-1.3248,credit_utilization,,0.0134
15751208,0.2291,active_member,1.0,-1.0562,age,58.0,1.4471
15751227,0.4252,gender_Female,0.0,-0.3423,age,48.0,0.9827
15751297,0.0368,products_number,2.0,-1.3666,active_member,0.0,0.2957
15751333,0.0701,products_number,2.0,-1.2204,gender_Female,1.0,0.2687
15751336,0.0226,products_number,2.0,-1.3029,country_france,0.0,0.0833
15751412,0.1083,age,37.0,-0.7662,products_number,1.0,0.1933
15751445,0.4356,products_number,2.0,-0.9908,age,54.0,1.5076
15751524,0.2977,age,38.0,-0.8997,products_number,1.0,0.3565
15751531,0.0222,products_number,2.0,-1.4848,estimated_salary,161954.43,0.0855
15751593,0.2919,age,36.0,-1.0694,country_germany,1.0,0.4098
15751628,0.1235,active_member,1.0,-1.2571,age,61.0,0.7487
15751710,0.0409,age,33.0,-1.0552,limite_credito,260355.55,0.3552
15751771,0.1047,age,33.0,-1.4462,country_germany,1.0,0.2478
15751774,0.0437,active_member,1.0,-0.9966,products_number,1.0,0.1271
15751788,0.044,age,30.0,-1.1925,products_number,1.0,0.1167
15751912,0.0124,products_number,2.0,-1.3959,credit_utilization,,0.0264
15751926,0.1121,products_number,2.0,-1.2014,limite_credito,223306.95,0.3264
15751943,0.1131,products_number,2.0,-1.4518,active_member,0.0,0.3259
15752047,0.0657,age,34.0,-1.2139,active_member,0.0,0.3435
15752097,0.1347,age,40.0,-0.8192,active_member,0.0,0.3303
15752137,0.0433,age,35.0,-1.0976,products_number,1.0,0.1222
15752139,0.0919,products_number,2.0,-1.1497,active_member,0.0,0.3536
15752186,0.0283,age,29.0,-1.4342,active_member,0.0,0.2941
15752193,0.0954,age,35.0,-0.8716,country_france,0.0,0.1151
15752300,0.4323,active_member,1.0,-0.6325,age,48.0,0.8419
15752312,0.2989,products_number,2.0,-0.886,age,50.0,1.2514
15752344,0.0336,products_number,2.0,-1.3709,active_member,0.0,0.2851
15752388,0.0583,products_number,2.0,-1.2583,gender_Female,1.0,0.2761
15752409,0.0366,products_number,2.0,-1.2032,active_member,0.0,0.3026
15752463,0.1749,age,31.0,-0.9629,gender_Female,1.0,0.2792
15752467,0.0234,products_number,2.0,-1.2857,cidade_zaragoza,1.0,0.0694
15752488,0.1199,age,33.0,-1.0608,gender_Female,1.0,0.2566
15752502,0.2947,gender_Female,0.0,-0.3503,age,43.0,0.2848
15752508,0.0599,products_number,2.0,-1.0801,limite_credito,155680.02,0.184
15752534,0.0148,products_number,2.0,-1.3774,estimated_salary,182867.84,0.0905
15752578,0.134,age,38.0,-0.9521,limite_credito,203943.37,0.259
15752588,0.0176,products_number,2.0,-1.3051,credit_utilization,,0.0189
15752601,0.0691,products_number,2.0,-1.4212,gender_Female,1.0,0.2687
15752622,0.1501,age,34.0,-1.2328,balance,38550.06,0.274
15752626,0.0579,age,33.0,-1.2928,products_number,1.0,0.2118
15752650,0.2075,age,39.0,-0.5462,gender_Female,1.0,0.2384
15752694,0.0955,age,33.0,-1.2963,products_number,1.0,0.1723
15752731,0.2174,age,32.0,-1.2898,products_number,1.0,0.5409
15752809,0.3788,gender_Female,0.0,-0.2759,active_member,0.0,0.3514
15752816,0.1177,age,31.0,-1.2972,active_member,0.0,0.356
15752838,0.013,products_number,2.0,-1.4857,credit_utilization,,0.0252
15752857,0.7975,products_number,2.0,-0.9432,age,54.0,2.2302
15752885,0.1516,active_member,1.0,-0.5989,age,44.0,0.3433
15752912,0.0477,products_number,2.0,-1.2738,gender_Female,1.0,0.288
15752915,0.0505,products_number,2.0,-1.29,gender_Female,1.0,0.2443
15752953,0.0614,products_number,2.0,-1.7053,age,47.0,0.4097
15752956,0.0188,products_number,2.0,-1.2549,credit_score,629.0,0.0231
15752984,0.0782,active_member,1.0,-1.1796,gender_Female,1.0,0.2151
15753079,0.3752,tenure,5.0,-0.5907,products_number,3.0,2.0454
15753102,0.3929,gender_Female,0.0,-0.2648,active_member,0.0,0.3207
15753161,0.1257,products_number,2.0,-0.9552,active_member,0.0,0.2693
15753213,0.033,products_number,2.0,-1.3559,active_member,0.0,0.2333
15753215,0.051,products_number,2.0,-1.2871,active_member,0.0,0.2781
15753229,0.0465,age,31.0,-1.1683,products_number,1.0,0.1043
15753248,0.031,age,29.0,-1.3354,active_member,0.0,0.3324
15753343,0.0594,age,30.0,-1.3221,products_number,1.0,0.1637
15753362,0.0305,products_number,2.0,-1.3289,age,61.0,1.0538
15753462,0.0274,age,32.0,-1.0906,limite_credito,76447.34,0.0928
15753550,0.1371,products_number,2.0,-1.5473,gender_Female,1.0,0.327
15753566,0.2369,age,33.0,-1.3743,products_number,1.0,0.3751
15753591,0.0193,products_number,2.0,-1.4194,active_member,0.0,0.2106
15753639,0.1093,age,38.0,-0.936,limite_credito,216565.47,0.3221
15753679,0.0148,products_number,2.0,-1.2278,estimated_salary,162809.2,0.1092
15753719,0.302,age,31.0,-1.2144,products_number,1.0,0.4081
15753754,0.0234,products_number,2.0,-1.1581,gender_Female,1.0,0.2074
15753831,0.0748,age,33.0,-1.1272,products_number,1.0,0.1409
15753837,0.0129,products_number,2.0,-1.447,balance,0.0,0.0298
15753861,0.0962,age,29.0,-1.5153,active_member,0.0,0.3291
15753874,0.0408,tenure,10.0,-0.7097,products_number,1.0,0.0926
15753895,0.035,products_number,2.0,-1.3415,active_member,0.0,0.3678
15753955,0.0775,age,36.0,-1.1718,active_member,0.0,0.3055
15753969,0.1435,cidade_madrid,1.0,-0.4877,age,46.0,0.5014
15754012,0.0309,age,36.0,-0.9974,gender_Female,1.0,0.1344
15754053,0.3578,active_member,1.0,-0.9596,products_number,3.0,2.1524
15754068,0.0205,products_number,2.0,-1.236,balance,0.0,0.0649
15754072,0.0942,products_number,2.0,-1.2851,gender_Female,1.0,0.3452
15754084,0.0881,age,36.0,-0.972,products_number,1.0,0.1472
15754105,0.1256,age,39.0,-0.8736,active_member,0.0,0.3405
15754112,0.0464,products_number,2.0,-1.5774,age,56.0,1.4074
15754113,0.0552,products_number,2.0,-1.2235,gender_Female,1.0,0.2576
15754168,0.477,active_member,1.0,-0.3712,products_number,1.0,0.5078
15754177,0.7212,products_number,2.0,-0.6654,age,54.0,2.2422
15754261,0.1269,products_number,2.0,-1.0317,active_member,0.0,0.3286
15754267,0.057,age,33.0,-1.1242,limite_credito,282923.49,0.2885
15754301,0.2064,gender_Female,0.0,-0.5116,products_number,1.0,0.5629
15754342,0.5458,active_member,1.0,-0.9705,age,61.0,0.9369
15754494,0.3065,age,35.0,-1.0708,active_member,0.0,0.3816
15754526,0.1812,age,38.0,-0.6328,country_germany,1.0,0.436
15754537,0.4067,gender_Female,0.0,-0.3745,products_number,1.0,0.5356
15754574,0.0116,products_number,2.0,-1.3879,balance,0.0,0.0231
15754578,0.0544,age,36.0,-1.3076,active_member,0.0,0.2859
15754599,0.095,products_number,2.0,-1.0435,limite_credito,196883.71,0.3496
15754605,0.0326,products_number,2.0,-1.3993,gender_Female,1.0,0.2436
15754649,0.1079,products_number,2.0,-1.3647,age,58.0,1.4219
15754713,0.034,age,33.0,-1.166,products_number,1.0,0.0757
15754747,0.0703,products_number,2.0,-1.0566,cidade_cologne,1.0,0.3708
15754849,0.0814,age,33.0,-1.278,limite_credito,235945.41,0.2216
15754874,0.0866,age,28.0,-1.6167,active_member,0.0,0.3292
15754919,0.0803,products_number,2.0,-1.2599,gender_Female,1.0,0.3611
15754926,0.0462,products_number,2.0,-1.2696,active_member,0.0,0.2898
15754929,0.068,age,33.0,-1.3028,active_member,0.0,0.3325
15754952,0.6156,products_number,2.0,-1.0943,age,50.0,1.4463
15754999,0.1568,age,34.0,-1.2058,products_number,1.0,0.4892
15755018,0.109,age,28.0,-1.5703,active_member,0.0,0.302
15755138,0.0233,age,33.0,-1.2319,gender_Female,1.0,0.2326
15755209,0.1261,age,37.0,-0.6335,gender_Female,1.0,0.2
15755225,0.0716,products_number,2.0,-1.306,active_member,0.0,0.3766
15755239,0.0279,products_number,2.0,-1.0691,limite_credito,163874.95,0.2568
15755242,0.6978,active_member,1.0,-0.3961,age,48.0,0.9901
15755416,0.0865,age,29.0,-1.2968,gender_Female,1.0,0.2168
15755642,0.0099,products_number,2.0,-1.2577,salary_missing_flag,0.0,0.0026
15755648,0.1136,age,22.0,-1.4338,active_member,0.0,0.3545
15755649,0.7121,tenure,7.0,-0.4252,age,48.0,0.8311
15755722,0.0917,age,26.0,-1.6447,products_number,1.0,0.4164
15755798,0.0983,age,35.0,-1.2376,active_member,0.0,0.3272
15755825,0.0394,products_number,2.0,-1.4481,active_member,0.0,0.4025
15755863,0.1306,products_number,2.0,-1.4794,age,50.0,1.1129
15755868,0.1266,age,36.0,-1.3248,products_number,1.0,0.4566
15755978,0.0123,products_number,2.0,-1.2843,active_member,0.0,0.3059
15756056,0.0345,products_number,2.0,-1.3574,active_member,0.0,0.2783
15756070,0.0891,products_number,2.0,-1.3835,age,45.0,0.3857
15756071,0.0307,age,36.0,-1.1259,products_number,1.0,0.1195
15756118,0.1861,age,21.0,-1.394,products_number,1.0,0.4859
15756125,0.2334,products_number,2.0,-1.0914,limite_credito,176041.72,0.3977
15756148,0.2395,active_member,1.0,-0.5301,age,46.0,0.5655
15756150,0.0208,products_number,2.0,-1.3856,active_member,0.0,0.2687
15756155,0.0243,products_number,2.0,-1.2374,estimated_salary,97628.08,0.1094
15756167,0.3167,active_member,1.0,-0.5233,age,44.0,0.2554
15756196,0.1943,products_number,2.0,-1.0781,age,52.0,1.1442
15756241,0.4214,active_member,1.0,-0.3254,age,45.0,0.6683
15756277,0.1982,products_number,2.0,-1.3041,active_member,0.0,0.2877
15756299,0.1914,active_member,1.0,-1.1118,age,66.0,0.615
15756301,0.1497,age,31.0,-1.3829,products_number,1.0,0.2519
15756305,0.0292,products_number,2.0,-1.2081,gender_Female,1.0,0.2003
15756333,0.1209,products_number,2.0,-1.4236,age,56.0,1.4504
15756425,0.1392,age,32.0,-1.2323,active_member,0.0,0.4087
15756471,0.0564,age,28.0,-1.2084,limite_credito,323877.26,0.227
15756472,0.0383,age,27.0,-1.5989,active_member,0.0,0.324
15756475,0.0369,age,32.0,-1.0707,limite_credito,143086.59,0.2864
15756481,0.3282,age,41.0,-0.4048,active_member,0.0,0.3136
15756535,0.1976,age,40.0,-0.4846,country_germany,1.0,0.3828
15756538,0.2973,age,38.0,-0.583,products_number,1.0,0.5105
15756539,0.1024,products_number,2.0,-1.2175,active_member,0.0,0.2535
15756560,0.2751,products_number,2.0,-0.9884,age,47.0,0.3852
15756655,0.0919,products_number,2.0,-1.2521,active_member,0.0,0.2997
15756668,0.0458,age,31.0,-1.1948,products_number,1.0,0.0977
15756743,0.3013,age,38.0,-0.8378,active_member,0.0,0.3652
15756820,0.1037,age,27.0,-1.3094,gender_Female,1.0,0.2685
15756824,0.5759,products_number,2.0,-1.0982,age,52.0,1.3528
15756848,0.2625,tenure,10.0,-0.5442,products_number,1.0,0.453
15756850,0.0411,products_number,2.0,-1.5158,active_member,0.0,0.2633
15756871,0.131,age,40.0,-0.8944,products_number,1.0,0.4914
15756875,0.0601,age,35.0,-0.8561,products_number,1.0,0.0665
15756894,0.0637,age,30.0,-1.5381,products_number,1.0,0.4239
15756901,0.0359,age,28.0,-1.6421,limite_credito,117002.14,0.1451
15756918,0.0326,products_number,2.0,-1.3418,active_member,0.0,0.2645
15756926,0.0286,age,31.0,-1.2019,limite_credito,123615.9,0.1824
15756932,0.0624,products_number,2.0,-1.2648,gender_Female,1.0,0.357
15756954,0.1365,age,34.0,-1.1641,products_number,1.0,0.4704
15756975,0.0923,products_number,2.0,-1.2108,gender_Female,1.0,0.3475
15756992,0.0203,products_number,2.0,-1.3875,active_member,0.0,0.2991
15757001,0.03,age,33.0,-1.4747,gender_Female,1.0,0.1297
15757015,0.7135,tenure,5.0,-0.3171,products_number,1.0,0.4498
15757140,0.5003,active_member,1.0,-0.6985,age,53.0,1.5084
15757188,0.077,age,28.0,-1.2449,gender_Female,1.0,0.1974
15757310,0.151,active_member,1.0,-1.282,products_number,1.0,0.2907
15757385,0.1848,age,30.0,-1.1613,active_member,0.0,0.3378
15757425,0.0426,products_number,2.0,-1.3683,gender_Female,1.0,0.2452
15757434,0.0513,age,29.0,-1.5112,active_member,0.0,0.3178
15757467,0.043,products_number,2.0,-1.4459,age,59.0,1.0673
15757473,0.0515,age,29.0,-1.1943,gender_Female,1.0,0.187
15757521,0.0459,age,36.0,-1.1696,products_number,1.0,0.1391
15757537,0.1059,age,33.0,-1.2426,products_number,1.0,0.207
15757577,0.1051,active_member,1.0,-1.1873,age,62.0,0.9207
15757588,0.0151,age,32.0,-1.2606,active_member,0.0,0.2158
15757617,0.6148,estimated_salary,2267.88,-0.6956,age,57.0,1.7714
15757628,0.1165,tenure,10.0,-0.5814,products_number,1.0,0.2087
15757632,0.1654,products_number,2.0,-1.0636,limite_credito,259373.61,0.2743
15757646,0.0146,products_number,2.0,-1.4161,active_member,0.0,0.266
15757648,0.2313,age,36.0,-0.986,products_number,1.0,0.3645
15757661,0.0463,products_number,2.0,-1.3955,gender_Female,1.0,0.2287
15757777,0.035,products_number,2.0,-1.2382,gender_Female,1.0,0.1726
15757821,0.0195,age,20.0,-1.3019,active_member,0.0,0.3583
15757829,0.1351,products_number,2.0,-1.2419,active_member,0.0,0.2658
15757837,0.0559,products_number,2.0,-1.0528,limite_credito,64482.17,0.1538
15757865,0.0346,products_number,2.0,-1.3188,age,63.0,1.0033
15757895,0.2372,age,32.0,-1.1726,country_germany,1.0,0.3532
15757897,0.0843,age,27.0,-1.3697,gender_Female,1.0,0.2722
15757911,0.2949,age,33.0,-1.2882,products_number,1.0,0.5281
15757912,0.3298,age,38.0,-0.8099,products_number,1.0,0.4565
15757916,0.0386,products_number,2.0,-1.2702,gender_Female,1.0,0.1763
15757931,0.0124,age,26.0,-1.3466,active_member,0.0,0.2625
15757933,0.4152,age,31.0,-1.3575,products_number,1.0,0.4696
15757981,0.1264,active_member,1.0,-1.351,products_number,1.0,0.3625
15758013,0.0586,age,38.0,-0.8966,active_member,0.0,0.2214
15758031,0.1217,age,39.0,-0.5753,products_number,1.0,0.161
15758035,0.1663,active_member,1.0,-1.2777,age,62.0,0.8216
15758039,0.0422,products_number,2.0,-1.7244,age,45.0,0.363
15758048,0.403,active_member,1.0,-0.6879,age,51.0,1.3246
15758050,0.0368,products_number,2.0,-1.407,active_member,0.0,0.3081
15758056,0.0227,products_number,2.0,-1.3273,active_member,0.0,0.2969
15758081,0.15,gender_Female,0.0,-0.5051,balance,-138160.0,0.16
15758136,0.0685,age,38.0,-0.7358,estimated_salary,179421.84,0.1426
15758171,0.0782,age,22.0,-1.2099,products_number,1.0,0.44
15758252,0.2619,products_number,2.0,-1.1912,age,47.0,0.7799
15758306,0.024,products_number,2.0,-1.2568,balance,0.0,0.0741
15758362,0.2784,active_member,1.0,-0.3308,gender_Female,1.0,0.2342
15758449,0.3079,active_member,1.0,-0.3777,products_number,1.0,0.5008
15758451,0.4578,age,39.0,-0.7688,country_germany,1.0,0.5637
15758477,0.0315,age,33.0,-1.4578,active_member,0.0,0.216
15758482,0.0377,age,34.0,-1.3407,active_member,0.0,0.2709
15758510,0.0551,age,28.0,-1.3034,active_member,0.0,0.317
15758513,0.0482,products_number,2.0,-1.7371,active_member,0.0,0.3391
15758531,0.1047,products_number,2.0,-1.3027,gender_Female,1.0,0.3051
15758546,0.0101,products_number,2.0,-1.5353,balance,0.0,0.0337
15758639,0.0185,products_number,2.0,-1.3602,active_member,0.0,0.1683
15758685,0.0573,products_number,2.0,-1.3056,gender_Female,1.0,0.3484
15758692,0.0946,age,30.0,-1.4331,active_member,0.0,0.3273
15758702,0.1279,products_number,2.0,-1.4332,age,57.0,1.4854
15758726,0.0216,age,25.0,-1.1516,gender_Female,1.0,0.1641
15758750,0.0608,age,32.0,-1.2147,products_number,1.0,0.1449
15758755,0.0877,age,36.0,-1.1563,gender_Female,1.0,0.1808
15758769,0.6348,estimated_salary,4791.8,-0.2491,age,46.0,0.5481
15758775,0.0379,age,35.0,-0.9515,products_number,1.0,0.1901
15758836,0.1159,products_number,2.0,-0.9753,limite_credito,50695.22,0.286
15758856,0.0624,products_number,2.0,-1.7255,age,47.0,0.3613
15758939,0.1419,age,36.0,-0.9802,country_germany,1.0,0.4509
15759021,0.101,age,36.0,-1.2875,products_number,1.0,0.4796
15759034,0.139,age,37.0,-0.9739,active_member,0.0,0.3223
15759133,0.0285,products_number,2.0,-1.1366,balance,0.0,0.0853
15759140,0.1456,active_member,1.0,-1.126,age,66.0,0.5644
15759184,0.0585,age,35.0,-1.2803,active_member,0.0,0.3547
15759244,0.0681,products_number,2.0,-1.4536,age,45.0,0.4799
15759250,0.7285,active_member,1.0,-0.6533,age,53.0,1.4213
15759274,0.1178,age,34.0,-1.2201,products_number,1.0,0.4435
15759290,0.0243,products_number,2.0,-1.2693,active_member,0.0,0.381
15759298,0.0232,age,28.0,-1.3419,estimated_salary,176730.02,0.1149
15759317,0.1228,age,28.0,-1.4585,products_number,1.0,0.3197
15759381,0.1141,active_member,1.0,-1.3081,age,63.0,0.698
15759456,0.1022,age,35.0,-1.0869,active_member,0.0,0.3524
15759480,0.1158,tenure,10.0,-0.5298,products_number,1.0,0.1283
15759499,0.1352,age,33.0,-1.2596,gender_Female,1.0,0.2476
15759537,0.0298,products_number,2.0,-1.2697,limite_credito,39640.57,0.253
15759555,0.0399,products_number,2.0,-1.493,active_member,0.0,0.3235
15759566,0.0095,products_number,2.0,-1.1543,balance,0.0,0.1137
15759684,0.1019,age,28.0,-1.0368,limite_credito,476557.92,0.4031
15759690,0.0258,products_number,2.0,-1.7205,age,44.0,0.132
15759717,0.1136,products_number,2.0,-1.2922,active_member,0.0,0.3291
15759733,0.0225,age,27.0,-1.235,gender_Female,1.0,0.1984
15759751,0.0669,products_number,2.0,-1.6804,age,50.0,1.114
15759805,0.0344,age,33.0,-1.4276,active_member,0.0,0.2302
15759872,0.0293,age,24.0,-1.2483,active_member,0.0,0.3074
15759913,0.0452,products_number,2.0,-1.5888,age,45.0,0.297
15759915,0.1985,age,32.0,-1.2615,active_member,0.0,0.3724
15759966,0.2241,age,37.0,-0.9496,active_member,0.0,0.2912
15759991,0.1199,age,38.0,-1.0597,active_member,0.0,0.3254
15760063,0.0155,products_number,2.0,-1.2329,estimated_salary,168085.97,0.0683
15760085,0.4644,estimated_salary,198129.36,-0.7624,age,50.0,1.1098
15760090,0.0088,products_number,2.0,-1.2456,credit_utilization,,0.0353
15760102,0.4818,age,38.0,-0.879,products_number,1.0,0.5275
15760121,0.0715,age,33.0,-1.49,active_member,0.0,0.3912
15760177,0.0732,age,38.0,-0.6197,credit_utilization,0.5347440026763822,0.0888
15760244,0.046,age,77.0,-1.0285,gender_Female,1.0,0.1391
15760427,0.3574,gender_Female,0.0,-0.3678,active_member,0.0,0.3564
15760514,0.5092,products_number,2.0,-1.1018,age,45.0,0.5329
15760521,0.5484,active_member,1.0,-0.557,age,52.0,1.4693
15760568,0.0827,products_number,2.0,-1.2947,limite_credito,115164.69,0.2212
15760570,0.0202,age,34.0,-1.2433,active_member,0.0,0.2905
15760641,0.0614,age,27.0,-1.6232,country_germany,1.0,0.3737
15760662,0.1479,age,30.0,-1.3619,products_number,1.0,0.2887
15760749,0.0515,tenure,7.0,-0.503,products_number,1.0,0.0681
15760774,0.0389,age,22.0,-1.2888,limite_credito,357262.49,0.2006
15760825,0.0948,products_number,2.0,-1.3895,active_member,0.0,0.2872
15760849,0.0286,products_number,2.0,-1.5598,credit_score,537.0,0.1203
15760851,0.0214,age,32.0,-1.2865,active_member,0.0,0.3061
15760861,0.2267,active_member,1.0,-0.4684,age,45.0,0.6742
15760873,0.3912,active_member,1.0,-0.6044,age,52.0,1.3292
15760880,0.019,products_number,2.0,-1.2084,estimated_salary,25514.77,0.1585
15760924,0.2294,age,42.0,-0.5381,active_member,0.0,0.3161
15760988,0.0718,products_number,2.0,-1.2059,active_member,0.0,0.3864
15761024,0.0859,age,35.0,-0.9811,limite_credito,483234.69,0.2986
15761043,0.1786,products_number,2.0,-1.1328,active_member,0.0,0.3079
15761047,0.0268,age,33.0,-1.1268,limite_credito,158360.09,0.2587
15761076,0.0563,products_number,2.0,-1.1311,limite_credito,58229.2,0.2948
15761102,0.1946,age,34.0,-1.2588,active_member,0.0,0.3389
15761132,0.2728,active_member,1.0,-0.5745,age,48.0,0.8952
15761141,0.0464,products_number,2.0,-0.9983,gender_Female,1.0,0.2276
15761149,0.2574,tenure,8.0,-0.4468,age,45.0,0.6798
15761158,0.1231,products_number,2.0,-1.423,age,55.0,1.441
15761241,0.4249,age,38.0,-0.6295,country_germany,1.0,0.4149
15761286,0.12,active_member,1.0,-1.1979,gender_Female,1.0,0.2514
15761340,0.0172,products_number,2.0,-1.1647,balance,0.0,0.0851
15761348,0.0379,products_number,2.0,-1.3557,active_member,0.0,0.2578
15761364,0.0285,products_number,2.0,-1.2564,active_member,0.0,0.3758
15761374,0.4288,active_member,1.0,-0.9526,age,55.0,1.5198
15761453,0.451,gender_Female,0.0,-0.4764,products_number,1.0,0.546
15761477,0.0952,age,26.0,-1.3516,active_member,0.0,0.386
15761506,0.0376,age,21.0,-1.2592,active_member,0.0,0.3485
15761525,0.1022,age,32.0,-1.3348,active_member,0.0,0.3305
15761600,0.2111,active_member,1.0,-0.5277,age,44.0,0.4405
15761606,0.1459,age,38.0,-0.9612,active_member,0.0,0.3198
15761654,0.0644,age,32.0,-1.0245,products_number,1.0,0.1162
15761692,0.1037,products_number,2.0,-0.9477,limite_credito,247802.17,0.3878
15761706,0.1495,active_member,1.0,-0.4195,gender_Female,1.0,0.1361
15761717,0.0219,age,28.0,-1.6161,active_member,0.0,0.2169
15761720,0.1604,age,42.0,-0.4193,active_member,0.0,0.3373
15761733,0.0903,products_number,2.0,-1.403,gender_Female,1.0,0.315
15761763,0.0515,age,35.0,-1.2692,active_member,0.0,0.3171
15761775,0.0407,age,21.0,-0.9284,limite_credito,394344.64,0.1952
15761783,0.3929,gender_Female,0.0,-0.4581,products_number,1.0,0.5629
15761854,0.1774,age,25.0,-1.3496,products_number,1.0,0.459
15761886,0.0928,age,38.0,-0.7159,products_number,1.0,0.1235
15761976,0.0314,age,33.0,-1.4303,active_member,0.0,0.2853
15761986,0.205,age,33.0,-1.2796,active_member,0.0,0.4219
15762045,0.0421,products_number,2.0,-1.172,gender_Female,1.0,0.1195
15762091,0.2301,age,24.0,-1.3489,products_number,1.0,0.3298
15762110,0.0143,products_number,2.0,-1.4756,credit_score,628.0,0.0468
15762123,0.0544,products_number,2.0,-1.3251,active_member,0.0,0.3141
15762134,0.1163,products_number,2.0,-1.2463,age,60.0,1.0541
15762138,0.0695,products_number,2.0,-1.7564,estimated_salary,178504.29,0.3241
15762172,0.0443,products_number,2.0,-1.4303,gender_Female,1.0,0.2559
15762198,0.0663,age,36.0,-1.0989,estimated_salary,166038.27,0.2165
15762216,0.1791,products_number,2.0,-1.142,active_member,0.0,0.2323
15762218,0.064,products_number,2.0,-1.3757,gender_Female,1.0,0.3276
15762228,0.0884,age,36.0,-1.1004,active_member,0.0,0.3365
15762238,0.2508,products_number,2.0,-1.1127,age,46.0,0.7077
15762268,0.2315,tenure,10.0,-0.428,active_member,0.0,0.3608
15762331,0.0915,age,39.0,-0.9433,active_member,0.0,0.2392
15762332,0.0516,age,33.0,-1.3415,gender_Female,1.0,0.0902
15762351,0.103,products_number,2.0,-1.1883,age,64.0,1.0277
15762392,0.0537,age,31.0,-1.0816,products_number,1.0,0.1188
15762543,0.0189,age,33.0,-1.5882,active_member,0.0,0.2231
15762573,0.0312,products_number,2.0,-1.372,active_member,0.0,0.2832
15762588,0.0142,products_number,2.0,-1.1848,credit_utilization,,0.0257
15762605,0.3081,active_member,1.0,-0.8683,age,59.0,1.3343
15762615,0.1596,active_member,1.0,-0.512,gender_Female,1.0,0.2303
15762682,0.1278,age,37.0,-0.986,active_member,0.0,0.2965
15762708,0.1342,active_member,1.0,-0.4231,gender_Female,1.0,0.1322
15762745,0.1481,age,33.0,-1.4381,products_number,1.0,0.4916
15762762,0.8347,tenure,5.0,-0.3422,age,46.0,0.582
15762793,0.0747,products_number,2.0,-1.1804,limite_credito,240767.62,0.265
15762799,0.0439,age,25.0,-1.2596,limite_credito,201058.61,0.1741
15762803,0.018,age,33.0,-1.2821,active_member,0.0,0.2874
15762821,0.0152,products_number,2.0,-1.357,credit_score,721.0,0.0362
15762855,0.0539,products_number,2.0,-1.2173,gender_Female,1.0,0.2485
15762882,0.1288,age,33.0,-1.3279,products_number,1.0,0.3476
15762902,0.0863,products_number,2.0,-1.4491,gender_Female,1.0,0.3622
15762927,0.6399,age,37.0,-0.6985,country_germany,1.0,0.4328
15762928,0.3112,cidade_madrid,1.0,-0.6421,products_number,1.0,0.4128
15762937,0.0673,age,33.0,-1.2435,limite_credito,220267.64,0.2587
15762984,0.0295,products_number,2.0,-1.3689,active_member,0.0,0.309
15762993,0.0405,age,34.0,-1.047,limite_credito,294741.3,0.3376
15763055,0.0391,age,33.0,-1.1365,credit_utilization,0.5389112627800748,0.0913
15763063,0.1959,age,26.0,-1.3683,active_member,0.0,0.3925
15763065,0.0994,products_number,2.0,-1.3258,gender_Female,1.0,0.2951
15763093,0.046,products_number,2.0,-1.2255,active_member,0.0,0.2541
15763097,0.0135,products_number,2.0,-1.1844,cidade_sevilla,1.0,0.0704
15763107,0.1783,age,32.0,-1.115,products_number,1.0,0.4967
15763111,0.1331,active_member,1.0,-1.2882,gender_Female,1.0,0.2093
15763148,0.13,age,40.0,-0.8005,active_member,0.0,0.3048
15763171,0.2009,age,26.0,-1.4453,products_number,1.0,0.284
15763194,0.0149,products_number,2.0,-1.2601,balance,0.0,0.0406
15763218,0.0535,products_number,2.0,-1.4171,gender_Female,1.0,0.1926
15763274,0.5573,cidade_toulouse,1.0,-0.5048,age,50.0,1.3021
15763327,0.016,age,34.0,-1.2473,limite_credito,244707.41,0.242
15763381,0.0288,age,31.0,-1.2192,products_number,1.0,0.0686
15763414,0.3819,age,33.0,-1.4194,active_member,0.0,0.4419
15763415,0.4789,active_member,1.0,-0.4092,country_germany,1.0,0.5567
15763431,0.0746,products_number,2.0,-0.9185,limite_credito,72680.28,0.2532
15763460,0.1074,age,34.0,-1.164,active_member,0.0,0.3262
15763515,0.0356,products_number,2.0,-1.2612,active_member,0.0,0.2344
15763544,0.0725,products_number,2.0,-1.7383,age,48.0,0.6217
15763579,0.0617,products_number,2.0,-1.2651,gender_Female,1.0,0.1771
15763612,0.0662,products_number,2.0,-1.4113,limite_credito,80995.2,0.2669
15763613,0.0232,products_number,2.0,-1.3409,active_member,0.0,0.2458
15763662,0.1229,products_number,2.0,-1.432,age,45.0,0.2653
15763665,0.0467,age,29.0,-1.6772,active_member,0.0,0.2834
15763704,0.3821,products_number,2.0,-1.2077,age,45.0,0.2816
15763747,0.0168,products_number,2.0,-1.349,credit_utilization,,0.0414
15763798,0.0299,age,25.0,-1.6169,products_number,1.0,0.1227
15763806,0.018,products_number,2.0,-1.521,credit_utilization,,0.0159
15763859,0.0986,products_number,2.0,-1.5019,age,45.0,0.2789
15763898,0.0988,products_number,2.0,-1.4893,age,47.0,0.6354
15763922,0.0544,age,32.0,-1.1923,active_member,0.0,0.308
15763980,0.0816,age,31.0,-1.2664,products_number,1.0,0.3486
15764021,0.0585,age,35.0,-1.3065,active_member,0.0,0.2752
15764072,0.0469,age,33.0,-1.4164,gender_Female,1.0,0.1774
15764073,0.0328,products_number,2.0,-1.2521,gender_Female,1.0,0.2554
15764105,0.5671,products_number,2.0,-1.2149,age,58.0,2.2024
15764174,0.0509,products_number,2.0,-1.1973,gender_Female,1.0,0.2272
15764195,0.1077,age,40.0,-0.4842,credit_score,519.0,0.1114
15764226,0.2218,age,30.0,-1.3194,products_number,1.0,0.3018
15764237,0.0271,products_number,2.0,-1.3718,active_member,0.0,0.3447
15764253,0.0826,age,33.0,-1.3916,active_member,0.0,0.3623
15764284,0.1398,age,28.0,-1.6358,products_number,3.0,2.497
15764293,0.0172,products_number,2.0,-1.2215,balance,0.0,0.0629
15764294,0.1774,age,33.0,-1.3004,products_number,1.0,0.3406
15764314,0.1088,products_number,2.0,-1.1872,active_member,0.0,0.3082
15764335,0.2342,products_number,2.0,-1.2181,limite_credito,288775.19,0.3377
15764343,0.4865,tenure,8.0,-0.3236,age,47.0,0.4306
15764351,0.4625,active_member,1.0,-0.874,age,60.0,0.9512
15764405,0.0137,products_number,2.0,-1.2396,estimated_salary,162452.65,0.0864
15764409,0.1254,age,39.0,-0.5971,products_number,1.0,0.0833
15764419,0.0114,products_number,2.0,-1.275,credit_score,730.0,0.06
15764432,0.3416,balance,164307.77,-0.4791,products_number,1.0,0.3195
15764444,0.1213,active_member,1.0,-1.1948,age,60.0,1.1293
15764448,0.2871,age,37.0,-0.8838,country_germany,1.0,0.5329
15764491,0.0592,age,36.0,-0.8244,limite_credito,475924.63,0.3785
15764537,0.0337,products_number,2.0,-1.6837,active_member,0.0,0.3421
15764618,0.3482,age,40.0,-0.4303,products_number,1.0,0.4508
15764654,0.0286,products_number,2.0,-0.7564,limite_credito,219401.39,0.3254
15764661,0.2253,age,35.0,-1.2155,products_number,1.0,0.4837
15764708,0.1263,age,32.0,-1.2538,active_member,0.0,0.3553
15764726,0.0288,age,24.0,-1.4177,products_number,1.0,0.1059
15764892,0.3701,active_member,1.0,-0.7791,age,53.0,1.5402
15764922,0.105,age,22.0,-1.3665,active_member,0.0,0.4462
15764927,0.0322,age,94.0,-0.9395,products_number,1.0,0.2071
15765014,0.3209,products_number,2.0,-0.8992,age,49.0,1.1112
15765048,0.0238,products_number,2.0,-1.2751,active_member,0.0,0.2198
15765093,0.0528,age,24.0,-1.4533,products_number,1.0,0.1055
15765192,0.0225,age,27.0,-1.5919,active_member,0.0,0.2896
15765258,0.0451,products_number,2.0,-1.2078,gender_Female,1.0,0.2642
15765266,0.0099,age,33.0,-1.3543,active_member,0.0,0.2817
15765283,0.2473,products_number,2.0,-1.2011,limite_credito,233358.02,0.3348
15765287,0.089,products_number,2.0,-1.3402,gender_Female,1.0,0.3114
15765297,0.0176,products_number,2.0,-1.4274,balance,0.0,0.0207
15765311,0.1547,age,36.0,-1.1107,products_number,1.0,0.4857
15765322,0.0349,age,24.0,-1.1381,limite_credito,118008.91,0.2559
15765345,0.0202,products_number,2.0,-1.3408,balance,0.0,0.039
15765375,0.7388,tenure,8.0,-0.3097,age,48.0,0.8187
15765402,0.3076,cidade_lyon,1.0,-0.3812,active_member,0.0,0.3319
15765415,0.292,active_member,1.0,-0.4421,age,46.0,0.503
15765457,0.1214,age,37.0,-0.7326,products_number,1.0,0.2099
15765461,0.2295,products_number,2.0,-1.538,age,49.0,1.0854
15765487,0.4065,age,40.0,-0.4843,country_germany,1.0,0.3936
15765520,0.1831,age,28.0,-1.4196,active_member,0.0,0.3525
15765532,0.0556,age,77.0,-1.2377,products_number,1.0,0.2257
15765537,0.0695,age,27.0,-1.4469,products_number,1.0,0.2745
15765643,0.0567,products_number,2.0,-0.8054,limite_credito,287100.07,0.358
15765650,0.5574,tenure,5.0,-0.4119,country_germany,1.0,0.5279
15765732,0.1205,age,25.0,-1.1306,gender_Female,1.0,0.192
15765806,0.0369,age,31.0,-1.3762,products_number,1.0,0.1606
15765812,0.047,products_number,2.0,-1.4949,age,50.0,0.9473
15765846,0.2111,age,33.0,-1.3391,active_member,0.0,0.3751
15765857,0.1807,age,42.0,-0.5729,active_member,0.0,0.3301
15765902,0.0755,products_number,2.0,-1.0582,limite_credito,226117.59,0.308
15765952,0.1052,age,30.0,-1.4347,active_member,0.0,0.274
15766047,0.1958,active_member,1.0,-0.4379,gender_Female,1.0,0.1527
15766064,0.0716,age,34.0,-1.2546,active_member,0.0,0.3587
15766066,0.2713,age,30.0,-1.5866,active_member,0.0,0.3911
15766137,0.0147,products_number,2.0,-1.2629,balance,0.0,0.0294
15766163,0.0255,products_number,2.0,-1.4048,estimated_salary,35644.79,0.0693
15766166,0.0998,active_member,1.0,-0.5609,age,44.0,0.2242
15766172,0.1311,age,35.0,-1.2455,active_member,0.0,0.368
15766183,0.0307,active_member,1.0,-0.9705,limite_credito,318836.78,0.2526
15766185,0.094,age,32.0,-1.2136,country_germany,1.0,0.3225
15766205,0.3839,active_member,1.0,-0.4087,country_germany,1.0,0.4935
15766272,0.4044,active_member,1.0,-1.0334,age,63.0,0.6411
15766289,0.2191,products_number,2.0,-1.2208,age,48.0,0.5193
15766374,0.0909,products_number,2.0,-1.4428,limite_credito,130651.16,0.3389
15766378,0.4752,products_number,2.0,-1.1413,age,47.0,0.7664
15766417,0.0835,products_number,2.0,-1.2274,age,62.0,1.0956
15766458,0.1178,age,34.0,-1.2957,active_member,0.0,0.3184
15766552,0.0267,products_number,2.0,-1.401,active_member,0.0,0.2775
15766609,0.2985,products_number,2.0,-1.4277,age,49.0,1.0838
15766649,0.1258,age,40.0,-0.5481,active_member,0.0,0.4049
15766659,0.0392,products_number,2.0,-1.35,active_member,0.0,0.3138
15766663,0.0292,age,23.0,-1.2532,active_member,0.0,0.2278
15766667,0.0934,products_number,2.0,-0.8486,limite_credito,198851.52,0.3075
15766686,0.6578,age,40.0,-0.6546,country_germany,1.0,0.5082
15766734,0.1405,age,33.0,-1.428,products_number,1.0,0.4742
15766741,0.0471,age,38.0,-0.7291,products_number,1.0,0.1064
15766746,0.1031,age,37.0,-1.0045,active_member,0.0,0.2958
15766765,0.3009,age,40.0,-0.6294,products_number,1.0,0.4106
15766776,0.3156,active_member,1.0,-0.3901,products_number,1.0,0.5546
15766787,0.0563,products_number,2.0,-1.2132,gender_Female,1.0,0.318
15766810,0.5084,products_number,2.0,-0.9543,age,53.0,1.3965
15766869,0.0411,products_number,2.0,-1.0615,limite_credito,218219.38,0.2506
15766887,0.1261,products_number,2.0,-0.7723,limite_credito,251259.46,0.4279
15766896,0.024,products_number,2.0,-1.3524,active_member,0.0,0.2159
15766906,0.1566,age,27.0,-1.2602,active_member,0.0,0.3409
15766908,0.2801,age,34.0,-1.4507,active_member,0.0,0.4049
15767064,0.2436,age,37.0,-0.6541,balance,44054.84,0.3476
15767129,0.16,active_member,1.0,-1.1066,age,61.0,0.6229
15767231,0.0728,age,37.0,-1.0824,active_member,0.0,0.3119
15767339,0.8166,products_number,2.0,-1.0385,age,55.0,2.4587
15767391,0.0997,age,33.0,-1.2572,limite_credito,266261.24,0.282
15767414,0.1,products_number,2.0,-0.8775,limite_credito,276645.06,0.4569
15767432,0.0421,age,27.0,-1.9949,products_number,3.0,1.8657
15767488,0.0309,products_number,2.0,-1.371,active_member,0.0,0.3176
15767594,0.0358,products_number,2.0,-1.3304,gender_Female,1.0,0.2554
15767598,0.0166,products_number,2.0,-1.3317,active_member,0.0,0.3041
15767626,0.0136,products_number,2.0,-1.6048,balance,0.0,0.0808
15767681,0.0112,products_number,2.0,-1.2737,credit_card,0.0,0.0141
15767722,0.2444,estimated_salary,197933.5,-0.5075,active_member,0.0,0.2815
15767757,0.1872,age,31.0,-0.8409,gender_Female,1.0,0.1693
15767781,0.0891,age,39.0,-0.8714,active_member,0.0,0.297
15767793,0.1407,products_number,2.0,-1.2312,active_member,0.0,0.3251
15767794,0.0325,age,33.0,-1.2956,products_number,1.0,0.103
15767804,0.041,products_number,2.0,-1.7445,active_member,0.0,0.3453
15767818,0.4564,estimated_salary,978.66,-0.653,age,57.0,1.8028
15767821,0.0387,age,32.0,-1.2014,active_member,0.0,0.2322
15767864,0.0477,products_number,2.0,-1.2849,active_member,0.0,0.3121
15767871,0.042,products_number,2.0,-1.6627,age,50.0,1.2117
15767891,0.0733,age,30.0,-1.3558,active_member,0.0,0.3242
15767894,0.0256,products_number,2.0,-1.2154,gender_Female,1.0,0.1572
15767908,0.1363,products_number,2.0,-0.7811,limite_credito,301709.71,0.4008
15767921,0.02,products_number,2.0,-1.5373,active_member,0.0,0.2014
15767954,0.0482,age,30.0,-1.314,limite_credito,137171.62,0.2067
15768006,0.0479,age,36.0,-1.2893,active_member,0.0,0.2912
15768095,0.0871,age,33.0,-1.3258,products_number,1.0,0.4582
15768120,0.1138,products_number,2.0,-1.0751,active_member,0.0,0.3563
15768193,0.1171,products_number,2.0,-1.0817,active_member,0.0,0.348
15768201,0.2159,active_member,1.0,-0.4345,products_number,1.0,0.2359
15768219,0.0126,products_number,2.0,-1.3947,active_member,0.0,0.2786
15768244,0.0369,products_number,2.0,-1.2654,gender_Female,1.0,0.1888
15768270,0.0309,age,33.0,-1.4177,active_member,0.0,0.3011
15768282,0.0783,products_number,2.0,-1.0992,limite_credito,276281.37,0.3018
15768293,0.0272,products_number,2.0,-1.6275,age,53.0,1.3016
15768295,0.0606,age,35.0,-1.2503,products_number,1.0,0.2208
15768340,0.2592,age,20.0,-1.2967,products_number,1.0,0.3824
15768359,0.1973,age,38.0,-0.9144,active_member,0.0,0.2871
15768387,0.0239,products_number,2.0,-1.4624,active_member,0.0,0.3209
15768449,0.1123,products_number,2.0,-1.0368,balance,51582.5,0.2356
15768455,0.0372,active_member,1.0,-1.3461,age,61.0,1.0128
15768465,0.0366,products_number,2.0,-1.1188,limite_credito,204994.97,0.2608
15768474,0.0353,products_number,2.0,-1.376,active_member,0.0,0.3354
15768476,0.0178,products_number,2.0,-1.2217,estimated_salary,67667.19,0.0214
15768530,0.0277,products_number,2.0,-1.1781,gender_Female,1.0,0.1929
15768566,0.0157,products_number,2.0,-1.2551,balance,0.0,0.0155
15768574,0.2123,active_member,1.0,-1.1138,age,59.0,1.1875
15768682,0.266,age,40.0,-0.4402,products_number,1.0,0.5556
15768746,0.0362,products_number,2.0,-1.289,active_member,0.0,0.303
15768777,0.0386,products_number,2.0,-1.2815,gender_Female,1.0,0.1812
15768816,0.168,products_number,2.0,-1.4789,active_member,0.0,0.293
15768881,0.0209,products_number,2.0,-1.3319,estimated_salary,170421.13,0.192
15768887,0.0178,products_number,2.0,-1.1818,cidade_zaragoza,1.0,0.0438
15768945,0.0583,age,28.0,-1.4805,products_number,1.0,0.1994
15769005,0.2188,products_number,2.0,-1.0232,age,50.0,1.185
15769051,0.0696,age,26.0,-1.2684,products_number,1.0,0.4311
15769110,0.1739,products_number,2.0,-1.5353,age,47.0,0.5316
15769125,0.1005,products_number,2.0,-1.23,gender_Female,1.0,0.3362
15769191,0.2169,active_member,1.0,-1.0583,age,56.0,1.4048
15769254,0.091,products_number,2.0,-1.3015,active_member,0.0,0.2952
15769272,0.216,age,27.0,-1.417,active_member,0.0,0.3443
15769308,0.0581,products_number,2.0,-1.1565,active_member,0.0,0.2355
15769346,0.1766,age,38.0,-0.8423,active_member,0.0,0.3324
15769356,0.0666,age,25.0,-1.3352,balance,116022.53,0.1901
15769389,0.6737,age,41.0,-0.3223,country_germany,1.0,0.4382
15769402,0.043,age,29.0,-1.3413,products_number,1.0,0.1104
15769451,0.0602,products_number,2.0,-1.4531,age,45.0,0.5026
15769499,0.0307,products_number,2.0,-1.109,gender_Female,1.0,0.1766
15769504,0.2113,age,36.0,-1.0383,country_germany,1.0,0.4333
15769516,0.1143,products_number,2.0,-1.5207,active_member,0.0,0.3308
15769522,0.3044,active_member,1.0,-0.6645,age,52.0,1.3883
15769548,0.2261,age,38.0,-0.815,active_member,0.0,0.3159
15769582,0.0211,products_number,2.0,-1.174,credit_score,586.0,0.0553
15769586,0.1007,products_number,2.0,-1.4859,age,51.0,1.266
15769645,0.2774,age,36.0,-1.0341,products_number,1.0,0.4402
15769781,0.0365,products_number,2.0,-1.1935,gender_Female,1.0,0.2748
15769783,0.125,age,38.0,-0.6812,products_number,1.0,0.4782
15769818,0.1641,age,38.0,-0.7193,gender_Female,1.0,0.2283
15769829,0.0546,products_number,2.0,-1.6039,age,52.0,1.125
15769902,0.0303,products_number,2.0,-1.2058,gender_Female,1.0,0.1902
15769915,0.094,age,22.0,-1.2333,products_number,1.0,0.1374
15769917,0.8938,age,35.0,-0.9804,products_number,3.0,3.2576
15769948,0.2153,age,37.0,-0.6292,country_germany,1.0,0.486
15769955,0.0594,products_number,2.0,-1.3746,active_member,0.0,0.2929
15769974,0.3667,age,36.0,-1.0349,active_member,0.0,0.388
15769980,0.4024,active_member,1.0,-0.419,country_germany,1.0,0.3626
15770030,0.0239,products_number,2.0,-1.2182,gender_Female,1.0,0.1933
15770041,0.2667,active_member,1.0,-0.4684,age,44.0,0.225
15770091,0.1034,age,30.0,-1.1581,active_member,0.0,0.3657
15770101,0.166,products_number,2.0,-1.418,limite_credito,147024.74,0.3139
15770121,0.2116,age,35.0,-1.2614,products_number,1.0,0.5397
15770159,0.027,age,26.0,-1.0232,limite_credito,431052.07,0.0785
15770174,0.1165,age,31.0,-1.2844,active_member,0.0,0.3018
15770185,0.041,age,34.0,-1.563,active_member,0.0,0.349
15770214,0.0213,age,29.0,-1.3587,active_member,0.0,0.2598
15770225,0.0205,products_number,2.0,-1.3944,estimated_salary,65816.53,0.0997
15770255,0.1509,age,34.0,-1.3562,active_member,0.0,0.4345
15770291,0.0278,age,30.0,-1.5015,active_member,0.0,0.2687
15770309,0.0275,age,20.0,-1.2445,products_number,1.0,0.0175
15770345,0.1116,age,33.0,-1.2429,products_number,1.0,0.1573
15770375,0.3499,age,28.0,-1.5192,products_number,1.0,0.4056
15770405,0.0755,age,28.0,-1.3961,active_member,0.0,0.2883
15770406,0.3896,age,37.0,-0.6467,country_germany,1.0,0.514
15770420,0.1571,products_number,2.0,-1.257,age,48.0,0.9015
15770424,0.1192,products_number,2.0,-1.2828,active_member,0.0,0.3436
15770435,0.3307,products_number,2.0,-0.9157,age,52.0,1.1477
15770498,0.1138,age,38.0,-0.7203,gender_Female,1.0,0.2029
15770516,0.4023,products_number,2.0,-0.7391,age,46.0,0.4667
15770525,0.0625,age,30.0,-1.2952,active_member,0.0,0.3231
15770539,0.0322,age,31.0,-1.359,products_number,1.0,0.1461
15770543,0.0725,age,38.0,-0.9323,active_member,0.0,0.2682
15770548,0.2225,age,30.0,-1.4322,products_number,1.0,0.4231
15770554,0.0315,age,33.0,-1.1611,limite_credito,153673.38,0.2422
15770567,0.0527,age,33.0,-1.5001,products_number,1.0,0.1923
15770576,0.1598,products_number,2.0,-0.8325,age,52.0,1.0952
15770631,0.0474,age,26.0,-1.1882,limite_credito,452118.24,0.3076
15770711,0.1302,age,30.0,-1.37,products_number,1.0,0.3215
15770719,0.1862,active_member,1.0,-0.4306,products_number,1.0,0.2291
15770811,0.0125,products_number,2.0,-1.363,credit_score,519.0,0.0403
15770968,0.108,age,21.0,-1.3812,active_member,0.0,0.3023
15770974,0.0705,products_number,2.0,-1.3675,active_member,0.0,0.306
15770984,0.2144,products_number,2.0,-0.6372,limite_credito,198982.31,0.4058
15770995,0.5447,estimated_salary,197444.69,-1.0053,age,49.0,0.8878
15771000,0.1832,age,40.0,-0.8087,products_number,3.0,1.9546
15771054,0.0289,products_number,2.0,-1.3988,active_member,0.0,0.2956
15771059,0.2838,age,36.0,-0.9196,products_number,1.0,0.4722
15771087,0.0935,active_member,1.0,-0.9971,limite_credito,76044.5,0.1117
15771139,0.0819,products_number,2.0,-1.258,active_member,0.0,0.3631
15771154,0.0634,active_member,1.0,-0.966,gender_Female,1.0,0.2502
15771211,0.0675,gender_Female,0.0,-0.5372,credit_utilization,0.7473729199938203,0.0788
15771222,0.0865,products_number,2.0,-1.4818,active_member,0.0,0.31
15771323,0.1105,active_member,1.0,-0.3924,credit_utilization,0.7423888855758701,0.1145
15771477,0.7055,cidade_nantes,1.0,-0.4722,age,51.0,1.6335
15771483,0.0244,products_number,2.0,-1.5476,credit_score,609.0,0.0834
15771509,0.248,products_number,2.0,-1.1651,age,44.0,0.3043
15771535,0.0686,products_number,2.0,-1.3053,gender_Female,1.0,0.3262
15771540,0.1023,age,39.0,-0.9373,active_member,0.0,0.3371
15771569,0.483,active_member,1.0,-0.5268,age,47.0,0.8643
15771580,0.0941,age,39.0,-0.592,gender_Female,1.0,0.2104
15771636,0.25,age,38.0,-0.9506,products_number,1.0,0.4576
15771674,0.1621,products_number,2.0,-0.804,limite_credito,461240.06,0.5248
15771702,0.0724,age,36.0,-1.1158,active_member,0.0,0.2608
15771728,0.7306,tenure,7.0,-0.4766,products_number,3.0,2.2771
15771749,0.1602,products_number,2.0,-1.1112,limite_credito,227445.94,0.3594
15771750,0.4912,age,38.0,-0.9297,country_germany,1.0,0.4154
15771855,0.0176,products_number,2.0,-1.4209,balance,0.0,0.1003
15771856,0.048,age,33.0,-1.4185,active_member,0.0,0.39
15771857,0.0632,products_number,2.0,-0.8397,limite_credito,210113.06,0.3501
15771873,0.0773,products_number,2.0,-1.1788,active_member,0.0,0.2392
15771966,0.2543,gender_Female,0.0,-0.3677,active_member,0.0,0.4046
15771977,0.1971,estimated_salary,194945.8,-0.4516,active_member,0.0,0.3019
15771997,0.1159,age,33.0,-1.3909,active_member,0.0,0.3639
15772009,0.301,cidade_lyon,1.0,-0.3934,products_number,1.0,0.5087
15772030,0.0222,products_number,2.0,-1.3347,cidade_bilbao,1.0,0.0421
15772148,0.356,age,39.0,-0.5806,country_germany,1.0,0.3878
15772216,0.0996,active_member,1.0,-1.261,gender_Female,1.0,0.0949
15772250,0.79,gender_Female,0.0,-0.3741,age,48.0,0.9215
15772262,0.3589,age,39.0,-0.5619,country_germany,1.0,0.5146
15772341,0.0732,age,83.0,-1.4887,country_germany,1.0,0.2765
15772363,0.6625,tenure,0.0,-0.403,products_number,1.0,0.4018
15772381,0.3159,age,40.0,-0.6607,country_germany,1.0,0.4274
15772383,0.1048,age,37.0,-0.9793,active_member,0.0,0.3266
15772421,0.2323,age,32.0,-1.2099,products_number,1.0,0.3181
15772479,0.0256,products_number,2.0,-1.3908,active_member,0.0,0.3362
15772503,0.0413,age,34.0,-1.3073,active_member,0.0,0.3318
15772573,0.534,active_member,1.0,-0.9813,age,57.0,1.5623
15772601,0.1439,products_number,2.0,-1.2367,active_member,0.0,0.2384
15772604,0.0711,age,37.0,-1.0369,active_member,0.0,0.3386
15772618,0.0409,age,27.0,-1.3455,credit_utilization,0.8591294459841936,0.105
15772632,0.0477,products_number,2.0,-1.2586,gender_Female,1.0,0.3151
15772777,0.0556,products_number,2.0,-1.1487,gender_Female,1.0,0.3041
15772798,0.0236,products_number,2.0,-1.1696,gender_Female,1.0,0.2203
15772892,0.7805,cidade_bordeaux,1.0,-0.4235,age,50.0,1.053
15772933,0.1138,age,32.0,-1.0278,products_number,1.0,0.4484
15772941,0.2688,age,31.0,-1.1008,country_germany,1.0,0.3832
15772995,0.0735,age,32.0,-1.3267,active_member,0.0,0.3426
15772996,0.0935,products_number,2.0,-1.0343,limite_credito,315598.92,0.3586
15773017,0.0682,products_number,2.0,-1.2644,gender_Female,1.0,0.265
15773039,0.2143,age,39.0,-0.6144,products_number,1.0,0.5535
15773071,0.1634,age,35.0,-0.8369,gender_Female,1.0,0.2064
15773098,0.0227,products_number,2.0,-1.357,active_member,0.0,0.3143
15773146,0.0543,age,27.0,-0.9826,limite_credito,360777.28,0.2153
15773242,0.0082,products_number,2.0,-1.27,estimated_salary,168779.47,0.024
15773260,0.1265,age,33.0,-1.4526,active_member,0.0,0.3561
15773273,0.1534,age,39.0,-0.6249,estimated_salary,163317.5,0.2305
15773277,0.087,age,36.0,-1.0997,active_member,0.0,0.3761
15773322,0.8285,tenure,4.0,-0.1769,age,46.0,0.5625
15773338,0.1564,active_member,1.0,-0.9456,age,59.0,1.1041
15773394,0.0197,products_number,2.0,-1.4632,balance,0.0,0.0332
15773421,0.1431,products_number,2.0,-1.5229,active_member,0.0,0.3207
15773456,0.081,products_number,2.0,-1.2012,limite_credito,249419.08,0.4065
15773469,0.1025,age,29.0,-1.3491,active_member,0.0,0.3
15773487,0.1537,age,33.0,-1.3347,active_member,0.0,0.3325
15773503,0.0407,products_number,2.0,-1.2561,active_member,0.0,0.4301
15773512,0.3047,age,26.0,-1.1008,products_number,1.0,0.4971
15773520,0.3028,products_number,2.0,-0.9471,age,45.0,0.5773
15773591,0.2229,products_number,2.0,-1.1347,age,48.0,0.8506
15773605,0.0454,products_number,2.0,-1.3368,active_member,0.0,0.3002
15773639,0.4409,age,36.0,-1.0628,products_number,1.0,0.4407
15773709,0.0085,products_number,2.0,-1.3533,country_france,0.0,0.0122
15773731,0.0608,products_number,2.0,-1.3294,active_member,0.0,0.2884
15773751,0.1066,age,30.0,-1.5538,active_member,0.0,0.3265
15773776,0.4196,age,40.0,-0.4424,products_number,1.0,0.5317
15773779,0.2553,active_member,1.0,-0.4571,age,47.0,0.6313
15773809,0.028,products_number,2.0,-1.7423,active_member,0.0,0.2479
15773852,0.0667,products_number,2.0,-1.0607,limite_credito,203202.59,0.2923
15773869,0.2495,active_member,1.0,-1.1675,age,60.0,1.2484
15773876,0.063,products_number,2.0,-1.2786,gender_Female,1.0,0.3203
15773890,0.0131,products_number,2.0,-1.2176,credit_utilization,,0.0212
15773906,0.0169,products_number,2.0,-1.4687,active_member,0.0,0.2811
15773934,0.0608,age,34.0,-1.3984,active_member,0.0,0.3532
15773949,0.0325,products_number,2.0,-1.2523,gender_Female,1.0,0.2597
15773973,0.0307,products_number,2.0,-1.6789,estimated_salary,191215.61,0.1887
15774098,0.0967,products_number,2.0,-1.2131,limite_credito,209634.5,0.3648
15774104,0.0224,products_number,2.0,-1.3995,credit_score,539.0,0.1247
15774127,0.1107,products_number,2.0,-1.7054,age,48.0,0.5934
15774133,0.1072,age,37.0,-0.7272,products_number,1.0,0.2134
15774155,0.1081,age,34.0,-1.3465,country_germany,1.0,0.3284
15774164,0.0555,products_number,2.0,-1.1958,active_member,0.0,0.3565
15774166,0.0823,age,26.0,-1.3349,balance,109483.54,0.2142
15774179,0.0319,products_number,2.0,-1.3846,balance,0.0,0.1033
15774224,0.16,age,32.0,-1.2104,active_member,0.0,0.304
15774258,0.0154,products_number,2.0,-1.6076,credit_utilization,,0.0207
15774262,0.2157,products_number,2.0,-1.1605,age,53.0,1.3648
15774277,0.0304,products_number,2.0,-1.678,age,44.0,0.146
15774328,0.0575,products_number,2.0,-1.4859,limite_credito,90169.21,0.2144
15774336,0.1776,products_number,2.0,-1.3433,age,46.0,0.5585
15774382,0.3952,active_member,1.0,-0.6899,age,51.0,1.0991
15774393,0.0354,products_number,2.0,-1.2177,gender_Female,1.0,0.2103
15774402,0.1846,age,37.0,-0.7038,products_number,1.0,0.4831
15774491,0.0263,age,30.0,-1.3612,active_member,0.0,0.2829
15774507,0.2774,cidade_marseille,1.0,-0.3851,active_member,0.0,0.2804
15774510,0.1007,age,32.0,-1.1172,gender_Female,1.0,0.2909
15774536,0.0415,products_number,2.0,-1.3865,gender_Female,1.0,0.1871
15774551,0.1208,age,38.0,-0.6712,credit_utilization,0.9666477127611843,0.129
15774630,0.813,active_member,1.0,-0.4673,age,49.0,1.1718
15774696,0.0517,active_member,1.0,-1.0006,gender_Female,1.0,0.2024
15774727,0.1733,age,36.0,-1.1008,active_member,0.0,0.3134
15774738,0.444,gender_Female,0.0,-0.3143,age,45.0,0.3939
15774744,0.0647,age,35.0,-1.2358,active_member,0.0,0.3334
15774847,0.6812,gender_Female,0.0,-0.3048,age,52.0,1.2931
15774872,0.0198,products_number,2.0,-1.3055,active_member,0.0,0.3156
15774931,0.0355,age,31.0,-1.1429,products_number,1.0,0.1222
15775042,0.0425,products_number,2.0,-1.3067,active_member,0.0,0.2617
15775082,0.0609,products_number,2.0,-1.0441,limite_credito,341126.21,0.3389
15775104,0.2593,age,40.0,-0.7316,active_member,0.0,0.347
15775108,0.0323,age,36.0,-0.9476,limite_credito,285793.24,0.2854
15775116,0.0329,age,33.0,-1.3551,active_member,0.0,0.3099
15775124,0.0135,products_number,2.0,-1.3238,country_france,0.0,0.0383
15775131,0.0813,age,33.0,-1.0286,limite_credito,252290.04,0.47
15775153,0.0952,age,34.0,-1.367,active_member,0.0,0.3283
15775203,0.4718,country_germany,0.0,-0.3234,age,46.0,0.5386
15775206,0.0266,products_number,2.0,-1.275,active_member,0.0,0.3169
15775234,0.0261,age,26.0,-1.2979,active_member,0.0,0.3381
15775235,0.2905,age,37.0,-0.8761,active_member,0.0,0.3184
15775238,0.5342,active_member,1.0,-0.3821,country_germany,1.0,0.3861
15775293,0.0704,age,35.0,-1.5786,active_member,0.0,0.3233
15775307,0.1306,age,39.0,-0.5793,products_number,1.0,0.1696
15775335,0.5548,products_number,2.0,-1.0787,age,50.0,1.3516
15775339,0.0604,age,31.0,-1.3694,active_member,0.0,0.3322
15775430,0.0593,age,32.0,-1.1767,active_member,0.0,0.3596
15775433,0.0448,active_member,1.0,-1.0409,limite_credito,157121.34,0.1474
15775490,0.0893,products_number,2.0,-0.931,gender_Female,1.0,0.1884
15775546,0.0277,products_number,2.0,-1.3514,active_member,0.0,0.297
15775562,0.0272,products_number,2.0,-1.3139,active_member,0.0,0.2164
15775572,0.2751,products_number,2.0,-1.2885,active_member,0.0,0.2815
15775625,0.6878,cidade_paris,1.0,-0.3367,age,49.0,1.0912
15775627,0.0157,products_number,2.0,-1.2483,balance,0.0,0.0228
15775662,0.2086,estimated_salary,193312.33,-0.5653,age,45.0,0.2761
15775663,0.2332,products_number,2.0,-1.2343,age,55.0,1.465
15775678,0.5613,active_member,1.0,-0.4185,age,46.0,0.6769
15775709,0.2224,age,28.0,-1.4055,active_member,0.0,0.383
15775750,0.0926,age,38.0,-0.9521,active_member,0.0,0.302
15775756,0.1781,age,35.0,-1.0314,country_germany,1.0,0.4512
15775797,0.2182,age,33.0,-1.3652,products_number,3.0,2.3272
15775803,0.0155,products_number,2.0,-1.5529,cidade_zaragoza,1.0,0.1398
15775809,0.1444,age,28.0,-1.4723,products_number,1.0,0.3396
15775826,0.062,age,32.0,-1.3339,estimated_salary,174225.88,0.2538
15775880,0.022,products_number,2.0,-1.2008,gender_Female,1.0,0.1026
15775888,0.2882,age,40.0,-0.48,country_germany,1.0,0.3216
15775892,0.2229,age,25.0,-1.2949,active_member,0.0,0.3698
15775949,0.1384,age,40.0,-0.4431,products_number,1.0,0.2058
15776047,0.0243,products_number,2.0,-1.2877,gender_Female,1.0,0.1832
15776051,0.0492,products_number,2.0,-1.5082,age,46.0,0.3369
15776096,0.0822,age,36.0,-0.969,products_number,1.0,0.1375
15776124,0.5467,active_member,1.0,-0.7892,age,53.0,1.5067
15776128,0.4821,cidade_marseille,1.0,-0.3001,age,45.0,0.3564
15776211,0.0425,products_number,2.0,-1.2485,gender_Female,1.0,0.1945
15776223,0.4167,active_member,1.0,-0.416,age,44.0,0.3241
15776229,0.4306,country_germany,0.0,-0.3329,age,46.0,0.5921
15776231,0.2573,age,37.0,-0.6366,products_number,1.0,0.3742
15776404,0.0275,age,24.0,-1.5,products_number,1.0,0.1066
15776433,0.0453,products_number,2.0,-1.3274,age,63.0,1.0808
15776467,0.1628,products_number,2.0,-1.0539,limite_credito,33426.08,0.3742
15776558,0.0235,age,33.0,-1.6,products_number,1.0,0.1478
15776605,0.0254,products_number,2.0,-1.3778,active_member,0.0,0.2963
15776629,0.053,products_number,2.0,-1.4188,active_member,0.0,0.2471
15776631,0.1478,age,38.0,-0.6633,gender_Female,1.0,0.2797
15776725,0.4787,active_member,1.0,-0.7818,age,56.0,1.4542
15776733,0.1956,products_number,2.0,-1.0981,limite_credito,268020.09,0.3285
15776743,0.018,products_number,2.0,-1.6695,age,44.0,0.154
15776807,0.0978,age,31.0,-1.4731,products_number,1.0,0.4332
15776824,0.061,age,30.0,-1.269,products_number,1.0,0.0985
15776827,0.0692,products_number,2.0,-1.2651,limite_credito,177790.26,0.3385
15776844,0.0767,age,21.0,-1.2998,active_member,0.0,0.3319
15776850,0.3756,active_member,1.0,-0.4672,age,45.0,0.563
15776921,0.1801,products_number,2.0,-1.4954,age,47.0,0.4361
15776939,0.6455,products_number,2.0,-1.2439,age,50.0,1.4643
15776985,0.0727,products_number,2.0,-0.8913,limite_credito,126684.46,0.2391
15777033,0.0382,products_number,2.0,-1.2478,cidade_marseille,1.0,0.2239
15777046,0.2614,cidade_marseille,1.0,-0.412,active_member,0.0,0.253
15777054,0.6398,gender_Female,0.0,-0.3245,products_number,1.0,0.425
15777067,0.1372,active_member,1.0,-1.0701,age,66.0,0.4552
15777076,0.0166,products_number,2.0,-1.3201,active_member,0.0,0.2983
15777122,0.0202,products_number,2.0,-1.2025,gender_Female,1.0,0.1594
15777179,0.0163,products_number,2.0,-1.318,estimated_salary,73133.82,0.0257
15777211,0.0478,active_member,1.0,-1.2886,limite_credito,230264.7,0.1072
15777217,0.0096,products_number,2.0,-1.2729,estimated_salary,180808.39,0.02
15777352,0.2539,age,34.0,-1.136,active_member,0.0,0.4062
15777436,0.0431,products_number,2.0,-1.259,active_member,0.0,0.2976
15777452,0.5626,cidade_marseille,1.0,-0.3021,age,48.0,0.8996
15777504,0.1926,age,31.0,-1.1019,products_number,1.0,0.4702
15777576,0.1252,active_member,1.0,-0.524,gender_Female,1.0,0.1437
15777586,0.3011,products_number,2.0,-0.8893,limite_credito,126127.85,0.3094
15777599,0.0473,products_number,2.0,-1.2335,limite_credito,185080.77,0.2955
15777614,0.0614,products_number,2.0,-1.4455,age,46.0,0.3742
15777616,0.2827,age,30.0,-1.4083,active_member,0.0,0.4328
15777639,0.0971,age,24.0,-1.4378,active_member,0.0,0.3173
15777708,0.0396,products_number,2.0,-1.3979,gender_Female,1.0,0.2834
15777743,0.1625,cidade_nice,1.0,-0.45,gender_Female,1.0,0.1946
15777759,0.0454,age,32.0,-1.1471,products_number,1.0,0.0964
15777772,0.2767,active_member,1.0,-1.0252,age,57.0,1.4639
15777784,0.2748,estimated_salary,197193.49,-0.4164,age,46.0,0.4373
15777826,0.0686,age,32.0,-1.1613,estimated_salary,165614.4,0.1781
15777830,0.1105,products_number,2.0,-1.522,active_member,0.0,0.3013
15777855,0.0211,products_number,2.0,-1.7208,age,47.0,0.5222
15777892,0.2239,age,39.0,-0.6329,country_germany,1.0,0.5013
15777893,0.0345,products_number,2.0,-1.717,active_member,0.0,0.3407
15777896,0.1298,age,34.0,-1.3027,products_number,1.0,0.2647
15777904,0.0825,products_number,2.0,-1.5343,age,46.0,0.4479
15777922,0.0878,products_number,2.0,-0.7527,limite_credito,355959.43,0.2212
15777923,0.0576,products_number,2.0,-1.5672,age,46.0,0.4239
15777958,0.0223,products_number,2.0,-1.5453,estimated_salary,170409.45,0.0962
15777994,0.0401,products_number,2.0,-1.3715,gender_Female,1.0,0.1976
15778025,0.1127,products_number,2.0,-1.3225,limite_credito,324374.75,0.2888
15778049,0.6331,age,31.0,-1.0437,active_member,0.0,0.4819
15778089,0.0292,products_number,2.0,-1.3751,active_member,0.0,0.2888
15778135,0.5759,gender_Female,0.0,-0.3792,products_number,1.0,0.4978
15778142,0.0423,age,32.0,-1.2401,limite_credito,145049.77,0.1779
15778157,0.0842,age,28.0,-1.4305,limite_credito,109020.78,0.3558
15778190,0.1709,age,30.0,-1.1063,gender_Female,1.0,0.2647
15778192,0.0246,products_number,2.0,-1.3049,credit_score,628.0,0.0528
15778219,0.094,age,27.0,-1.592,products_number,1.0,0.4762
15778287,0.022,products_number,2.0,-1.1814,balance,999999.99,0.0681
15778290,0.0327,active_member,1.0,-1.3315,products_number,1.0,0.1114
15778304,0.0514,age,25.0,-1.4822,products_number,1.0,0.247
15778320,0.6203,age,42.0,-0.3795,products_number,1.0,0.3765
15778345,0.1074,age,35.0,-1.2764,active_member,0.0,0.3934
15778463,0.1888,age,39.0,-0.8338,products_number,1.0,0.2464
15778481,0.2907,active_member,1.0,-0.9186,age,60.0,1.2325
15778489,0.0273,active_member,1.0,-1.1238,limite_credito,136254.94,0.0979
15778515,0.2807,gender_Female,0.0,-0.3428,active_member,0.0,0.34
15778526,0.1881,products_number,2.0,-1.4598,age,49.0,0.8572
15778589,0.0338,age,36.0,-0.9522,limite_credito,95566.8,0.1757
15778604,0.2169,products_number,2.0,-1.5239,age,48.0,0.6883
15778694,0.0739,age,28.0,-1.5797,limite_credito,255820.14,0.1793
15778696,0.2001,age,38.0,-0.8768,active_member,0.0,0.295
15778752,0.0221,age,34.0,-1.0998,limite_credito,61393.11,0.1943
15778830,0.0125,age,33.0,-1.343,active_member,0.0,0.2616
15778838,0.1292,age,40.0,-0.8167,active_member,0.0,0.2956
15778861,0.0753,age,34.0,-1.205,active_member,0.0,0.4138
15778884,0.121,products_number,2.0,-0.952,limite_credito,199231.8,0.2234
15778915,0.1016,age,34.0,-1.1655,limite_credito,258693.55,0.1453
15778934,0.1072,products_number,2.0,-1.3737,age,50.0,1.1154
15778936,0.0685,age,35.0,-1.2592,active_member,0.0,0.2207
15778947,0.0109,products_number,2.0,-1.3199,balance,0.0,0.0197
15778959,0.0428,products_number,2.0,-1.2631,gender_Female,1.0,0.2983
15779052,0.0449,age,26.0,-1.1615,gender_Female,1.0,0.1934
15779059,0.1424,products_number,2.0,-0.8342,limite_credito,324773.97,0.2792
15779064,0.0196,products_number,2.0,-1.154,credit_score,677.0,0.0426
15779103,0.2146,products_number,2.0,-1.0981,active_member,0.0,0.298
15779174,0.0433,products_number,2.0,-1.3491,gender_Female,1.0,0.24
15779207,0.0433,age,32.0,-1.0757,limite_credito,309652.9,0.2049
15779247,0.2359,age,26.0,-1.2134,active_member,0.0,0.3791
15779267,0.1658,products_number,2.0,-1.585,age,49.0,1.1407
15779390,0.1372,age,33.0,-1.1461,gender_Female,1.0,0.2292
15779414,0.1161,active_member,1.0,-0.4354,products_number,1.0,0.1545
15779423,0.0715,products_number,2.0,-0.9113,limite_credito,134344.73,0.3629
15779481,0.0822,age,36.0,-0.9159,limite_credito,169884.99,0.2877
15779496,0.138,active_member,1.0,-1.1872,age,65.0,0.8816
15779497,0.1725,active_member,1.0,-0.5423,age,44.0,0.4378
15779529,0.0106,products_number,2.0,-1.2655,credit_score,620.0,0.0643
15779586,0.4916,products_number,2.0,-1.2813,age,48.0,0.7133
15779620,0.1152,age,38.0,-0.7307,products_number,1.0,0.4557
15779627,0.1565,age,33.0,-1.3483,country_germany,1.0,0.3417
15779659,0.3619,age,29.0,-1.4615,products_number,1.0,0.5196
15779711,0.1156,products_number,2.0,-0.8316,limite_credito,100890.07,0.2273
15779738,0.0449,age,26.0,-1.4608,products_number,1.0,0.3972
15779743,0.1962,products_number,2.0,-1.4904,age,45.0,0.341
15779744,0.0855,age,31.0,-1.0543,products_number,1.0,0.1569
15779809,0.2887,gender_Female,0.0,-0.4832,age,45.0,0.6597
15779886,0.0286,age,25.0,-1.3012,active_member,0.0,0.3377
15779913,0.0737,age,29.0,-0.9876,limite_credito,196197.93,0.2579
15779915,0.2465,age,33.0,-1.2448,products_number,1.0,0.561
15779973,0.264,age,36.0,-0.9871,country_germany,1.0,0.4613
15779985,0.2185,products_number,2.0,-1.0603,country_germany,1.0,0.2021
15780056,0.2953,age,34.0,-1.245,products_number,1.0,0.5348
15780088,0.1891,age,36.0,-1.1144,active_member,0.0,0.3704
15780124,0.0706,active_member,1.0,-1.1629,estimated_salary,60830.38,0.1394
15780128,0.0652,age,35.0,-1.1021,limite_credito,130588.67,0.2835
15780140,0.0343,age,33.0,-1.2808,limite_credito,150481.77,0.1857
15780144,0.1242,age,34.0,-1.3054,active_member,0.0,0.3169
15780212,0.193,age,38.0,-1.0671,active_member,0.0,0.2763
15780215,0.0135,products_number,2.0,-1.187,credit_utilization,,0.0254
15780220,0.1529,age,39.0,-0.4956,products_number,1.0,0.4649
15780256,0.0139,products_number,2.0,-1.2661,credit_utilization,,0.02
15780359,0.1403,age,26.0,-1.4245,country_germany,1.0,0.3554
15780362,0.65,products_number,2.0,-0.9385,age,50.0,1.3697
15780386,0.207,age,41.0,-0.5717,active_member,0.0,0.2937
15780409,0.0282,products_number,2.0,-1.6309,active_member,0.0,0.3067
15780411,0.1777,products_number,2.0,-1.5413,age,47.0,0.6872
15780492,0.0371,products_number,2.0,-1.7411,active_member,0.0,0.2478
15780498,0.0652,age,35.0,-1.0969,products_number,1.0,0.1351
15780514,0.0569,age,35.0,-1.2239,active_member,0.0,0.3889
15780561,0.2227,products_number,2.0,-0.8467,active_member,0.0,0.3262
15780572,0.029,products_number,2.0,-1.3447,active_member,0.0,0.316
15780628,0.0409,products_number,2.0,-1.2535,active_member,0.0,0.2777
15780650,0.2543,gender_Female,0.0,-0.4184,products_number,1.0,0.5753
15780654,0.064,age,34.0,-1.2321,limite_credito,136920.38,0.1949
15780677,0.1962,products_number,2.0,-1.2845,age,60.0,1.3178
15780716,0.0751,products_number,2.0,-1.2935,limite_credito,386663.17,0.3316
15780746,0.0388,products_number,2.0,-1.3833,age,63.0,0.9582
15780770,0.0416,age,33.0,-1.1419,products_number,1.0,0.073
15780779,0.1426,products_number,2.0,-1.294,active_member,0.0,0.3986
15780804,0.2322,active_member,1.0,-0.8885,age,57.0,1.5557
15780835,0.1794,age,28.0,-1.5442,products_number,1.0,0.2869
15780846,0.0273,age,35.0,-1.1098,limite_credito,103253.66,0.14
15780870,0.1681,active_member,1.0,-1.2815,age,69.0,0.2869
15780925,0.0705,products_number,2.0,-0.8381,limite_credito,345705.73,0.3703
15780954,0.1171,age,27.0,-1.3153,active_member,0.0,0.3673
15780961,0.0997,age,22.0,-1.2247,active_member,0.0,0.2752
15780966,0.0288,age,33.0,-1.4596,active_member,0.0,0.2563
15781034,0.0126,active_member,1.0,-1.3871,age,69.0,0.2529
15781127,0.1383,age,35.0,-0.8589,products_number,1.0,0.1953
15781210,0.0132,products_number,2.0,-1.2311,active_member,0.0,0.2994
15781234,0.1941,age,36.0,-1.088,active_member,0.0,0.3444
15781298,0.301,age,40.0,-0.4066,country_germany,1.0,0.5115
15781307,0.078,products_number,2.0,-1.1357,active_member,0.0,0.3168
15781326,0.0657,age,36.0,-1.2974,active_member,0.0,0.2935
15781347,0.0811,products_number,2.0,-1.4452,gender_Female,1.0,0.2357
15781409,0.1927,age,29.0,-1.4666,products_number,1.0,0.5473
15781451,0.0731,products_number,2.0,-1.347,active_member,0.0,0.2982
15781465,0.5529,age,31.0,-1.1416,active_member,0.0,0.4055
15781495,0.0532,age,23.0,-1.1941,limite_credito,121453.08,0.1914
15781505,0.0522,age,21.0,-1.4841,active_member,0.0,0.294
15781530,0.0177,products_number,2.0,-1.2229,estimated_salary,155782.89,0.0736
15781534,0.6088,age,36.0,-0.9565,country_germany,1.0,0.4469
15781574,0.0678,active_member,1.0,-1.0248,limite_credito,272672.52,0.1849
15781586,0.2565,active_member,1.0,-0.3904,country_germany,1.0,0.5045
15781589,0.0339,products_number,2.0,-1.5498,age,53.0,1.3149
15781665,0.288,age,39.0,-0.8611,products_number,1.0,0.527
15781678,0.0764,age,32.0,-0.8685,limite_credito,64545.32,0.3195
15781689,0.027,products_number,2.0,-1.4049,active_member,0.0,0.31
15781702,0.0632,products_number,2.0,-1.2682,limite_credito,113904.31,0.279
15781710,0.0231,products_number,2.0,-1.3912,active_member,0.0,0.2674
15781777,0.0912,age,34.0,-1.4817,active_member,0.0,0.3263
15781875,0.032,age,35.0,-1.0147,limite_credito,287644.62,0.3109
15781884,0.0334,age,29.0,-1.1407,limite_credito,188914.56,0.205
15781903,0.0686,products_number,2.0,-1.3385,limite_credito,216144.21,0.3697
15781914,0.0245,products_number,2.0,-1.0367,cidade_berlin,1.0,0.1603
15781987,0.0817,age,32.0,-1.0316,products_number,1.0,0.11
15782089,0.179,age,35.0,-1.2718,products_number,1.0,0.488
15782100,0.0546,age,24.0,-1.2203,products_number,1.0,0.0835
15782121,0.0387,age,29.0,-1.3928,active_member,0.0,0.2874
15782144,0.0217,products_number,2.0,-1.1758,gender_Female,1.0,0.2101
15782159,0.0235,age,30.0,-1.1291,limite_credito,84138.66,0.231
15782219,0.0365,products_number,2.0,-1.2925,active_member,0.0,0.3552
15782231,0.026,products_number,2.0,-1.3779,active_member,0.0,0.1793
15782236,0.0193,products_number,2.0,-1.3649,active_member,0.0,0.3283
15782311,0.01,age,30.0,-1.2544,credit_score,529.0,0.032
15782364,0.1304,age,40.0,-0.7227,active_member,0.0,0.3073
15782404,0.0994,age,35.0,-1.1953,active_member,0.0,0.3916
15782456,0.1277,products_number,2.0,-1.1295,age,48.0,0.5489
15782475,0.0604,products_number,2.0,-1.4786,age,44.0,0.2606
15782530,0.1464,age,32.0,-1.1361,active_member,0.0,0.3823
15782531,0.0245,products_number,2.0,-1.3744,active_member,0.0,0.2693
15782550,0.4774,active_member,1.0,-0.3917,country_germany,1.0,0.4356
15782569,0.1843,active_member,1.0,-0.9982,products_number,1.0,0.335
15782574,0.0373,products_number,2.0,-1.3723,active_member,0.0,0.3489
15782591,0.1205,age,37.0,-1.0002,active_member,0.0,0.3363
15782630,0.0733,age,36.0,-1.2358,active_member,0.0,0.3796
15782641,0.176,age,31.0,-1.0822,active_member,0.0,0.3244
15782659,0.1167,age,33.0,-1.4899,products_number,1.0,0.4567
15782735,0.2726,age,36.0,-1.2688,products_number,1.0,0.5139
15782758,0.1167,estimated_salary,199674.83,-0.3886,products_number,1.0,0.1776
15782778,0.0094,products_number,2.0,-1.4255,salary_missing_flag,0.0,0.0088
15782802,0.1785,age,27.0,-1.3601,products_number,1.0,0.3375
15782806,0.0321,age,29.0,-1.2644,active_member,0.0,0.3242
15782879,0.0289,products_number,2.0,-1.6753,estimated_salary,180553.48,0.2142
15782899,0.2542,age,30.0,-1.2956,active_member,0.0,0.3885
15782941,0.0168,products_number,2.0,-1.1896,credit_score,573.0,0.0634
15782993,0.0902,products_number,2.0,-1.0658,age,53.0,1.3786
15783025,0.1105,products_number,2.0,-1.1055,active_member,0.0,0.3277
15783026,0.4453,age,42.0,-0.4497,products_number,1.0,0.5265
15783029,0.0329,age,35.0,-0.9632,limite_credito,311996.25,0.2178
15783083,0.0159,age,28.0,-1.4282,active_member,0.0,0.2129
15783097,0.2963,age,28.0,-1.5191,country_germany,1.0,0.4418
15783276,0.0863,products_number,2.0,-1.1623,balance,999999.99,0.236
15783305,0.4857,tenure,7.0,-0.4408,age,47.0,0.6172
15783338,0.1079,age,33.0,-1.2352,products_number,1.0,0.1331
15783349,0.151,gender_Female,0.0,-0.3869,credit_score,481.0,0.1371
15783398,0.7653,tenure,7.0,-0.3518,age,50.0,1.3812
15783444,0.1981,active_member,1.0,-0.4072,gender_Female,1.0,0.2477
15783463,0.0184,age,28.0,-1.6034,active_member,0.0,0.2993
15783477,0.4804,active_member,1.0,-0.4431,country_germany,1.0,0.4776
15783501,0.1868,products_number,2.0,-0.9647,active_member,0.0,0.2436
15783522,0.1656,age,39.0,-0.5561,gender_Female,1.0,0.1477
15783526,0.0586,age,37.0,-0.7996,products_number,1.0,0.2248
15783541,0.0411,products_number,2.0,-1.3414,estimated_salary,194660.78,0.2778
15783589,0.0384,products_number,2.0,-1.5261,active_member,0.0,0.375
15783629,0.3201,products_number,2.0,-1.3072,active_member,0.0,0.2384
15783659,0.0684,active_member,1.0,-1.2111,products_number,1.0,0.1291
15783691,0.2439,age,37.0,-0.8836,active_member,0.0,0.354
15783752,0.1811,age,31.0,-1.1646,country_germany,1.0,0.3697
15783816,0.055,age,29.0,-1.3712,active_member,0.0,0.3144
15783859,0.0954,age,25.0,-1.4222,products_number,1.0,0.2484
15783865,0.117,active_member,1.0,-1.2232,age,61.0,0.6938
15783875,0.0468,products_number,2.0,-1.2986,active_member,0.0,0.2384
15783882,0.0627,products_number,2.0,-1.3708,gender_Female,1.0,0.2465
15783955,0.0786,age,27.0,-1.3696,active_member,0.0,0.2839
15783958,0.1426,age,39.0,-0.8076,limite_credito,261511.28,0.3191
15784010,0.3726,age,35.0,-1.1074,country_germany,1.0,0.4824
15784092,0.0342,age,38.0,-0.7251,products_number,1.0,0.1417
15784097,0.0895,age,29.0,-1.5143,active_member,0.0,0.3685
15784099,0.2079,age,39.0,-0.8208,active_member,0.0,0.2395
15784130,0.2035,age,31.0,-1.0778,products_number,1.0,0.3352
15784161,0.594,tenure,8.0,-0.4322,country_germany,1.0,0.5128
15784209,0.4169,active_member,1.0,-0.549,age,49.0,1.0919
15784218,0.0122,products_number,2.0,-1.3804,balance,0.0,0.0336
15784280,0.0797,products_number,2.0,-1.1681,limite_credito,309152.8,0.2931
15784286,0.1177,active_member,1.0,-0.4453,products_number,1.0,0.1193
15784301,0.03,products_number,2.0,-1.767,active_member,0.0,0.2607
15784323,0.063,products_number,2.0,-1.355,active_member,0.0,0.2672
15784361,0.1844,active_member,1.0,-0.6131,age,47.0,0.6683
15784445,0.0688,age,35.0,-1.2112,active_member,0.0,0.3069
15784491,0.2993,age,33.0,-1.3469,products_number,1.0,0.5302
15784594,0.1101,products_number,2.0,-1.0652,limite_credito,313124.0,0.217
15784597,0.0497,age,28.0,-1.5627,active_member,0.0,0.3473
15784676,0.4437,products_number,2.0,-0.9666,age,52.0,1.4526
15784687,0.2482,age,37.0,-0.9611,estimated_salary,179718.17,0.3601
15784700,0.0275,age,33.0,-1.4654,products_number,1.0,0.1469
15784736,0.5409,gender_Female,0.0,-0.3796,age,47.0,0.7528
15784890,0.0527,age,33.0,-1.3468,active_member,0.0,0.3232
15784918,0.0399,products_number,2.0,-1.261,limite_credito,157370.84,0.2564
15785042,0.1083,age,33.0,-1.4951,active_member,0.0,0.3226
15785078,0.2224,age,28.0,-1.5193,products_number,1.0,0.5021
15785183,0.0227,products_number,2.0,-1.2791,credit_score,596.0,0.1366
15785290,0.0924,age,31.0,-1.4179,products_number,1.0,0.4595
15785326,0.1649,age,37.0,-0.9391,active_member,0.0,0.3128
15785339,0.4453,products_number,2.0,-0.8017,age,52.0,1.202
15785342,0.0127,products_number,2.0,-1.2019,credit_score,705.0,0.0222
15785350,0.075,age,25.0,-1.3533,active_member,0.0,0.3719
15785385,0.5238,products_number,2.0,-1.2777,age,53.0,2.0061
15785406,0.7576,cidade_nice,1.0,-0.2866,age,52.0,1.4564
15785485,0.5363,active_member,1.0,-0.4546,products_number,1.0,0.3492
15785488,0.0561,products_number,2.0,-1.2216,gender_Female,1.0,0.2987
15785519,0.1498,age,38.0,-0.9352,active_member,0.0,0.3209
15785542,0.1444,age,28.0,-1.3787,active_member,0.0,0.3869
15785547,0.1013,age,30.0,-1.0867,balance,191402.82,0.3865
15785576,0.479,gender_Female,0.0,-0.4356,active_member,0.0,0.6689
15785611,0.2442,age,39.0,-0.5187,products_number,1.0,0.3688
15785798,0.0147,products_number,2.0,-1.5741,balance,0.0,0.0841
15785815,0.0334,products_number,2.0,-1.1667,limite_credito,131527.13,0.2266
15785819,0.0199,products_number,2.0,-1.3978,balance,0.0,0.0261
15785831,0.137,age,37.0,-0.6726,products_number,1.0,0.1166
15785865,0.0666,active_member,1.0,-1.1993,age,60.0,0.9656
15785869,0.045,age,26.0,-1.4395,active_member,0.0,0.3106
15785899,0.1881,age,35.0,-1.0838,active_member,0.0,0.4416
15785920,0.0483,products_number,2.0,-1.1711,limite_credito,283767.51,0.3024
15785975,0.0685,products_number,2.0,-1.2399,age,62.0,0.9431
15785980,0.069,age,35.0,-1.0755,active_member,0.0,0.3259
15786014,0.116,age,30.0,-1.2272,active_member,0.0,0.3027
15786035,0.0344,products_number,2.0,-1.4145,active_member,0.0,0.3271
15786042,0.1622,products_number,2.0,-1.1528,age,45.0,0.2212
15786063,0.0367,products_number,2.0,-1.2053,gender_Female,1.0,0.2609
15786078,0.0362,age,29.0,-1.4666,active_member,0.0,0.264
15786153,0.431,products_number,2.0,-1.2898,age,49.0,1.1111
15786167,0.0169,products_number,2.0,-1.1935,cidade_zaragoza,1.0,0.0549
15786170,0.0825,age,33.0,-1.4793,active_member,0.0,0.3066
15786199,0.0494,age,35.0,-1.1095,products_number,1.0,0.1101
15786200,0.0558,age,32.0,-1.2013,active_member,0.0,0.3105
15786215,0.5779,products_number,2.0,-0.8125,age,58.0,2.3254
15786237,0.0102,age,29.0,-1.2841,active_member,0.0,0.2972
15786249,0.0124,products_number,2.0,-1.4121,active_member,0.0,0.2821
15786308,0.0562,products_number,2.0,-1.414,active_member,0.0,0.2887
15786389,0.05,products_number,2.0,-1.2361,gender_Female,1.0,0.3447
15786392,0.3552,cidade_marseille,1.0,-0.3632,active_member,0.0,0.2697
15786418,0.1444,age,21.0,-1.2165,products_number,1.0,0.4678
15786433,0.0551,products_number,2.0,-1.1079,gender_Female,1.0,0.1921
15786454,0.4109,active_member,1.0,-1.0949,age,56.0,1.4442
15786469,0.0352,age,36.0,-1.1981,active_member,0.0,0.2862
15786539,0.0089,products_number,2.0,-1.187,balance,0.0,0.0236
15786617,0.4472,age,36.0,-0.9957,country_germany,1.0,0.5291
15786643,0.0098,products_number,2.0,-1.2356,balance,0.0,0.0473
15786680,0.0138,products_number,2.0,-1.3589,active_member,0.0,0.286
15786717,0.0132,products_number,2.0,-1.2631,active_member,0.0,0.2971
15786739,0.0644,age,39.0,-0.5901,products_number,1.0,0.1585
15786789,0.0279,products_number,2.0,-1.2681,gender_Female,1.0,0.1804
15786852,0.1046,products_number,2.0,-1.0808,limite_credito,339577.95,0.2562
15786905,0.2354,products_number,2.0,-1.2773,active_member,0.0,0.303
15786993,0.1767,products_number,2.0,-1.495,age,53.0,1.3811
15787014,0.1318,age,29.0,-1.4916,products_number,1.0,0.2223
15787026,0.052,age,28.0,-1.1747,limite_credito,293564.34,0.2636
15787035,0.0347,products_number,2.0,-1.207,gender_Female,1.0,0.2641
15787051,0.2131,age,41.0,-0.544,active_member,0.0,0.3363
15787151,0.0232,products_number,2.0,-1.3101,gender_Female,1.0,0.2326
15787155,0.0773,age,32.0,-1.1072,products_number,1.0,0.468
15787161,0.828,gender_Female,0.0,-0.2823,age,48.0,0.7725
15787168,0.0969,age,29.0,-1.098,gender_Female,1.0,0.2323
15787174,0.0416,products_number,2.0,-1.2747,gender_Female,1.0,0.2344
15787196,0.0422,products_number,2.0,-1.6854,age,48.0,0.705
15787204,0.3977,country_germany,0.0,-0.2897,active_member,0.0,0.3724
15787222,0.026,age,29.0,-1.2793,limite_credito,160680.73,0.189
15787229,0.0483,products_number,2.0,-1.2845,active_member,0.0,0.297
15787258,0.0534,products_number,2.0,-1.3391,active_member,0.0,0.2741
15787322,0.4324,active_member,1.0,-0.4279,products_number,1.0,0.5127
15787459,0.1922,age,42.0,-0.5686,active_member,0.0,0.3165
15787550,0.0191,active_member,1.0,-1.4285,age,70.0,0.2795
15787597,0.0715,age,32.0,-1.2807,country_france,0.0,0.1475
15787602,0.0177,products_number,2.0,-1.4011,cidade_zaragoza,1.0,0.0418
15787619,0.0618,age,20.0,-1.5495,active_member,0.0,0.298
15787655,0.0511,products_number,2.0,-1.7017,age,48.0,0.5546
15787699,0.3137,age,36.0,-0.9426,country_germany,1.0,0.4793
15787772,0.2605,age,40.0,-0.6478,active_member,0.0,0.2687
15787825,0.2556,age,39.0,-0.5304,country_germany,1.0,0.4369
15787830,0.3125,age,35.0,-1.0582,country_germany,1.0,0.4866
15787848,0.1265,age,32.0,-1.1075,active_member,0.0,0.3356
15788022,0.0917,products_number,2.0,-1.2614,gender_Female,1.0,0.2493
15788025,0.0392,products_number,2.0,-1.2599,gender_Female,1.0,0.3186
15788126,0.185,age,40.0,-0.4536,gender_Female,1.0,0.1258
15788151,0.0562,age,34.0,-1.0701,limite_credito,279486.18,0.3068
15788183,0.2788,products_number,2.0,-1.2256,age,45.0,0.2755
15788189,0.5001,tenure,8.0,-0.3356,active_member,0.0,0.3362
15788218,0.0472,products_number,2.0,-1.1528,gender_Female,1.0,0.3092
15788224,0.7546,gender_Female,0.0,-0.2888,age,47.0,0.5741
15788367,0.2398,cidade_madrid,1.0,-0.4281,age,45.0,0.4033
15788442,0.3814,active_member,1.0,-0.8427,age,58.0,1.3892
15788448,0.0684,age,32.0,-0.9585,products_number,1.0,0.1135
15788483,0.246,age,39.0,-0.9116,products_number,1.0,0.5135
15788494,0.0662,age,33.0,-1.4631,active_member,0.0,0.3441
15788535,0.5518,tenure,5.0,-0.3913,age,46.0,0.5001
15788536,0.0855,products_number,2.0,-1.3419,active_member,0.0,0.3529
15788539,0.0737,age,35.0,-1.3174,active_member,0.0,0.3318
15788634,0.2385,age,38.0,-0.873,active_member,0.0,0.4046
15788659,0.0292,products_number,2.0,-1.7318,age,48.0,0.7227
15788676,0.0764,products_number,2.0,-0.8599,limite_credito,70706.4,0.319
15788683,0.4564,age,36.0,-1.0186,products_number,1.0,0.4178
15788686,0.0122,products_number,2.0,-1.4985,credit_score,538.0,0.0926
15788920,0.1512,age,34.0,-1.252,active_member,0.0,0.2978
15788930,0.0405,age,38.0,-0.9945,active_member,0.0,0.2592
15788946,0.3014,age,30.0,-1.2769,active_member,0.0,0.4021
15789014,0.1091,age,27.0,-1.4474,active_member,0.0,0.2708
15789055,0.128,age,37.0,-0.9547,active_member,0.0,0.4238
15789095,0.0103,products_number,2.0,-1.3167,credit_utilization,,0.0098
15789201,0.5414,age,37.0,-0.8163,products_number,1.0,0.426
15789339,0.2496,active_member,1.0,-1.2903,age,61.0,0.8001
15789371,0.2271,products_number,2.0,-1.1418,limite_credito,267357.13,0.3604
15789379,0.0718,age,28.0,-1.5985,active_member,0.0,0.3053
15789413,0.0281,products_number,2.0,-1.3027,age,65.0,0.9319
15789432,0.0373,products_number,2.0,-1.2635,active_member,0.0,0.3042
15789484,0.0836,products_number,2.0,-1.1263,gender_Female,1.0,0.1848
15789498,0.048,age,32.0,-1.1341,limite_credito,228693.24,0.3277
15789546,0.0265,age,30.0,-1.307,active_member,0.0,0.3412
15789557,0.1703,age,29.0,-1.3941,gender_Female,1.0,0.2871
15789669,0.0441,products_number,2.0,-1.3242,age,66.0,0.8909
15789714,0.074,age,22.0,-1.1729,credit_utilization,1.204167691563795,0.1452
15789753,0.0726,active_member,1.0,-0.5625,products_number,1.0,0.1262
15789815,0.0223,age,30.0,-1.3794,active_member,0.0,0.2844
15789863,0.0297,products_number,2.0,-1.5839,active_member,0.0,0.3272
15789865,0.0713,age,29.0,-1.2912,estimated_salary,190208.23,0.2478
15789874,0.047,age,31.0,-1.3416,active_member,0.0,0.3
15789924,0.4352,active_member,1.0,-0.3588,products_number,1.0,0.5103
15789936,0.0326,age,34.0,-1.3684,gender_Female,1.0,0.235
15789941,0.2313,age,37.0,-0.8811,active_member,0.0,0.3285
15790019,0.056,age,36.0,-1.104,products_number,1.0,0.0841
15790067,0.1978,age,40.0,-0.7966,active_member,0.0,0.3046
15790093,0.0398,age,28.0,-1.4978,active_member,0.0,0.2862
15790235,0.0575,products_number,2.0,-0.8738,limite_credito,65176.66,0.3256
15790247,0.0156,products_number,2.0,-1.492,country_france,0.0,0.0729
15790254,0.3752,active_member,1.0,-0.7813,age,52.0,1.2478
15790267,0.2614,active_member,1.0,-0.4167,estimated_salary,177397.49,0.2111
15790282,0.1916,products_number,2.0,-1.2024,age,59.0,1.2635
15790299,0.3672,age,38.0,-0.7778,products_number,3.0,2.7535
15790314,0.0288,products_number,2.0,-1.4613,balance,0.0,0.0198
15790322,0.1407,age,33.0,-1.4336,active_member,0.0,0.4202
15790324,0.2243,age,22.0,-1.2778,active_member,0.0,0.3124
15790336,0.082,products_number,2.0,-1.0506,active_member,0.0,0.3048
15790355,0.0812,products_number,2.0,-1.1916,limite_credito,279402.61,0.3539
15790379,0.1488,age,30.0,-1.3703,country_germany,1.0,0.3538
15790412,0.0101,products_number,2.0,-1.2256,estimated_salary,179655.87,0.1399
15790442,0.014,products_number,2.0,-1.3808,estimated_salary,158268.84,0.1002
15790448,0.1496,age,37.0,-0.9792,active_member,0.0,0.2275
15790489,0.0374,age,36.0,-0.891,products_number,1.0,0.0886
15790497,0.0263,products_number,2.0,-1.4452,active_member,0.0,0.2807
15790564,0.2043,products_number,2.0,-1.1792,gender_Female,1.0,0.2706
15790594,0.0231,products_number,2.0,-1.1823,gender_Female,1.0,0.1516
15790596,0.0783,active_member,1.0,-0.4497,credit_utilization,1.1955421003252915,0.1007
15790599,0.1086,products_number,2.0,-1.2372,limite_credito,166023.18,0.2845
15790658,0.1565,active_member,1.0,-0.4986,age,43.0,0.1504
15790659,0.0342,active_member,1.0,-1.3765,age,61.0,1.0385
15790678,0.1614,age,34.0,-1.2746,active_member,0.0,0.3505
15790683,0.026,products_number,2.0,-0.9504,limite_credito,53536.96,0.1602
15790689,0.0539,age,34.0,-1.0619,products_number,1.0,0.2027
15790717,0.0237,products_number,2.0,-1.4136,active_member,0.0,0.3111
15790744,0.0615,age,36.0,-1.095,active_member,0.0,0.2887
15790750,0.2232,age,37.0,-0.7144,country_germany,1.0,0.4778
15790757,0.0269,age,26.0,-1.4691,active_member,0.0,0.2614
15790763,0.4134,products_number,2.0,-1.378,age,51.0,1.341
15790782,0.1477,age,40.0,-0.8354,active_member,0.0,0.2953
15790809,0.1311,estimated_salary,198694.2,-0.5806,active_member,0.0,0.3105
15790829,0.1611,products_number,2.0,-1.4961,age,47.0,0.481
15790846,0.1751,age,39.0,-0.5754,country_germany,1.0,0.419
15790935,0.0329,products_number,2.0,-1.2106,gender_Female,1.0,0.1496
15790958,0.0165,products_number,2.0,-1.4701,estimated_salary,35884.91,0.0642
15791006,0.4526,age,35.0,-1.0063,products_number,1.0,0.4997
15791030,0.0486,age,34.0,-1.534,active_member,0.0,0.2801
15791040,0.1865,active_member,1.0,-1.1861,age,59.0,1.466
15791045,0.1658,age,40.0,-0.4878,gender_Female,1.0,0.2204
15791111,0.4818,products_number,2.0,-0.9807,age,49.0,1.1867
15791114,0.112,age,38.0,-0.9702,active_member,0.0,0.3466
15791131,0.2067,age,31.0,-1.3533,active_member,0.0,0.3718
15791172,0.3157,age,22.0,-1.5602,active_member,0.0,0.4217
15791191,0.2399,active_member,1.0,-1.0389,age,61.0,0.8067
15791268,0.1544,age,39.0,-0.9611,active_member,0.0,0.3752
15791302,0.0132,age,34.0,-1.2807,active_member,0.0,0.2968
15791304,0.0839,age,26.0,-1.3463,products_number,1.0,0.3088
15791316,0.0206,products_number,2.0,-1.364,balance,0.0,0.0346
15791321,0.9426,tenure,4.0,-0.1088,age,59.0,1.8548
15791326,0.1934,age,35.0,-1.2697,products_number,1.0,0.5112
15791342,0.0815,age,32.0,-1.0334,products_number,1.0,0.1295
15791452,0.0108,products_number,2.0,-1.4828,active_member,0.0,0.2846
15791501,0.033,products_number,2.0,-1.6446,age,44.0,0.1811
15791535,0.0522,age,29.0,-1.5434,active_member,0.0,0.3456
15791550,0.0433,age,29.0,-1.2491,active_member,0.0,0.284
15791743,0.0363,age,33.0,-1.66,products_number,1.0,0.2639
15791767,0.0535,age,28.0,-1.2902,active_member,0.0,0.3254
15791769,0.2939,age,31.0,-1.2187,active_member,0.0,0.4054
15791836,0.0287,age,30.0,-1.2613,active_member,0.0,0.3292
15791842,0.0999,age,34.0,-1.1766,products_number,1.0,0.1674
15791851,0.2472,age,36.0,-0.8582,balance,185734.75,0.2964
15791877,0.04,products_number,2.0,-1.1279,credit_utilization,0.5603215349867744,0.1545
15791925,0.0319,age,30.0,-1.3954,products_number,1.0,0.113
15791972,0.0367,age,22.0,-1.2959,active_member,0.0,0.2863
15791988,0.0226,active_member,1.0,-1.3732,age,69.0,0.2718
15791991,0.5729,active_member,1.0,-0.7061,age,53.0,1.5658
15792004,0.0367,age,27.0,-1.3409,active_member,0.0,0.3003
15792008,0.027,products_number,2.0,-1.2853,gender_Female,1.0,0.2044
15792029,0.0405,products_number,2.0,-1.196,active_member,0.0,0.3072
15792077,0.1622,age,29.0,-1.2413,active_member,0.0,0.3657
15792102,0.2628,estimated_salary,199316.19,-0.5505,active_member,0.0,0.2666
15792107,0.2337,age,36.0,-0.8199,products_number,1.0,0.443
15792151,0.0454,products_number,2.0,-1.3576,active_member,0.0,0.2715
15792176,0.2264,active_member,1.0,-0.4571,gender_Female,1.0,0.1679
15792180,0.0591,age,24.0,-1.3668,active_member,0.0,0.3375
15792222,0.121,products_number,2.0,-0.948,limite_credito,182953.42,0.2959
15792232,0.1127,products_number,2.0,-1.4258,active_member,0.0,0.3678
15792250,0.7179,active_member,1.0,-0.5161,age,46.0,0.6721
15792329,0.1161,products_number,2.0,-1.1949,limite_credito,287240.5,0.3545
15792360,0.0052,products_number,2.0,-1.2576,credit_utilization,,0.0262
15792365,0.1371,products_number,2.0,-1.1352,limite_credito,284498.11,0.3847
15792388,0.4444,active_member,1.0,-0.4898,age,49.0,1.2089
15792453,0.2904,active_member,1.0,-0.5343,age,44.0,0.3221
15792489,0.0449,products_number,2.0,-1.6427,active_member,0.0,0.364
15792565,0.122,products_number,2.0,-1.5468,age,48.0,0.8441
15792607,0.0782,products_number,2.0,-1.3568,active_member,0.0,0.2966
15792627,0.0774,age,34.0,-1.0145,gender_Female,1.0,0.2247
15792646,0.248,active_member,1.0,-1.1495,age,66.0,0.6913
15792649,0.0399,products_number,2.0,-1.2904,active_member,0.0,0.3352
15792660,0.2362,age,39.0,-0.8723,active_member,0.0,0.3274
15792679,0.0216,products_number,2.0,-1.209,estimated_salary,119927.81,0.0694
15792720,0.0821,age,35.0,-1.5419,active_member,0.0,0.3206
15792722,0.7581,country_germany,0.0,-0.1539,age,45.0,0.4061
15792726,0.0561,age,26.0,-1.2315,limite_credito,204797.13,0.3172
15792729,0.5358,age,35.0,-0.8569,products_number,1.0,0.4439
15792818,0.4326,age,31.0,-1.1525,products_number,1.0,0.416
15792868,0.5228,products_number,2.0,-1.0741,age,70.0,1.682
15792916,0.1652,active_member,1.0,-0.4745,gender_Female,1.0,0.2339
15792922,0.0955,age,40.0,-0.4678,credit_utilization,1.028231916408174,0.0724
15792934,0.0234,products_number,2.0,-1.2558,active_member,0.0,0.2681
15792989,0.1032,active_member,1.0,-1.0769,products_number,1.0,0.1718
15793042,0.0934,products_number,2.0,-0.9826,limite_credito,355152.22,0.3624
15793046,0.1423,age,36.0,-0.9757,gender_Female,1.0,0.252
15793116,0.3038,estimated_salary,196278.32,-0.7202,products_number,1.0,0.392
15793197,0.2697,age,35.0,-1.1968,active_member,0.0,0.4026
15793247,0.0122,products_number,2.0,-1.278,credit_utilization,,0.0159
15793317,0.1954,age,24.0,-1.3978,active_member,0.0,0.4007
15793324,0.155,age,33.0,-1.4995,products_number,3.0,2.4864
15793331,0.0417,age,33.0,-1.4263,active_member,0.0,0.3045
15793343,0.0321,products_number,2.0,-1.252,estimated_salary,189558.44,0.1354
15793346,0.053,products_number,2.0,-1.1449,gender_Female,1.0,0.1878
15793366,0.0535,products_number,2.0,-0.9246,limite_credito,271113.99,0.3359
15793424,0.0834,age,30.0,-1.374,active_member,0.0,0.2759
15793425,0.1922,age,34.0,-1.0185,products_number,1.0,0.4749
15793491,0.1481,age,27.0,-1.307,active_member,0.0,0.367
15793585,0.0178,products_number,2.0,-1.1931,balance,0.0,0.0219
15793641,0.0848,products_number,2.0,-1.0955,age,71.0,0.2088
15793671,0.1954,age,35.0,-1.2382,products_number,1.0,0.4843
15793693,0.1342,active_member,1.0,-1.1671,age,62.0,0.6606
15793723,0.1337,age,34.0,-1.1086,active_member,0.0,0.4072
15793726,0.046,products_number,2.0,-1.0415,gender_Female,1.0,0.1107
15793803,0.0743,age,36.0,-1.2792,active_member,0.0,0.3513
15793813,0.064,age,37.0,-0.8036,products_number,1.0,0.1886
15793825,0.0384,products_number,2.0,-1.4859,active_member,0.0,0.3773
15793842,0.2169,age,35.0,-1.2515,active_member,0.0,0.3242
15793854,0.1564,active_member,1.0,-0.548,age,44.0,0.4224
15793856,0.1525,products_number,2.0,-0.6698,limite_credito,184957.27,0.3762
15793881,0.1415,age,37.0,-0.6928,gender_Female,1.0,0.1962
15793896,0.0565,cidade_madrid,1.0,-0.5005,products_number,1.0,0.0856
15793901,0.0276,age,28.0,-1.5534,active_member,0.0,0.2266
15794014,0.025,products_number,2.0,-1.2242,active_member,0.0,0.2642
15794101,0.1404,products_number,2.0,-1.545,age,49.0,0.9715
15794122,0.1738,products_number,2.0,-1.1805,age,61.0,1.1266
15794137,0.3524,age,38.0,-0.6928,country_germany,1.0,0.3886
15794159,0.054,age,27.0,-1.5581,products_number,1.0,0.1849
15794178,0.1087,age,35.0,-1.2618,active_member,0.0,0.3641
15794187,0.1496,age,38.0,-0.8852,limite_credito,179092.04,0.3624
15794204,0.0363,age,29.0,-1.2428,credit_score,687.0,0.0906
15794236,0.0296,age,23.0,-1.1076,limite_credito,314682.83,0.1899
15794253,0.0881,age,36.0,-0.9889,limite_credito,397811.63,0.2178
15794257,0.0577,age,35.0,-1.0724,products_number,1.0,0.1046
15794266,0.0817,age,34.0,-1.4182,active_member,0.0,0.3327
15794273,0.5698,active_member,1.0,-0.7927,age,58.0,1.6247
15794276,0.3261,active_member,1.0,-1.0745,age,66.0,0.4984
15794278,0.0954,active_member,1.0,-1.3742,limite_credito,224920.27,0.1594
15794297,0.0254,products_number,2.0,-1.4132,active_member,0.0,0.2935
15794323,0.0638,age,33.0,-1.4782,active_member,0.0,0.347
15794345,0.015,products_number,2.0,-1.4441,balance,0.0,0.0443
15794356,0.1644,products_number,2.0,-1.3752,limite_credito,107686.04,0.3159
15794396,0.2116,age,40.0,-0.5846,products_number,1.0,0.3549
15794413,0.0117,age,33.0,-1.2285,cidade_frankfurt,0.0,0.0081
15794414,0.2217,active_member,1.0,-0.5956,age,47.0,0.7016
15794468,0.1435,products_number,2.0,-1.5423,active_member,0.0,0.3102
15794472,0.0346,age,29.0,-1.4223,active_member,0.0,0.2762
15794479,0.0414,active_member,1.0,-0.9853,limite_credito,250194.94,0.1811
15794493,0.0107,products_number,2.0,-1.296,credit_utilization,,0.04
15794549,0.0595,products_number,2.0,-0.8798,limite_credito,345921.42,0.1561
15794560,0.6159,active_member,1.0,-0.6592,age,58.0,1.6156
15794661,0.0294,products_number,2.0,-1.3009,active_member,0.0,0.3844
15794792,0.0539,age,32.0,-1.303,products_number,1.0,0.2093
15794841,0.1692,age,21.0,-1.4295,active_member,0.0,0.3766
15794849,0.027,age,24.0,-1.403,active_member,0.0,0.333
15794868,0.0503,products_number,2.0,-1.1725,limite_credito,140688.81,0.3008
15794870,0.1264,products_number,2.0,-1.085,active_member,0.0,0.3755
15794874,0.1673,active_member,1.0,-0.5263,products_number,1.0,0.2017
15794875,0.0211,products_number,2.0,-1.4389,estimated_salary,178038.17,0.0204
15794895,0.016,products_number,2.0,-1.2981,credit_score,581.0,0.056
15794916,0.1398,gender_Female,0.0,-0.4716,products_number,1.0,0.1535
15794939,0.0885,active_member,1.0,-0.9253,gender_Female,1.0,0.1981
15794941,0.5477,tenure,1.0,-0.6429,products_number,3.0,1.9553
15795079,0.0197,active_member,1.0,-1.4515,age,69.0,0.1489
15795124,0.5976,active_member,1.0,-0.6128,age,52.0,1.2732
15795129,0.0555,products_number,2.0,-1.289,active_member,0.0,0.3233
15795132,0.1381,age,26.0,-1.5637,active_member,0.0,0.3498
15795149,0.0391,age,30.0,-1.1447,limite_credito,76528.8,0.1846
15795151,0.2086,age,40.0,-0.7733,active_member,0.0,0.3403
15795186,0.1621,age,39.0,-0.9803,products_number,1.0,0.5322
15795228,0.0786,age,38.0,-0.7064,products_number,1.0,0.1112
15795290,0.451,cidade_marseille,1.0,-0.332,active_member,0.0,0.2909
15795298,0.066,products_number,2.0,-1.0952,gender_Female,1.0,0.2026
15795370,0.6127,age,39.0,-0.7014,country_germany,1.0,0.5544
15795429,0.0568,age,26.0,-1.2011,cidade_marseille,1.0,0.2572
15795458,0.2801,active_member,1.0,-0.4926,products_number,1.0,0.4585
15795488,0.4801,products_number,2.0,-1.2334,age,53.0,1.9864
15795511,0.3481,age,41.0,-0.4491,country_germany,1.0,0.4335
15795519,0.2559,age,19.0,-1.2787,products_number,1.0,0.4298
15795527,0.1871,products_number,2.0,-1.0286,limite_credito,245163.92,0.3995
15795540,0.2032,age,37.0,-0.71,products_number,1.0,0.2054
15795564,0.0558,products_number,2.0,-1.0148,limite_credito,334538.61,0.2142
15795571,0.0903,age,38.0,-0.7494,credit_utilization,1.2088933696214466,0.1459
15795586,0.0636,age,36.0,-1.3442,active_member,0.0,0.3071
15795640,0.1317,products_number,2.0,-1.2497,active_member,0.0,0.2915
15795690,0.0571,age,33.0,-1.1936,estimated_salary,189657.26,0.2927
15795737,0.372,products_number,2.0,-0.8852,age,49.0,1.0054
15795738,0.0928,age,32.0,-1.0866,balance,175477.15,0.171
15795747,0.1364,age,40.0,-0.505,gender_Female,1.0,0.1386
15795878,0.034,products_number,2.0,-1.7742,age,47.0,0.5667
15795881,0.077,age,37.0,-0.6809,estimated_salary,148527.56,0.0979
15795895,0.1017,products_number,2.0,-1.1236,active_member,0.0,0.3337
15795933,0.1179,products_number,2.0,-1.5392,age,50.0,1.1138
15795936,0.2472,products_number,2.0,-1.4261,age,52.0,1.3243
15795954,0.0869,age,37.0,-1.0346,active_member,0.0,0.2343
15795963,0.0725,age,35.0,-1.0668,credit_utilization,0.68712057201441,0.1613
15796015,0.5426,active_member,1.0,-0.4614,country_germany,1.0,0.4791
15796071,0.1006,age,31.0,-1.2789,active_member,0.0,0.3721
15796114,0.1458,age,35.0,-1.1759,active_member,0.0,0.3311
15796167,0.0661,products_number,2.0,-1.223,limite_credito,136680.8,0.3216
15796179,0.5891,gender_Female,0.0,-0.3711,products_number,1.0,0.5879
15796218,0.0346,age,31.0,-1.1971,limite_credito,154600.83,0.2456
15796231,0.0191,age,19.0,-1.6264,products_number,1.0,0.176
15796336,0.074,products_number,2.0,-1.3078,gender_Female,1.0,0.2912
15796343,0.068,age,32.0,-1.2814,active_member,0.0,0.2978
15796351,0.0542,products_number,2.0,-1.2157,limite_credito,116285.38,0.2178
15796370,0.0682,active_member,1.0,-0.5229,products_number,1.0,0.0681
15796413,0.0386,products_number,2.0,-1.6938,active_member,0.0,0.2578
15796434,0.0331,age,30.0,-1.3157,products_number,1.0,0.0769
15796480,0.0343,products_number,2.0,-1.2669,gender_Female,1.0,0.1825
15796496,0.154,age,33.0,-1.2433,products_number,1.0,0.3133
15796505,0.0889,age,35.0,-0.9956,cidade_cologne,1.0,0.2061
15796569,0.2693,active_member,1.0,-0.523,age,45.0,0.4602
15796612,0.1262,age,32.0,-1.5087,products_number,1.0,0.2888
15796617,0.0213,products_number,2.0,-1.2375,active_member,0.0,0.3086
15796787,0.4653,gender_Female,0.0,-0.2856,age,47.0,0.6694
15796790,0.727,country_germany,0.0,-0.241,age,48.0,0.8813
15796834,0.0185,products_number,2.0,-1.2461,country_germany,1.0,0.1415
15796838,0.2207,active_member,1.0,-1.17,age,59.0,1.1966
15796958,0.0249,products_number,2.0,-1.4855,active_member,0.0,0.2997
15796969,0.0151,products_number,2.0,-1.1965,credit_utilization,,0.0148
15797010,0.0277,age,32.0,-1.4285,active_member,0.0,0.2898
15797065,0.0238,products_number,2.0,-1.2284,gender_Female,1.0,0.1875
15797113,0.0532,products_number,2.0,-1.3024,active_member,0.0,0.2902
15797149,0.1418,age,38.0,-0.6094,limite_credito,352280.35,0.2464
15797190,0.4801,tenure,7.0,-0.4399,products_number,1.0,0.365
15797194,0.0863,products_number,2.0,-0.9944,active_member,0.0,0.3403
15797197,0.0424,products_number,2.0,-1.3068,active_member,0.0,0.3452
15797204,0.0949,age,29.0,-1.184,limite_credito,289759.4,0.2469
15797227,0.0093,products_number,2.0,-1.1927,credit_utilization,,0.0158
15797246,0.0817,products_number,2.0,-1.248,active_member,0.0,0.3415
15797293,0.0446,age,26.0,-1.3684,active_member,0.0,0.2752
15797389,0.0428,age,24.0,-1.2176,country_france,0.0,0.0961
15797502,0.0427,age,26.0,-1.2011,limite_credito,240321.25,0.113
15797595,0.2189,active_member,1.0,-0.4523,gender_Female,1.0,0.2039
15797627,0.1508,active_member,1.0,-1.1126,age,56.0,1.4108
15797665,0.0316,age,29.0,-1.3328,active_member,0.0,0.263
15797686,0.068,age,39.0,-0.5751,products_number,1.0,0.1241
15797692,0.1003,age,35.0,-1.2982,active_member,0.0,0.3362
15797710,0.104,age,31.0,-1.3931,country_germany,1.0,0.2531
15797736,0.0457,age,30.0,-1.2948,credit_utilization,0.5531754938926607,0.0785
15797748,0.0235,products_number,2.0,-1.7542,age,46.0,0.4267
15797760,0.2426,products_number,2.0,-0.9067,limite_credito,578918.13,0.5238
15797787,0.1263,age,37.0,-1.0898,active_member,0.0,0.2976
15797822,0.0418,age,29.0,-1.2444,products_number,1.0,0.0691
15797910,0.6584,active_member,1.0,-0.6542,age,53.0,1.4191
15797919,0.154,age,38.0,-0.8884,limite_credito,74150.09,0.338
15797960,0.8698,tenure,0.0,-0.3881,age,61.0,1.7068
15797964,0.1136,age,30.0,-1.4963,products_number,1.0,0.3198
15798024,0.0787,age,86.0,-0.9681,products_number,1.0,0.2032
15798053,0.0146,age,33.0,-1.3826,active_member,0.0,0.3366
15798084,0.0194,age,27.0,-1.3691,active_member,0.0,0.3011
15798200,0.3168,age,36.0,-1.3055,products_number,3.0,2.7385
15798310,0.0673,age,36.0,-1.0143,products_number,1.0,0.146
15798341,0.2384,age,40.0,-0.4294,products_number,1.0,0.5369
15798348,0.4106,active_member,1.0,-0.6765,age,51.0,1.1596
15798385,0.1253,products_number,2.0,-1.4434,age,47.0,0.6354
15798398,0.2615,age,37.0,-0.9349,active_member,0.0,0.2835
15798429,0.0123,products_number,2.0,-1.2363,balance,0.0,0.0417
15798439,0.1014,age,27.0,-1.2473,products_number,1.0,0.4281
15798521,0.0305,products_number,2.0,-1.3588,active_member,0.0,0.3442
15798532,0.0216,age,34.0,-1.0794,limite_credito,80352.43,0.1359
15798605,0.0567,age,28.0,-1.5454,products_number,1.0,0.1493
15798615,0.7353,cidade_nantes,1.0,-0.3225,age,49.0,1.1643
15798666,0.0404,products_number,2.0,-1.3215,gender_Female,1.0,0.3083
15798709,0.0634,age,34.0,-1.0601,country_france,0.0,0.1332
15798737,0.0194,products_number,2.0,-1.3787,active_member,0.0,0.2984
15798749,0.1763,products_number,2.0,-1.3671,active_member,0.0,0.2547
15798824,0.2507,products_number,2.0,-0.7201,limite_credito,265619.47,0.4483
15798834,0.4676,age,34.0,-1.1491,products_number,1.0,0.5389
15798850,0.0159,age,34.0,-1.301,active_member,0.0,0.1793
15798885,0.1747,active_member,1.0,-1.083,age,58.0,1.3961
15798888,0.182,age,33.0,-1.4066,products_number,1.0,0.3514
15798906,0.0402,products_number,2.0,-1.2223,estimated_salary,181964.6,0.3083
15798960,0.0328,age,34.0,-1.2358,limite_credito,286492.01,0.0664
15798964,0.3318,age,34.0,-1.3137,active_member,0.0,0.4341
15799031,0.0251,products_number,2.0,-1.3969,active_member,0.0,0.3507
15799042,0.1576,age,39.0,-0.6501,products_number,1.0,0.5052
15799128,0.1699,age,40.0,-0.481,gender_Female,1.0,0.1845
15799156,0.039,products_number,2.0,-1.311,active_member,0.0,0.3113
15799186,0.0432,products_number,2.0,-1.4046,active_member,0.0,0.2766
15799211,0.1647,age,34.0,-0.9081,gender_Female,1.0,0.239
15799217,0.3362,age,36.0,-0.9591,products_number,1.0,0.4823
15799350,0.1461,active_member,1.0,-0.4098,products_number,1.0,0.1401
15799357,0.1537,age,37.0,-1.0629,active_member,0.0,0.2861
15799384,0.1582,age,35.0,-1.3218,products_number,1.0,0.4659
15799422,0.3324,active_member,1.0,-0.4486,products_number,1.0,0.4873
15799435,0.2103,age,35.0,-1.2379,products_number,1.0,0.4836
15799468,0.2911,age,36.0,-1.0751,active_member,0.0,0.3784
15799479,0.106,age,34.0,-1.0942,products_number,1.0,0.5027
15799480,0.0145,products_number,2.0,-1.1656,credit_score,600.0,0.0617
15799494,0.1404,products_number,2.0,-1.4216,age,46.0,0.4468
15799515,0.4833,cidade_bordeaux,1.0,-0.6941,age,50.0,0.9964
15799534,0.0492,active_member,1.0,-1.0508,limite_credito,98556.53,0.2164
15799600,0.4992,active_member,1.0,-0.5434,age,49.0,1.1033
15799631,0.0095,products_number,2.0,-1.3654,credit_score,585.0,0.0403
15799641,0.0457,products_number,2.0,-1.3569,active_member,0.0,0.3781
15799652,0.1985,products_number,2.0,-0.9118,limite_credito,206691.3,0.3603
15799653,0.0518,age,34.0,-1.2249,limite_credito,210818.21,0.1432
15799710,0.0933,age,38.0,-0.6135,products_number,1.0,0.2334
15799720,0.1799,products_number,2.0,-0.9976,limite_credito,237462.62,0.459
15799785,0.1379,age,31.0,-1.1544,products_number,1.0,0.3747
15799790,0.1135,age,36.0,-1.0516,products_number,1.0,0.4761
15799815,0.1696,age,25.0,-1.2571,products_number,1.0,0.2892
15799825,0.0485,products_number,2.0,-1.4816,age,46.0,0.3935
15799924,0.3258,gender_Female,0.0,-0.3435,active_member,0.0,0.3847
15799925,0.0705,active_member,1.0,-1.3981,age,62.0,0.7799
15799932,0.011,products_number,2.0,-1.2027,cidade_paris,1.0,0.0459
15799964,0.3945,age,31.0,-1.2263,products_number,1.0,0.4472
15799998,0.1574,age,32.0,-1.2387,active_member,0.0,0.3495
15800049,0.3818,active_member,1.0,-0.5219,age,45.0,0.4704
15800068,0.0757,products_number,2.0,-1.523,age,48.0,0.6534
15800116,0.1413,age,29.0,-1.4079,country_germany,1.0,0.3346
15800215,0.0294,products_number,2.0,-1.2695,estimated_salary,173948.4,0.2092
15800228,0.1073,products_number,2.0,-1.3639,gender_Female,1.0,0.3285
15800229,0.2339,tenure,7.0,-0.4487,country_germany,1.0,0.5098
15800233,0.0873,products_number,2.0,-1.4034,gender_Female,1.0,0.3122
15800251,0.0683,age,28.0,-1.6643,active_member,0.0,0.3094
15800268,0.2505,age,38.0,-0.6442,country_germany,1.0,0.51
15800295,0.1331,products_number,2.0,-1.2118,active_member,0.0,0.371
15800366,0.0642,age,31.0,-1.1273,products_number,1.0,0.4471
15800412,0.0239,products_number,2.0,-1.0251,country_germany,1.0,0.1171
15800440,0.1372,active_member,1.0,-1.2703,age,63.0,0.8452
15800482,0.0245,products_number,2.0,-1.3232,gender_Female,1.0,0.2865
15800515,0.0884,age,37.0,-0.9975,active_member,0.0,0.3569
15800517,0.0506,age,33.0,-0.9974,limite_credito,336751.62,0.282
15800554,0.0382,products_number,2.0,-1.011,gender_Female,1.0,0.2266
15800620,0.0249,age,30.0,-1.3508,active_member,0.0,0.2274
15800688,0.0829,products_number,2.0,-1.4945,active_member,0.0,0.3115
15800703,0.0757,age,23.0,-1.1069,products_number,1.0,0.2003
15800736,0.1291,estimated_salary,199242.65,-0.5714,age,44.0,0.2617
15800773,0.143,age,29.0,-1.1316,gender_Female,1.0,0.2431
15800793,0.4261,age,40.0,-0.6221,products_number,1.0,0.3914
15800805,0.0877,age,33.0,-1.2535,gender_Female,1.0,0.1871
15800811,0.1285,gender_Female,0.0,-0.5512,products_number,1.0,0.188
15800814,0.0793,age,36.0,-1.1126,limite_credito,109667.62,0.2812
15800845,0.1473,age,35.0,-0.7977,products_number,1.0,0.2277
15800856,0.0859,age,36.0,-0.8779,products_number,1.0,0.1224
15800890,0.0886,products_number,2.0,-1.6539,age,47.0,0.615
15800961,0.0584,products_number,2.0,-1.4767,age,54.0,1.3092
15801062,0.0504,products_number,2.0,-1.3596,gender_Female,1.0,0.2491
15801072,0.0266,age,30.0,-1.4911,active_member,0.0,0.2718
15801125,0.2,age,33.0,-1.5352,products_number,1.0,0.511
15801152,0.2766,products_number,2.0,-0.8501,active_member,0.0,0.3005
15801188,0.6278,active_member,1.0,-0.4522,age,49.0,1.2042
15801247,0.1439,products_number,2.0,-0.7385,active_member,0.0,0.3814
15801256,0.0428,products_number,2.0,-1.6382,age,51.0,1.1459
15801277,0.0545,age,33.0,-1.2992,limite_credito,216460.78,0.1776
15801293,0.0527,age,28.0,-1.335,limite_credito,170085.76,0.2976
15801296,0.0792,products_number,2.0,-1.4172,active_member,0.0,0.2893
15801316,0.1508,active_member,1.0,-1.2288,age,63.0,0.5844
15801351,0.0419,products_number,2.0,-1.4886,active_member,0.0,0.3764
15801395,0.0541,age,35.0,-1.2438,gender_Female,1.0,0.2598
15801417,0.1451,age,39.0,-0.6095,products_number,1.0,0.1335
15801431,0.562,active_member,1.0,-0.6208,age,50.0,1.1328
15801441,0.1853,age,36.0,-0.8866,products_number,1.0,0.3661
15801462,0.0205,age,33.0,-1.1278,limite_credito,98138.3,0.2124
15801466,0.1325,products_number,2.0,-0.8936,active_member,0.0,0.2806
15801473,0.0914,age,34.0,-1.2253,active_member,0.0,0.3566
15801488,0.0124,products_number,2.0,-1.2949,credit_score,723.0,0.0193
15801548,0.0315,age,33.0,-1.4983,limite_credito,244781.05,0.2554
15801605,0.0295,products_number,2.0,-1.314,gender_Female,1.0,0.1326
15801630,0.0397,products_number,2.0,-1.558,active_member,0.0,0.3276
15801658,0.4411,active_member,1.0,-0.9149,age,57.0,1.5532
15801699,0.0245,products_number,2.0,-1.6247,age,45.0,0.3574
15801701,0.0169,products_number,2.0,-1.265,cidade_zaragoza,1.0,0.035
15801767,0.1264,products_number,2.0,-1.3287,gender_Female,1.0,0.3989
15801788,0.3542,age,31.0,-1.2828,products_number,1.0,0.4021
15801817,0.1379,age,40.0,-0.493,gender_Female,1.0,0.2378
15801821,0.0187,products_number,2.0,-1.4045,active_member,0.0,0.2113
15801863,0.0258,age,33.0,-1.3484,gender_Female,1.0,0.1596
15801915,0.1293,age,33.0,-1.6451,active_member,0.0,0.3524
15801920,0.1247,products_number,2.0,-1.1659,active_member,0.0,0.3212
15801924,0.0368,age,28.0,-1.4593,active_member,0.0,0.3217
15801934,0.0082,active_member,1.0,-1.3562,age,68.0,0.2887
15801994,0.0133,age,33.0,-1.3725,active_member,0.0,0.2906
15802009,0.023,products_number,2.0,-1.2397,gender_Female,1.0,0.1269
15802060,0.0835,age,31.0,-1.3382,active_member,0.0,0.3192
15802088,0.1294,age,23.0,-1.2421,products_number,1.0,0.4256
15802106,0.0693,age,36.0,-1.3037,active_member,0.0,0.3086
15802118,0.1267,active_member,1.0,-0.5146,age,43.0,0.1525
15802207,0.1567,products_number,2.0,-1.4203,limite_credito,225743.7,0.3359
15802220,0.1466,age,37.0,-0.914,active_member,0.0,0.3212
15802256,0.0387,age,30.0,-1.3336,limite_credito,273807.04,0.3214
15802274,0.6529,tenure,7.0,-0.3494,age,45.0,0.3476
15802351,0.0564,products_number,2.0,-1.1629,country_germany,1.0,0.1143
15802362,0.0431,products_number,2.0,-1.5011,age,47.0,0.5906
15802368,0.6109,active_member,1.0,-0.4668,age,49.0,1.1337
15802381,0.1768,age,36.0,-0.9155,products_number,1.0,0.3152
15802390,0.0536,products_number,2.0,-1.195,gender_Female,1.0,0.2655
15802466,0.1123,products_number,2.0,-1.4741,age,54.0,1.4232
15802478,0.0096,products_number,2.0,-1.3794,credit_utilization,,0.018
15802483,0.0542,age,35.0,-0.87,limite_credito,128019.38,0.2371
15802486,0.025,products_number,2.0,-1.2609,balance,-0.0,0.0965
15802501,0.1648,age,34.0,-1.1554,active_member,0.0,0.3751
15802560,0.3249,active_member,1.0,-0.6143,age,49.0,0.9576
15802570,0.0794,products_number,2.0,-1.542,age,47.0,0.6704
15802585,0.1603,active_member,1.0,-0.4328,age,43.0,0.2447
15802617,0.1399,products_number,2.0,-1.5231,active_member,0.0,0.2181
15802625,0.4379,active_member,1.0,-0.5943,age,49.0,1.175
15802809,0.1085,age,38.0,-0.7259,gender_Female,1.0,0.1911
15802823,0.0704,products_number,2.0,-1.2268,gender_Female,1.0,0.3457
15802857,0.1238,age,35.0,-0.8082,gender_Female,1.0,0.2667
15802869,0.4583,products_number,2.0,-1.0733,age,47.0,0.8005
15802909,0.7338,active_member,1.0,-0.7172,age,57.0,1.4149
15803005,0.563,active_member,1.0,-0.8196,age,58.0,1.4588
15803032,0.3528,age,40.0,-0.6454,country_germany,1.0,0.4062
15803078,0.0547,products_number,2.0,-1.3312,active_member,0.0,0.2943
15803136,0.2592,products_number,2.0,-1.2535,active_member,0.0,0.2531
15803337,0.0641,age,24.0,-1.4666,active_member,0.0,0.3343
15803352,0.0458,products_number,2.0,-1.0598,limite_credito,314810.11,0.183
15803365,0.2962,active_member,1.0,-1.0451,age,57.0,1.4168
15803378,0.0207,products_number,2.0,-1.6865,age,45.0,0.3874
15803406,0.064,age,27.0,-1.514,gender_Female,1.0,0.1848
15803415,0.2019,products_number,2.0,-0.9668,limite_credito,471511.72,0.3052
15803479,0.0393,active_member,1.0,-1.2505,gender_Female,1.0,0.2675
15803526,0.1226,age,32.0,-1.0952,products_number,1.0,0.2967
15803633,0.2179,products_number,2.0,-1.5458,age,48.0,0.8057
15803654,0.0582,age,33.0,-1.4335,products_number,1.0,0.2686
15803681,0.0331,products_number,2.0,-1.2886,gender_Female,1.0,0.2072
15803682,0.0857,products_number,2.0,-1.0755,limite_credito,250538.15,0.2214
15803685,0.055,active_member,1.0,-0.9007,gender_Female,1.0,0.2589
15803716,0.0107,products_number,2.0,-1.3045,credit_utilization,,0.0127
15803764,0.0104,age,30.0,-1.3361,active_member,0.0,0.3069
15803790,0.0612,products_number,2.0,-1.114,limite_credito,106725.2,0.2352
15803801,0.0201,products_number,2.0,-1.3835,active_member,0.0,0.2431
15803804,0.6169,age,37.0,-0.7976,products_number,1.0,0.4536
15803840,0.0595,age,33.0,-1.4169,active_member,0.0,0.2803
15803842,0.3484,products_number,2.0,-1.1716,age,46.0,0.6552
15803886,0.0428,age,33.0,-1.1784,credit_utilization,0.8648487708746674,0.0922
15803908,0.0251,products_number,2.0,-1.7221,age,46.0,0.4236
15803941,0.4309,tenure,10.0,-0.5199,age,47.0,0.735
15803965,0.2538,active_member,1.0,-1.04,age,56.0,1.6282
15803976,0.0275,age,33.0,-1.535,active_member,0.0,0.284
15804002,0.0479,age,35.0,-1.3236,products_number,1.0,0.2821
15804009,0.0859,products_number,2.0,-1.0694,limite_credito,197166.07,0.4043
15804017,0.4446,age,34.0,-1.3254,products_number,1.0,0.3901
15804052,0.017,products_number,2.0,-1.2737,credit_utilization,,0.0147
15804064,0.0846,age,36.0,-1.1039,products_number,1.0,0.1646
15804072,0.0891,products_number,2.0,-1.4233,active_member,0.0,0.321
15804075,0.4804,age,37.0,-0.7931,active_member,0.0,0.3698
15804104,0.0361,age,29.0,-1.0741,limite_credito,191788.95,0.3023
15804150,0.0188,products_number,2.0,-1.3149,estimated_salary,158816.03,0.0644
15804201,0.4364,active_member,1.0,-0.4485,products_number,1.0,0.4557
15804211,0.0476,age,37.0,-0.7773,products_number,1.0,0.1852
15804235,0.0693,products_number,2.0,-0.8773,limite_credito,131394.33,0.2497
15804256,0.0443,products_number,2.0,-1.1531,limite_credito,127700.61,0.2651
15804295,0.1073,products_number,2.0,-1.0824,limite_credito,84784.33,0.2832
15804357,0.3297,active_member,1.0,-0.4005,products_number,1.0,0.5735
15804516,0.2202,age,39.0,-0.873,products_number,1.0,0.4903
15804602,0.045,age,32.0,-1.1419,active_member,0.0,0.3079
15804610,0.0412,products_number,2.0,-1.4199,gender_Female,1.0,0.2529
15804721,0.5368,cidade_paris,1.0,-0.3513,age,50.0,1.0878
15804771,0.6776,active_member,1.0,-0.7626,age,53.0,1.4692
15804787,0.0325,age,76.0,-1.0669,products_number,1.0,0.1607
15804814,0.038,products_number,2.0,-1.6256,active_member,0.0,0.3282
15804822,0.0537,age,33.0,-1.3983,active_member,0.0,0.314
15804862,0.6319,gender_Female,0.0,-0.2429,products_number,1.0,0.3744
15804864,0.0641,age,29.0,-1.303,products_number,1.0,0.2107
15804937,0.195,products_number,2.0,-1.4863,age,52.0,1.2859
15804950,0.0466,products_number,2.0,-1.4627,gender_Female,1.0,0.3232
15805025,0.4196,tenure,7.0,-0.4385,age,46.0,0.6305
15805062,0.06,age,39.0,-0.6321,products_number,1.0,0.1316
15805104,0.0415,products_number,2.0,-1.0483,gender_Female,1.0,0.2165
15805112,0.0729,age,40.0,-0.7139,active_member,0.0,0.1792
15805151,0.0386,age,33.0,-1.2859,limite_credito,82439.32,0.1595
15805162,0.0218,products_number,2.0,-1.2314,estimated_salary,184221.11,0.2313
15805212,0.0651,active_member,1.0,-1.1995,age,69.0,0.2705
15805254,0.0256,active_member,1.0,-0.9377,gender_Female,1.0,0.2559
15805261,0.0132,products_number,2.0,-1.3414,estimated_salary,152097.02,0.0933
15805312,0.1934,active_member,1.0,-0.607,age,46.0,0.6179
15805413,0.103,age,32.0,-1.18,active_member,0.0,0.2892
15805429,0.7109,active_member,1.0,-0.9294,age,60.0,1.1286
15805449,0.035,products_number,2.0,-1.463,active_member,0.0,0.3129
15805463,0.0447,age,34.0,-1.0982,limite_credito,208837.52,0.2056
15805523,0.0279,age,29.0,-1.7018,products_number,1.0,0.1868
15805565,0.2351,age,31.0,-1.3514,active_member,0.0,0.4178
15805627,0.0203,products_number,2.0,-1.4639,balance,0.0,0.0427
15805671,0.0735,age,33.0,-1.327,products_number,1.0,0.4347
15805676,0.1096,age,30.0,-1.2357,active_member,0.0,0.3352
15805681,0.2457,gender_Female,0.0,-0.4364,products_number,1.0,0.5608
15805764,0.0131,products_number,2.0,-1.1371,balance,0.0,0.1181
15805769,0.0247,products_number,2.0,-1.3696,active_member,0.0,0.3441
15805884,0.1719,products_number,2.0,-1.426,active_member,0.0,0.3544
15805909,0.0642,age,29.0,-1.2885,active_member,0.0,0.3888
15806049,0.8977,tenure,5.0,-0.2203,age,51.0,1.402
15806081,0.5755,products_number,2.0,-1.1321,age,50.0,1.2908
15806132,0.3986,active_member,1.0,-0.8774,age,57.0,1.5671
15806134,0.0916,products_number,2.0,-1.1759,active_member,0.0,0.351
15806184,0.0132,products_number,2.0,-1.3337,credit_utilization,,0.0126
15806210,0.0531,active_member,1.0,-1.4439,limite_credito,104896.0,0.2305
15806249,0.0265,products_number,2.0,-1.2801,gender_Female,1.0,0.2089
15806284,0.0169,products_number,2.0,-1.2555,cidade_zaragoza,1.0,0.0751
15806307,0.0149,products_number,2.0,-1.4126,balance,0.0,0.0425
15806327,0.1356,products_number,2.0,-1.0092,active_member,0.0,0.2604
15806332,0.0805,products_number,2.0,-1.3919,gender_Female,1.0,0.2995
15806360,0.42,gender_Female,0.0,-0.3736,products_number,1.0,0.5777
15806403,0.0187,products_number,2.0,-1.3206,active_member,0.0,0.2082
15806420,0.028,products_number,2.0,-1.3022,active_member,0.0,0.3359
15806447,0.0307,age,33.0,-1.2466,credit_utilization,0.5589094604930899,0.1286
15806455,0.0115,products_number,2.0,-1.2286,credit_score,611.0,0.068
15806486,0.3615,products_number,2.0,-1.4051,age,50.0,1.4091
15806511,0.0229,products_number,2.0,-1.5473,age,47.0,0.5904
15806546,0.7721,gender_Female,0.0,-0.2798,age,48.0,0.849
15806709,0.2375,age,34.0,-1.4584,active_member,0.0,0.4264
15806796,0.1769,age,34.0,-1.3177,products_number,1.0,0.25
15806822,0.0869,products_number,2.0,-1.2511,active_member,0.0,0.3002
15806837,0.2193,age,39.0,-0.894,products_number,1.0,0.529
15806913,0.4604,active_member,1.0,-0.7874,age,56.0,1.5581
15806918,0.073,age,29.0,-1.2718,products_number,1.0,0.4342
15806922,0.3013,active_member,1.0,-0.4928,age,43.0,0.154
15806926,0.0471,age,36.0,-1.0668,gender_Female,1.0,0.1647
15806941,0.0394,active_member,1.0,-1.3158,age,61.0,0.723
15806945,0.0662,age,31.0,-1.3109,products_number,1.0,0.2668
15806964,0.1276,active_member,1.0,-0.5772,age,46.0,0.585
15806967,0.1304,active_member,1.0,-1.1873,products_number,1.0,0.2862
15806983,0.5318,gender_Female,0.0,-0.281,age,45.0,0.4693
15807003,0.0969,age,34.0,-1.3683,active_member,0.0,0.3076
15807045,0.5376,age,39.0,-0.7174,products_number,1.0,0.4357
15807107,0.0947,age,33.0,-1.5411,active_member,0.0,0.3117
15807167,0.0727,products_number,2.0,-1.0845,limite_credito,353530.15,0.3677
15807194,0.0617,age,35.0,-1.0579,active_member,0.0,0.3472
15807221,0.0204,age,23.0,-1.2693,active_member,0.0,0.3327
15807239,0.1317,age,36.0,-1.2275,active_member,0.0,0.315
15807245,0.1864,products_number,2.0,-1.1894,active_member,0.0,0.2629
15807294,0.0721,age,32.0,-0.9842,gender_Female,1.0,0.1395
15807305,0.2886,age,41.0,-0.4212,products_number,1.0,0.5247
15807312,0.0148,products_number,2.0,-1.1986,credit_score,602.0,0.0776
15807335,0.2578,active_member,1.0,-1.1977,age,65.0,0.6337
15807340,0.1754,age,34.0,-1.1804,active_member,0.0,0.3555
15807432,0.0711,products_number,2.0,-1.254,gender_Female,1.0,0.2193
15807433,0.0819,products_number,2.0,-1.4872,age,45.0,0.4913
15807457,0.093,products_number,2.0,-1.2587,active_member,0.0,0.3022
15807473,0.0074,products_number,2.0,-1.5167,balance,0.0,0.0581
15807481,0.5616,active_member,1.0,-0.5201,age,47.0,0.9705
15807524,0.1701,products_number,2.0,-1.4943,active_member,0.0,0.3185
15807546,0.0443,products_number,2.0,-1.3219,gender_Female,1.0,0.2423
15807555,0.0969,products_number,2.0,-1.6767,active_member,0.0,0.4426
15807568,0.238,products_number,2.0,-1.4439,age,52.0,1.4946
15807593,0.2222,age,37.0,-0.9028,active_member,0.0,0.3368
15807595,0.4258,products_number,2.0,-1.2132,age,52.0,1.2823
15807709,0.4708,active_member,1.0,-0.6881,age,57.0,1.3424
15807837,0.1117,age,32.0,-1.1011,gender_Female,1.0,0.2333
15807909,0.2508,products_number,2.0,-1.5242,age,49.0,1.0853
15807961,0.1173,age,26.0,-1.5358,products_number,1.0,0.4622
15807989,0.029,products_number,2.0,-1.2422,limite_credito,46254.23,0.1857
15808017,0.0808,products_number,2.0,-0.8365,limite_credito,78413.18,0.238
15808023,0.1251,age,31.0,-1.0946,gender_Female,1.0,0.2194
15808182,0.1418,age,38.0,-0.8897,active_member,0.0,0.2775
15808189,0.03,products_number,2.0,-1.6007,age,53.0,1.2358
15808223,0.1028,active_member,1.0,-0.4944,products_number,1.0,0.108
15808228,0.2443,active_member,1.0,-0.4786,age,46.0,0.3717
15808283,0.3808,age,34.0,-1.2659,products_number,1.0,0.5181
15808334,0.0715,products_number,2.0,-1.0744,gender_Female,1.0,0.1941
15808389,0.0966,age,80.0,-1.1737,products_number,1.0,0.3557
15808473,0.0372,products_number,2.0,-1.206,age,73.0,0.2576
15808566,0.0471,products_number,2.0,-1.7316,age,48.0,0.7139
15808582,0.4451,active_member,1.0,-0.3966,products_number,1.0,0.5381
15808621,0.0279,products_number,2.0,-1.2969,limite_credito,50166.66,0.1514
15808662,0.055,products_number,2.0,-1.7614,active_member,0.0,0.3142
15808689,0.0406,products_number,2.0,-1.2211,gender_Female,1.0,0.2039
15808780,0.0437,products_number,2.0,-1.2101,active_member,0.0,0.267
15808784,0.0333,age,29.0,-1.0609,limite_credito,114077.19,0.303
15808831,0.034,products_number,2.0,-1.2395,cidade_marseille,1.0,0.1753
15808846,0.0378,age,23.0,-1.1954,limite_credito,137144.57,0.2219
15808849,0.2365,gender_Female,0.0,-0.3971,products_number,1.0,0.1736
15808851,0.1729,age,76.0,-1.1255,country_germany,1.0,0.287
15808905,0.1308,age,38.0,-0.6651,balance,164858.18,0.183
15808930,0.1971,age,39.0,-0.864,products_number,1.0,0.5035
15808960,0.201,products_number,2.0,-1.2674,active_member,0.0,0.3631
15808971,0.1665,products_number,2.0,-1.2833,age,58.0,1.3663
15809006,0.0285,age,24.0,-1.5519,active_member,0.0,0.2925
15809057,0.0474,products_number,2.0,-1.2032,gender_Female,1.0,0.2289
15809124,0.1005,age,39.0,-0.6359,credit_utilization,0.8989703384234826,0.1273
15809143,0.0805,age,34.0,-1.3116,country_germany,1.0,0.3439
15809227,0.0128,products_number,2.0,-1.2341,balance,0.0,0.0256
15809248,0.0671,products_number,2.0,-1.2069,active_member,0.0,0.3283
15809265,0.2526,age,37.0,-0.8106,products_number,1.0,0.4931
15809279,0.2958,active_member,1.0,-0.5417,age,46.0,0.6542
15809302,0.009,products_number,2.0,-1.2083,credit_utilization,,0.0161
15809309,0.1729,active_member,1.0,-0.4148,gender_Female,1.0,0.1071
15809347,0.4224,age,34.0,-1.1432,active_member,0.0,0.4448
15809462,0.0203,products_number,2.0,-1.2446,credit_utilization,,0.0219
15809509,0.059,age,30.0,-1.3674,products_number,1.0,0.1364
15809515,0.2401,age,34.0,-1.4449,country_germany,1.0,0.4372
15809558,0.1191,age,33.0,-1.1544,products_number,1.0,0.5043
15809585,0.0112,products_number,2.0,-1.4065,active_member,0.0,0.2746
15809616,0.0314,products_number,2.0,-1.2609,active_member,0.0,0.3275
15809654,0.2203,products_number,2.0,-1.0478,age,47.0,0.7311
15809663,0.0719,age,28.0,-1.3984,products_number,1.0,0.1483
15809722,0.2265,products_number,2.0,-0.9069,active_member,0.0,0.2697
15809772,0.6064,cidade_paris,1.0,-0.4797,age,50.0,1.1052
15809777,0.5493,active_member,1.0,-0.6694,age,56.0,1.4797
15809800,0.0381,products_number,2.0,-1.3258,active_member,0.0,0.2654
15809817,0.0645,products_number,2.0,-1.6166,active_member,0.0,0.3831
15809823,0.1667,age,20.0,-1.5727,active_member,0.0,0.3644
15809838,0.0265,products_number,2.0,-1.3072,active_member,0.0,0.3418
15809847,0.072,products_number,2.0,-1.6904,age,47.0,0.4774
15809872,0.0725,age,33.0,-1.5263,active_member,0.0,0.2422
15809901,0.0276,products_number,2.0,-1.3555,active_member,0.0,0.2889
15809906,0.0328,age,27.0,-1.2995,limite_credito,228084.62,0.246
15809909,0.1402,products_number,2.0,-1.3742,age,55.0,1.4339
15809991,0.0685,age,20.0,-1.0563,products_number,1.0,0.1449
15809999,0.239,products_number,2.0,-1.1012,active_member,0.0,0.2714
15810010,0.1817,products_number,2.0,-1.333,active_member,0.0,0.3771
15810167,0.0346,active_member,1.0,-1.0046,products_number,1.0,0.0808
15810203,0.2671,products_number,2.0,-1.2489,active_member,0.0,0.2006
15810227,0.0208,products_number,2.0,-1.2499,balance,0.0,0.0737
15810347,0.0374,products_number,2.0,-1.3018,gender_Female,1.0,0.2792
15810385,0.1123,age,38.0,-0.6069,gender_Female,1.0,0.1513
15810432,0.0132,products_number,2.0,-1.4018,active_member,0.0,0.2827
15810454,0.0678,age,34.0,-1.186,products_number,1.0,0.1089
15810457,0.1224,age,34.0,-1.3095,active_member,0.0,0.2992
15810485,0.489,age,39.0,-0.8556,country_germany,1.0,0.5781
15810563,0.0929,active_member,1.0,-1.2134,age,63.0,0.8507
15810593,0.9806,active_member,1.0,-0.3086,products_number,3.0,3.1705
15810660,0.0604,products_number,2.0,-1.1177,limite_credito,178310.93,0.2968
15810711,0.0857,products_number,2.0,-1.0783,limite_credito,414122.18,0.1953
15810716,0.0742,products_number,2.0,-1.5869,active_member,0.0,0.3485
15810732,0.0946,age,38.0,-0.916,active_member,0.0,0.2786
15810775,0.2182,active_member,1.0,-1.0648,age,54.0,1.5503
15810786,0.0398,active_member,1.0,-1.2769,age,68.0,0.197
15810800,0.2141,age,33.0,-1.128,products_number,1.0,0.4295
15810807,0.0954,products_number,2.0,-1.5467,gender_Female,1.0,0.287
15810834,0.4087,active_member,1.0,-0.8826,age,58.0,1.3008
15810839,0.0686,age,35.0,-1.3316,active_member,0.0,0.2826
15810845,0.0255,products_number,2.0,-1.7045,age,43.0,0.1054
15810864,0.0278,products_number,2.0,-1.1005,gender_Female,1.0,0.1787
15810878,0.2523,age,39.0,-0.6449,gender_Female,1.0,0.2271
15810891,0.0324,age,36.0,-0.9324,limite_credito,73833.72,0.1184
15810898,0.1073,active_member,1.0,-1.23,limite_credito,164134.21,0.1925
15810910,0.0419,products_number,2.0,-1.3505,gender_Female,1.0,0.2505
15810942,0.4782,active_member,1.0,-0.9198,age,62.0,0.7986
15810944,0.0355,products_number,2.0,-1.2011,active_member,0.0,0.2587
15810978,0.0464,products_number,2.0,-1.0104,gender_Female,1.0,0.2255
15810995,0.3617,age,35.0,-0.84,country_germany,1.0,0.485
15811026,0.1199,products_number,2.0,-1.5877,active_member,0.0,0.2579
15811032,0.5728,active_member,1.0,-0.7934,age,59.0,1.2516
15811036,0.2425,gender_Female,0.0,-0.5174,age,48.0,1.0029
15811127,0.0657,age,36.0,-1.2249,active_member,0.0,0.3905
15811177,0.1339,age,33.0,-1.357,active_member,0.0,0.3144
15811200,0.0387,products_number,2.0,-1.3456,active_member,0.0,0.2652
15811236,0.1576,active_member,1.0,-0.4463,products_number,1.0,0.1101
15811261,0.1856,active_member,1.0,-0.5416,age,44.0,0.3386
15811290,0.2345,products_number,2.0,-1.2285,age,46.0,0.6456
15811314,0.08,products_number,2.0,-1.2858,active_member,0.0,0.3078
15811327,0.2774,active_member,1.0,-1.0609,age,55.0,1.4998
15811343,0.9485,age,36.0,-0.7418,products_number,3.0,3.7981
15811389,0.0635,products_number,2.0,-1.1705,limite_credito,194427.76,0.207
15811490,0.0137,products_number,2.0,-1.2826,credit_utilization,,0.0196
15811589,0.032,products_number,2.0,-1.579,active_member,0.0,0.3315
15811594,0.078,age,30.0,-1.0318,products_number,1.0,0.2523
15811613,0.1757,age,29.0,-1.4127,products_number,1.0,0.522
15811742,0.0399,products_number,2.0,-1.5786,active_member,0.0,0.3294
15811842,0.01,products_number,2.0,-1.1863,credit_score,630.0,0.0622
15811877,0.0578,products_number,2.0,-1.3159,active_member,0.0,0.2823
15811927,0.169,age,39.0,-0.8901,active_member,0.0,0.3042
15811947,0.0262,age,34.0,-1.3263,products_number,1.0,0.15
15811958,0.2232,products_number,2.0,-1.418,age,46.0,0.4296
15811970,0.0397,products_number,2.0,-1.4447,gender_Female,1.0,0.2814
15811978,0.6313,active_member,1.0,-0.5232,age,48.0,0.8523
15811985,0.0661,products_number,2.0,-1.6649,active_member,0.0,0.3499
15812007,0.0151,products_number,2.0,-1.1782,credit_score,670.0,0.0091
15812040,0.1769,age,38.0,-0.9705,active_member,0.0,0.3039
15812071,0.1722,active_member,1.0,-1.0549,age,55.0,1.437
15812184,0.2187,age,32.0,-1.3699,products_number,1.0,0.5128
15812197,0.1245,age,40.0,-0.6525,active_member,0.0,0.2833
15812230,0.5957,tenure,5.0,-0.5596,products_number,3.0,2.2319
15812279,0.0846,age,38.0,-0.8925,active_member,0.0,0.2371
15812324,0.0084,products_number,2.0,-1.2593,estimated_salary,190623.02,0.0827
15812338,0.2959,age,32.0,-1.0552,products_number,1.0,0.5815
15812351,0.2432,age,29.0,-1.41,active_member,0.0,0.3628
15812356,0.1596,products_number,2.0,-1.115,gender_Female,1.0,0.2465
15812365,0.2908,gender_Female,0.0,-0.4138,active_member,0.0,0.3833
15812422,0.0272,products_number,2.0,-1.6442,estimated_salary,102515.42,0.0621
15812470,0.0361,products_number,2.0,-1.3564,age,62.0,0.9177
15812482,0.0761,age,28.0,-1.59,active_member,0.0,0.3647
15812497,0.2381,age,38.0,-0.9673,products_number,1.0,0.3505
15812518,0.1199,age,39.0,-0.6338,products_number,1.0,0.1883
15812534,0.3555,cidade_nantes,1.0,-0.5378,products_number,3.0,2.4292
15812594,0.0129,products_number,2.0,-1.3338,active_member,0.0,0.2781
15812611,0.043,products_number,2.0,-1.2558,gender_Female,1.0,0.2518
15812628,0.5022,age,39.0,-0.8017,country_germany,1.0,0.4267
15812647,0.1525,age,35.0,-1.082,active_member,0.0,0.3546
15812706,0.4169,active_member,1.0,-0.7249,age,51.0,1.2451
15812720,0.0392,products_number,2.0,-1.1718,limite_credito,106160.42,0.2696
15812750,0.0633,age,25.0,-1.2512,products_number,1.0,0.1045
15812766,0.2264,age,42.0,-0.4545,active_member,0.0,0.3112
15812767,0.0174,products_number,2.0,-1.1722,balance,0.0,0.0265
15812832,0.0655,age,35.0,-1.1732,active_member,0.0,0.341
15812850,0.0159,active_member,1.0,-1.3166,age,69.0,0.1405
15812878,0.405,age,38.0,-0.6268,country_germany,1.0,0.4287
15812917,0.0454,age,36.0,-0.8883,limite_credito,326519.51,0.2644
15812918,0.038,age,29.0,-1.6594,active_member,0.0,0.284
15812920,0.3048,balance,90594.55,-0.4437,country_germany,1.0,0.3711
15812945,0.0846,age,30.0,-1.5026,products_number,1.0,0.4644
15812982,0.2599,age,40.0,-0.7643,products_number,1.0,0.4988
15813022,0.2165,products_number,2.0,-1.0831,active_member,0.0,0.7711
15813034,0.123,active_member,1.0,-0.5323,balance,62276.99,0.1702
15813095,0.0245,products_number,2.0,-1.3239,active_member,0.0,0.2787
15813132,0.0884,age,31.0,-1.2278,country_germany,1.0,0.329
15813140,0.0181,products_number,2.0,-1.5522,credit_score,543.0,0.0377
15813144,0.0611,age,28.0,-1.457,active_member,0.0,0.2766
15813163,0.2312,age,38.0,-0.8988,active_member,0.0,0.3544
15813192,0.0258,products_number,2.0,-1.1906,balance,999999.99,0.2399
15813283,0.3326,age,35.0,-1.217,products_number,1.0,0.5433
15813303,0.0406,products_number,2.0,-1.0614,cidade_zaragoza,1.0,0.3327
15813327,0.028,age,22.0,-1.2655,limite_credito,59113.94,0.1758
15813363,0.0275,products_number,2.0,-1.2977,active_member,0.0,0.3256
15813422,0.1344,age,36.0,-1.2107,active_member,0.0,0.3466
15813439,0.0531,age,34.0,-1.7051,active_member,0.0,0.3261
15813444,0.0693,products_number,2.0,-1.382,active_member,0.0,0.3052
15813451,0.0539,age,19.0,-1.0048,limite_credito,144046.72,0.307
15813503,0.0992,age,39.0,-0.8831,limite_credito,217831.11,0.4086
15813504,0.1104,age,26.0,-1.636,products_number,1.0,0.2952
15813532,0.0531,products_number,2.0,-1.327,active_member,0.0,0.3246
15813640,0.0382,products_number,2.0,-1.3705,active_member,0.0,0.2703
15813645,0.3186,age,38.0,-0.6361,balance,53369.13,0.3412
15813660,0.1003,active_member,1.0,-0.477,credit_utilization,0.8601504716859382,0.16
15813681,0.0376,age,26.0,-1.1745,limite_credito,350362.85,0.1816
15813697,0.3465,products_number,2.0,-1.1496,age,45.0,0.6408
15813718,0.0459,products_number,2.0,-1.5778,active_member,0.0,0.3035
15813741,0.0815,age,27.0,-1.2612,credit_utilization,0.8268290916541692,0.0918
15813844,0.0669,products_number,2.0,-0.7823,limite_credito,295332.26,0.3476
15813850,0.4969,active_member,1.0,-0.9185,age,54.0,1.6067
15813862,0.022,active_member,1.0,-1.3702,age,68.0,0.2312
15813871,0.1049,products_number,2.0,-1.7511,age,48.0,0.6089
15813894,0.0223,age,23.0,-1.2559,active_member,0.0,0.3756
15813911,0.4958,age,41.0,-0.3369,products_number,1.0,0.5291
15813916,0.0715,age,32.0,-1.3265,gender_Female,1.0,0.2403
15813917,0.3391,age,33.0,-1.4131,active_member,0.0,0.4315
15814004,0.0179,products_number,2.0,-1.2068,credit_score,589.0,0.0483
15814022,0.0732,age,28.0,-1.7275,active_member,0.0,0.3616
15814032,0.098,age,32.0,-1.3673,active_member,0.0,0.3012
15814033,0.0307,products_number,2.0,-1.3527,active_member,0.0,0.3828
15814035,0.0641,age,30.0,-1.3264,products_number,1.0,0.4283
15814040,0.0654,products_number,2.0,-1.5645,age,46.0,0.4991
15814209,0.0348,age,33.0,-1.6162,active_member,0.0,0.3232
15814236,0.1775,age,39.0,-0.5669,products_number,1.0,0.1565
15814237,0.0653,age,32.0,-1.0205,limite_credito,92624.13,0.1494
15814267,0.0625,age,24.0,-1.2935,credit_utilization,0.5380072265273775,0.1112
15814268,0.3116,age,42.0,-0.3854,active_member,0.0,0.286
15814275,0.0692,age,34.0,-1.1436,limite_credito,444909.55,0.1227
15814331,0.4533,products_number,2.0,-1.2466,gender_Female,1.0,0.2481
15814465,0.104,age,25.0,-1.1209,balance,182705.05,0.2421
15814519,0.0501,products_number,2.0,-1.3893,gender_Female,1.0,0.2763
15814536,0.0773,age,39.0,-0.8664,limite_credito,255422.9,0.3712
15814553,0.0437,age,35.0,-1.123,gender_Female,1.0,0.0916
15814750,0.0152,products_number,2.0,-1.3302,estimated_salary,180595.02,0.0891
15814757,0.018,products_number,2.0,-1.3097,estimated_salary,184061.17,0.1293
15814772,0.3973,active_member,1.0,-0.6407,age,50.0,1.2121
15814923,0.0506,age,39.0,-0.5728,limite_credito,376033.95,0.0539
15814940,0.0472,products_number,2.0,-1.2321,gender_Female,1.0,0.2901
15814998,0.0479,products_number,2.0,-1.629,active_member,0.0,0.3017
15815043,0.2577,products_number,2.0,-1.4846,age,51.0,1.452
15815070,0.3066,products_number,2.0,-1.3175,limite_credito,183963.31,0.2603
15815097,0.0619,products_number,2.0,-1.279,active_member,0.0,0.2794
15815125,0.3081,products_number,2.0,-0.9349,age,47.0,0.727
15815131,0.1135,age,37.0,-0.6506,gender_Female,1.0,0.2099
15815236,0.0288,products_number,2.0,-1.2628,active_member,0.0,0.3723
15815259,0.1871,products_number,2.0,-1.401,age,57.0,1.5199
15815295,0.269,age,40.0,-0.6298,active_member,0.0,0.3298
15815364,0.0534,products_number,2.0,-1.1622,gender_Female,1.0,0.2474
15815420,0.2204,active_member,1.0,-0.7423,age,49.0,1.0978
15815443,0.5497,tenure,10.0,-0.5916,age,48.0,0.7326
15815530,0.3283,tenure,10.0,-0.5873,active_member,0.0,0.273
15815534,0.086,age,38.0,-0.728,credit_score,505.0,0.1171
15815552,0.3009,active_member,1.0,-0.4523,age,43.0,0.2862
15815560,0.1336,active_member,1.0,-1.0006,country_germany,1.0,0.2921
15815615,0.0694,age,37.0,-0.7792,estimated_salary,185144.08,0.1783
15815628,0.1946,age,39.0,-0.8295,gender_Female,1.0,0.2456
15815645,0.0539,products_number,2.0,-0.9211,limite_credito,117259.52,0.2838
15815660,0.0846,age,35.0,-1.0774,products_number,1.0,0.1691
15815690,0.2231,active_member,1.0,-0.4625,gender_Female,1.0,0.1427
